Patient_ID,Gender,age,education,currentSmoker,cigsPerDay,BPMeds,prevalentStroke,prevalentHyp,diabetes,totChol,sysBP,diaBP,BMI,heartRate,glucose,ActualOutcome
P00001,Male,39,postgraduate,0,0.0,0.0,no,0,0,195.0,106.0,70.0,26.97,80.0,77.0,No Heart Disease
P00002,Female,46,primaryschool,0,0.0,0.0,no,0,0,250.0,121.0,81.0,28.73,95.0,76.0,No Heart Disease
P00003,Male,48,uneducated,1,20.0,0.0,no,0,0,245.0,127.5,80.0,25.34,75.0,70.0,No Heart Disease
P00004,Female,61,graduate,1,30.0,0.0,no,1,0,225.0,150.0,95.0,28.58,65.0,103.0,Heart Disease
P00005,Female,46,graduate,1,23.0,0.0,no,0,0,285.0,130.0,84.0,23.1,85.0,85.0,No Heart Disease
P00006,Female,43,primaryschool,0,0.0,0.0,no,1,0,228.0,180.0,110.0,30.3,77.0,99.0,No Heart Disease
P00007,Female,63,uneducated,0,0.0,0.0,no,0,0,205.0,138.0,71.0,33.11,60.0,85.0,Heart Disease
P00008,Female,45,primaryschool,1,20.0,0.0,no,0,0,313.0,100.0,71.0,21.68,79.0,78.0,No Heart Disease
P00009,Male,52,uneducated,0,0.0,0.0,no,1,0,260.0,141.5,89.0,26.36,76.0,79.0,No Heart Disease
P00010,Male,43,uneducated,1,30.0,0.0,no,1,0,225.0,162.0,107.0,23.61,93.0,88.0,No Heart Disease
P00011,Female,50,uneducated,0,0.0,0.0,no,0,0,254.0,133.0,76.0,22.91,75.0,76.0,No Heart Disease
P00012,Female,43,primaryschool,0,0.0,0.0,no,0,0,247.0,131.0,88.0,27.64,72.0,61.0,No Heart Disease
P00013,Male,46,uneducated,1,15.0,0.0,no,1,0,294.0,142.0,94.0,26.31,98.0,64.0,No Heart Disease
P00014,Female,41,graduate,0,0.0,1.0,no,1,0,332.0,124.0,88.0,31.31,65.0,84.0,No Heart Disease
P00015,Female,39,primaryschool,1,9.0,0.0,no,0,0,226.0,114.0,64.0,22.35,85.0,,No Heart Disease
P00016,Female,38,primaryschool,1,20.0,0.0,no,1,0,221.0,140.0,90.0,21.35,95.0,70.0,Heart Disease
P00017,Male,48,graduate,1,10.0,0.0,no,1,0,232.0,138.0,90.0,22.37,64.0,72.0,No Heart Disease
P00018,Female,46,primaryschool,1,20.0,0.0,no,0,0,291.0,112.0,78.0,23.38,80.0,89.0,Heart Disease
P00019,Female,38,primaryschool,1,5.0,0.0,no,0,0,195.0,122.0,84.5,23.24,75.0,78.0,No Heart Disease
P00020,Male,41,primaryschool,0,0.0,0.0,no,0,0,195.0,139.0,88.0,26.88,85.0,65.0,No Heart Disease
P00021,Female,42,primaryschool,1,30.0,0.0,no,0,0,190.0,108.0,70.5,21.59,72.0,85.0,No Heart Disease
P00022,Female,43,uneducated,0,0.0,0.0,no,0,0,185.0,123.5,77.5,29.89,70.0,,No Heart Disease
P00023,Female,52,uneducated,0,0.0,0.0,no,0,0,234.0,148.0,78.0,34.17,70.0,113.0,No Heart Disease
P00024,Female,52,graduate,1,20.0,0.0,no,0,0,215.0,132.0,82.0,25.11,71.0,75.0,No Heart Disease
P00025,Male,44,primaryschool,1,30.0,0.0,no,1,0,270.0,137.5,90.0,21.96,75.0,83.0,No Heart Disease
P00026,Male,47,postgraduate,1,20.0,0.0,no,0,0,294.0,102.0,68.0,24.18,62.0,66.0,Heart Disease
P00027,Female,60,uneducated,0,0.0,0.0,no,0,0,260.0,110.0,72.5,26.59,65.0,,No Heart Disease
P00028,Male,35,primaryschool,1,20.0,0.0,no,1,0,225.0,132.0,91.0,26.09,73.0,83.0,No Heart Disease
P00029,Female,61,graduate,0,0.0,0.0,no,1,0,272.0,182.0,121.0,32.8,85.0,65.0,Heart Disease
P00030,Female,60,uneducated,0,0.0,0.0,no,0,0,247.0,130.0,88.0,30.36,72.0,74.0,No Heart Disease
P00031,Male,36,postgraduate,1,35.0,0.0,no,0,0,295.0,102.0,68.0,28.15,60.0,63.0,No Heart Disease
P00032,Male,43,postgraduate,1,43.0,0.0,no,0,0,226.0,115.0,85.5,27.57,75.0,75.0,No Heart Disease
P00033,Female,59,uneducated,0,0.0,0.0,no,1,0,209.0,150.0,85.0,20.77,90.0,88.0,Heart Disease
P00034,Male,61,,1,5.0,0.0,no,0,0,175.0,134.0,82.5,18.59,72.0,75.0,Heart Disease
P00035,Male,54,uneducated,1,20.0,0.0,no,1,0,214.0,147.0,74.0,24.71,96.0,87.0,No Heart Disease
P00036,Male,37,primaryschool,0,0.0,0.0,no,1,0,225.0,124.5,92.5,38.53,95.0,83.0,No Heart Disease
P00037,Male,56,,0,0.0,0.0,no,0,0,257.0,153.5,102.0,28.09,72.0,75.0,No Heart Disease
P00038,Male,52,uneducated,0,0.0,0.0,no,1,1,178.0,160.0,98.0,40.11,75.0,225.0,No Heart Disease
P00039,Female,42,uneducated,1,1.0,0.0,no,1,0,233.0,153.0,101.0,28.93,60.0,90.0,No Heart Disease
P00040,Male,36,graduate,0,0.0,0.0,no,0,0,180.0,111.0,73.0,27.78,71.0,80.0,No Heart Disease
P00041,Female,43,primaryschool,1,10.0,0.0,no,0,0,243.0,116.5,80.0,26.87,68.0,78.0,No Heart Disease
P00042,Female,41,primaryschool,1,1.0,0.0,no,0,0,237.0,122.0,78.0,23.28,75.0,74.0,No Heart Disease
P00043,Female,52,uneducated,0,0.0,1.0,no,1,0,,148.0,92.0,25.09,70.0,,Heart Disease
P00044,Male,54,primaryschool,0,0.0,0.0,no,0,0,195.0,132.0,83.5,26.21,75.0,100.0,No Heart Disease
P00045,Female,53,graduate,0,0.0,1.0,no,1,1,311.0,206.0,92.0,21.51,76.0,215.0,Heart Disease
P00046,Female,49,primaryschool,0,0.0,0.0,no,0,0,208.0,96.0,63.0,20.68,65.0,98.0,No Heart Disease
P00047,Female,65,uneducated,0,0.0,0.0,no,1,0,252.0,179.5,114.0,30.47,90.0,87.0,No Heart Disease
P00048,Male,46,uneducated,1,20.0,0.0,no,0,0,261.0,119.0,77.5,23.59,75.0,74.0,No Heart Disease
P00049,Female,63,primaryschool,1,40.0,0.0,no,0,0,179.0,116.0,69.0,22.15,95.0,75.0,Heart Disease
P00050,Male,36,graduate,1,20.0,,no,1,0,194.0,139.0,93.0,24.33,80.0,62.0,No Heart Disease
P00051,Female,63,uneducated,1,3.0,0.0,no,1,0,267.0,156.5,92.5,27.1,60.0,79.0,Heart Disease
P00052,Male,51,postgraduate,0,0.0,0.0,no,0,0,216.0,112.0,66.0,23.47,90.0,95.0,No Heart Disease
P00053,Female,47,primaryschool,1,20.0,0.0,no,0,0,237.0,130.0,78.0,19.66,80.0,75.0,No Heart Disease
P00054,Female,62,uneducated,0,0.0,0.0,no,0,0,240.0,145.0,82.5,28.27,63.0,75.0,No Heart Disease
P00055,Female,39,primaryschool,1,20.0,0.0,no,0,0,209.0,115.0,75.0,22.54,90.0,,No Heart Disease
P00056,Female,46,uneducated,1,10.0,0.0,no,0,0,250.0,116.0,71.0,20.35,88.0,94.0,No Heart Disease
P00057,Female,54,uneducated,1,9.0,0.0,no,0,1,266.0,114.0,76.0,17.61,88.0,55.0,No Heart Disease
P00058,Male,49,uneducated,1,2.0,0.0,no,1,0,255.0,143.5,81.0,25.65,75.0,80.0,No Heart Disease
P00059,Male,44,primaryschool,0,0.0,0.0,no,0,0,185.0,115.0,69.0,22.29,65.0,82.0,No Heart Disease
P00060,Female,40,postgraduate,1,20.0,0.0,no,0,0,205.0,158.0,102.0,25.45,75.0,87.0,Heart Disease
P00061,Male,56,postgraduate,1,20.0,0.0,no,0,0,270.0,121.0,79.0,23.58,95.0,93.0,No Heart Disease
P00062,Female,67,uneducated,0,0.0,0.0,no,1,0,254.0,157.0,89.0,24.25,60.0,74.0,No Heart Disease
P00063,Male,53,uneducated,1,20.0,0.0,no,0,0,220.0,123.5,75.0,19.64,78.0,73.0,No Heart Disease
P00064,Female,57,uneducated,1,3.0,0.0,no,0,0,235.0,126.5,80.0,24.88,83.0,72.0,No Heart Disease
P00065,Male,57,uneducated,0,0.0,0.0,no,0,0,220.0,136.0,84.0,26.84,75.0,64.0,Heart Disease
P00066,Female,63,uneducated,0,0.0,0.0,no,1,0,252.0,154.0,87.0,28.6,72.0,45.0,No Heart Disease
P00067,Female,62,uneducated,0,0.0,0.0,no,1,1,212.0,190.0,99.0,29.64,100.0,202.0,No Heart Disease
P00068,Male,38,uneducated,1,20.0,0.0,no,0,0,223.0,107.0,73.0,23.01,65.0,78.0,No Heart Disease
P00069,Female,47,primaryschool,1,20.0,0.0,no,0,0,300.0,112.5,60.0,20.13,76.0,83.0,No Heart Disease
P00070,Female,52,postgraduate,0,0.0,0.0,no,0,0,302.0,110.0,67.5,23.51,63.0,87.0,No Heart Disease
P00071,Female,63,postgraduate,0,0.0,0.0,no,0,0,248.0,164.5,76.0,29.35,70.0,,No Heart Disease
P00072,Male,42,graduate,1,10.0,0.0,no,0,0,175.0,116.0,72.5,28.61,63.0,95.0,No Heart Disease
P00073,Female,37,,0,0.0,0.0,no,0,0,200.0,119.0,79.0,33.29,67.0,87.0,No Heart Disease
P00074,Female,41,uneducated,1,20.0,0.0,no,1,0,189.0,150.0,106.0,33.8,85.0,75.0,No Heart Disease
P00075,Female,44,primaryschool,1,10.0,0.0,no,0,0,221.0,110.0,76.0,22.16,64.0,83.0,Heart Disease
P00076,Female,59,uneducated,0,0.0,0.0,no,1,0,258.0,138.5,85.0,34.55,65.0,103.0,Heart Disease
P00077,Female,44,uneducated,0,0.0,0.0,no,0,0,202.0,155.0,85.0,24.04,83.0,68.0,No Heart Disease
P00078,Female,44,graduate,1,20.0,,no,0,0,213.0,115.0,72.5,21.16,80.0,89.0,No Heart Disease
P00079,Female,45,uneducated,0,0.0,0.0,no,1,0,183.0,151.0,101.0,45.8,80.0,63.0,No Heart Disease
P00080,Male,41,primaryschool,1,43.0,0.0,no,1,0,274.0,152.0,90.0,30.58,85.0,65.0,No Heart Disease
P00081,Male,60,uneducated,1,20.0,0.0,no,1,0,170.0,179.0,94.0,26.52,90.0,83.0,No Heart Disease
P00082,Male,39,primaryschool,0,0.0,0.0,no,1,0,285.0,155.0,110.0,32.51,84.0,70.0,Heart Disease
P00083,Female,53,primaryschool,0,0.0,0.0,no,0,0,210.0,138.0,86.5,22.49,88.0,87.0,No Heart Disease
P00084,Female,52,uneducated,1,15.0,0.0,no,0,0,170.0,124.0,78.0,26.03,75.0,82.0,No Heart Disease
P00085,Female,61,uneducated,0,0.0,0.0,no,1,0,210.0,182.0,101.0,29.35,70.0,83.0,No Heart Disease
P00086,Female,36,primaryschool,1,15.0,0.0,no,0,0,197.0,113.0,72.5,22.73,70.0,65.0,No Heart Disease
P00087,Female,62,uneducated,0,0.0,0.0,no,0,0,261.0,138.0,82.0,23.89,65.0,77.0,No Heart Disease
P00088,Female,61,primaryschool,1,1.0,0.0,no,1,0,326.0,200.0,104.0,38.46,57.0,78.0,No Heart Disease
P00089,Male,41,postgraduate,1,43.0,0.0,no,0,0,252.0,124.0,86.0,28.56,100.0,70.0,No Heart Disease
P00090,Male,41,primaryschool,0,0.0,0.0,no,0,0,274.0,121.0,61.5,25.42,80.0,76.0,No Heart Disease
P00091,Male,53,uneducated,1,20.0,0.0,no,0,0,188.0,138.0,89.0,18.23,60.0,75.0,No Heart Disease
P00092,Male,39,primaryschool,1,15.0,0.0,no,0,0,256.0,132.5,80.0,24.8,75.0,97.0,No Heart Disease
P00093,Female,51,uneducated,0,0.0,0.0,no,0,0,244.0,102.0,71.5,27.38,71.0,77.0,No Heart Disease
P00094,Female,66,uneducated,0,0.0,0.0,no,1,0,311.0,154.0,80.0,28.55,60.0,104.0,No Heart Disease
P00095,Male,60,postgraduate,1,30.0,0.0,no,0,0,243.0,126.0,79.0,28.57,80.0,65.0,Heart Disease
P00096,Female,65,graduate,0,0.0,0.0,no,0,0,193.0,123.0,76.5,29.33,60.0,96.0,No Heart Disease
P00097,Female,63,postgraduate,1,20.0,0.0,no,0,1,239.0,134.0,80.0,26.64,88.0,126.0,No Heart Disease
P00098,Female,40,primaryschool,0,0.0,0.0,no,0,0,205.0,100.0,60.0,,60.0,72.0,Heart Disease
P00099,Female,56,uneducated,0,0.0,0.0,no,1,0,296.0,180.0,90.0,23.72,75.0,120.0,No Heart Disease
P00100,Female,56,uneducated,1,15.0,0.0,no,0,0,269.0,121.0,75.0,22.36,50.0,66.0,No Heart Disease
P00101,Female,47,primaryschool,1,20.0,0.0,no,0,0,220.0,132.5,87.0,27.98,65.0,75.0,No Heart Disease
P00102,Female,60,graduate,0,0.0,0.0,no,1,0,275.0,141.0,84.0,29.66,75.0,105.0,No Heart Disease
P00103,Female,45,graduate,1,9.0,0.0,no,0,0,268.0,110.0,64.0,20.68,63.0,71.0,No Heart Disease
P00104,Female,48,uneducated,0,0.0,0.0,no,1,0,265.0,145.0,77.0,24.23,74.0,64.0,No Heart Disease
P00105,Female,42,uneducated,1,20.0,0.0,no,0,0,173.0,100.0,63.0,23.25,65.0,99.0,No Heart Disease
P00106,Female,63,uneducated,0,0.0,0.0,no,0,0,273.0,135.0,82.0,26.76,85.0,56.0,No Heart Disease
P00107,Female,42,postgraduate,0,0.0,0.0,no,0,0,250.0,115.0,79.0,26.93,65.0,79.0,No Heart Disease
P00108,Male,40,uneducated,1,43.0,0.0,no,1,0,290.0,138.0,90.0,27.54,85.0,73.0,Heart Disease
P00109,Female,66,uneducated,0,0.0,0.0,no,1,0,278.0,187.0,88.0,40.52,90.0,84.0,Heart Disease
P00110,Male,49,uneducated,1,20.0,0.0,no,0,0,197.0,123.0,69.0,29.62,76.0,60.0,No Heart Disease
P00111,Female,67,uneducated,0,0.0,0.0,no,1,0,264.0,139.0,80.0,25.75,75.0,87.0,No Heart Disease
P00112,Male,51,graduate,0,0.0,0.0,no,1,0,214.0,145.0,92.5,26.09,70.0,,No Heart Disease
P00113,Male,48,postgraduate,0,0.0,0.0,no,0,0,233.0,138.0,88.5,23.62,86.0,68.0,No Heart Disease
P00114,Female,64,uneducated,0,0.0,0.0,no,1,0,282.0,158.0,105.0,24.37,75.0,71.0,No Heart Disease
P00115,Female,41,uneducated,0,0.0,0.0,no,1,0,265.0,136.0,98.0,42.15,90.0,,No Heart Disease
P00116,Male,50,uneducated,0,0.0,0.0,no,1,0,257.0,127.0,82.0,32.23,75.0,117.0,Heart Disease
P00117,Male,60,uneducated,0,0.0,0.0,no,1,0,278.0,160.5,96.0,26.4,55.0,75.0,Heart Disease
P00118,Female,37,primaryschool,1,5.0,0.0,no,0,0,185.0,100.0,68.0,18.38,70.0,72.0,No Heart Disease
P00119,Male,36,postgraduate,0,0.0,0.0,no,0,0,210.0,112.0,85.5,21.93,71.0,77.0,No Heart Disease
P00120,Male,50,graduate,1,40.0,0.0,no,1,0,175.0,157.0,88.0,25.09,88.0,85.0,No Heart Disease
P00121,Female,39,postgraduate,0,0.0,0.0,no,0,0,241.0,105.0,75.0,26.12,68.0,87.0,No Heart Disease
P00122,Female,46,uneducated,1,3.0,0.0,no,0,0,237.0,112.0,70.0,20.2,75.0,62.0,No Heart Disease
P00123,Male,66,graduate,0,0.0,0.0,no,0,0,288.0,109.0,71.0,29.29,80.0,80.0,No Heart Disease
P00124,Female,46,uneducated,0,0.0,0.0,no,1,0,200.0,135.0,97.0,36.81,100.0,97.0,No Heart Disease
P00125,Female,55,primaryschool,0,0.0,0.0,no,1,0,183.0,158.0,86.0,24.45,70.0,102.0,No Heart Disease
P00126,Male,41,primaryschool,0,0.0,0.0,no,0,0,223.0,112.5,80.0,29.44,75.0,58.0,No Heart Disease
P00127,Male,44,primaryschool,0,0.0,0.0,no,0,0,244.0,128.0,77.0,25.95,75.0,90.0,No Heart Disease
P00128,Male,38,postgraduate,0,0.0,0.0,no,0,0,235.0,118.0,77.0,25.87,60.0,82.0,No Heart Disease
P00129,Male,43,uneducated,1,15.0,0.0,no,0,0,210.0,115.0,77.5,25.1,70.0,68.0,No Heart Disease
P00130,Female,41,primaryschool,0,0.0,0.0,no,0,0,213.0,112.0,73.0,24.81,62.0,74.0,No Heart Disease
P00131,Male,53,uneducated,1,30.0,0.0,no,0,0,244.0,106.0,67.5,21.84,88.0,65.0,No Heart Disease
P00132,Male,43,postgraduate,1,,0.0,no,0,0,222.0,109.5,69.0,25.5,75.0,,No Heart Disease
P00133,Male,59,primaryschool,1,30.0,0.0,no,0,0,303.0,134.0,89.0,24.07,78.0,75.0,No Heart Disease
P00134,Female,56,primaryschool,1,20.0,0.0,no,0,0,246.0,128.0,64.0,25.54,92.0,92.0,No Heart Disease
P00135,Female,50,graduate,1,15.0,0.0,no,0,0,150.0,121.0,84.0,28.69,75.0,88.0,No Heart Disease
P00136,Male,46,uneducated,1,30.0,0.0,no,0,0,270.0,131.0,81.0,26.4,75.0,83.0,No Heart Disease
P00137,Female,43,primaryschool,0,0.0,0.0,no,0,0,266.0,131.0,81.0,24.03,100.0,94.0,No Heart Disease
P00138,Male,61,primaryschool,0,0.0,0.0,no,0,0,246.0,124.0,70.0,25.63,55.0,78.0,Heart Disease
P00139,Female,41,graduate,1,30.0,0.0,no,1,0,187.0,154.0,100.0,20.5,66.0,78.0,Heart Disease
P00140,Male,49,postgraduate,1,,0.0,no,0,0,256.0,127.5,81.5,28.21,93.0,85.0,Heart Disease
P00141,Female,55,uneducated,0,0.0,0.0,no,0,0,286.0,138.0,82.0,24.27,80.0,90.0,Heart Disease
P00142,Male,43,uneducated,1,40.0,0.0,no,0,0,240.0,100.0,72.5,24.3,70.0,65.0,No Heart Disease
P00143,Male,40,graduate,0,0.0,0.0,no,0,0,154.0,117.5,72.5,26.82,80.0,87.0,No Heart Disease
P00144,Female,57,uneducated,0,0.0,0.0,no,1,0,266.0,151.0,95.0,38.39,96.0,109.0,Heart Disease
P00145,Female,56,uneducated,1,3.0,0.0,no,1,0,279.0,136.0,94.0,32.99,50.0,102.0,No Heart Disease
P00146,Male,48,postgraduate,0,0.0,0.0,no,1,0,293.0,149.0,100.0,31.61,87.0,76.0,Heart Disease
P00147,Female,59,uneducated,1,1.0,0.0,no,1,0,259.0,141.0,86.0,25.97,70.0,86.0,No Heart Disease
P00148,Female,47,graduate,0,0.0,0.0,no,1,0,219.0,153.0,98.0,22.02,80.0,92.0,No Heart Disease
P00149,Male,64,postgraduate,0,0.0,0.0,no,0,0,210.0,123.0,81.0,26.49,60.0,75.0,Heart Disease
P00150,Female,54,uneducated,0,0.0,0.0,no,1,0,230.0,180.5,106.5,28.92,72.0,64.0,No Heart Disease
P00151,Female,64,uneducated,0,0.0,0.0,no,0,0,320.0,130.0,77.0,26.24,70.0,74.0,No Heart Disease
P00152,Female,61,uneducated,0,0.0,0.0,no,0,0,220.0,142.0,93.0,23.37,80.0,79.0,No Heart Disease
P00153,Female,61,uneducated,0,0.0,0.0,no,0,0,312.0,136.5,76.0,31.13,71.0,85.0,Heart Disease
P00154,Female,66,uneducated,0,0.0,0.0,no,1,0,214.0,212.0,104.0,25.32,57.0,84.0,Heart Disease
P00155,Female,38,graduate,1,3.0,1.0,no,1,0,,125.0,80.0,22.79,98.0,,No Heart Disease
P00156,Male,39,uneducated,1,40.0,0.0,no,0,0,209.0,134.0,82.0,28.34,70.0,75.0,No Heart Disease
P00157,Female,58,primaryschool,0,0.0,0.0,no,1,0,195.0,153.0,80.5,23.36,60.0,73.0,No Heart Disease
P00158,Female,49,uneducated,0,0.0,0.0,no,1,0,265.0,150.0,77.5,21.83,96.0,107.0,No Heart Disease
P00159,Female,49,graduate,0,0.0,1.0,no,1,0,254.0,191.0,124.5,28.35,78.0,54.0,No Heart Disease
P00160,Female,46,graduate,0,0.0,0.0,no,0,0,165.0,108.0,81.0,24.19,80.0,72.0,No Heart Disease
P00161,Female,36,graduate,1,20.0,0.0,no,0,0,159.0,121.5,73.0,20.41,72.0,75.0,No Heart Disease
P00162,Male,41,postgraduate,1,20.0,1.0,no,1,0,244.0,139.0,86.0,30.77,60.0,67.0,No Heart Disease
P00163,Female,47,primaryschool,0,0.0,0.0,no,0,0,174.0,118.0,86.5,26.15,110.0,86.0,No Heart Disease
P00164,Male,57,primaryschool,1,1.0,0.0,no,0,0,242.0,102.0,61.0,23.5,70.0,82.0,No Heart Disease
P00165,Male,50,uneducated,0,0.0,0.0,no,0,0,301.0,117.5,80.0,28.04,60.0,72.0,No Heart Disease
P00166,Female,62,uneducated,0,0.0,0.0,no,1,0,266.0,173.0,89.0,42.0,62.0,75.0,No Heart Disease
P00167,Male,39,primaryschool,0,0.0,0.0,no,0,0,167.0,109.0,78.0,21.19,68.0,71.0,No Heart Disease
P00168,Female,37,postgraduate,1,40.0,0.0,no,0,0,205.0,110.0,78.0,24.43,80.0,75.0,No Heart Disease
P00169,Male,48,uneducated,1,20.0,0.0,no,0,0,210.0,109.0,77.0,24.12,73.0,79.0,Heart Disease
P00170,Female,46,primaryschool,1,20.0,0.0,no,1,0,197.0,144.0,78.0,22.51,72.0,60.0,No Heart Disease
P00171,Female,52,uneducated,0,0.0,0.0,no,0,0,235.0,129.5,83.0,28.86,65.0,79.0,Heart Disease
P00172,Male,38,primaryschool,0,0.0,0.0,no,0,0,220.0,122.0,80.5,21.66,73.0,77.0,No Heart Disease
P00173,Female,50,primaryschool,1,20.0,0.0,no,0,0,265.0,110.0,74.0,25.26,80.0,88.0,No Heart Disease
P00174,Female,39,graduate,1,12.0,0.0,no,0,0,200.0,111.0,64.0,19.24,68.0,60.0,No Heart Disease
P00175,Female,55,uneducated,1,4.0,0.0,no,0,0,308.0,124.0,76.0,27.23,75.0,68.0,No Heart Disease
P00176,Male,62,uneducated,1,20.0,0.0,no,1,0,245.0,158.0,86.5,26.51,90.0,74.0,No Heart Disease
P00177,Female,60,graduate,0,0.0,0.0,no,1,0,325.0,182.0,106.0,27.61,80.0,77.0,Heart Disease
P00178,Female,61,uneducated,1,20.0,0.0,no,0,0,229.0,122.0,83.0,25.45,78.0,61.0,No Heart Disease
P00179,Female,39,uneducated,1,5.0,0.0,no,0,0,236.0,117.5,71.0,27.27,77.0,74.0,No Heart Disease
P00180,Female,42,uneducated,1,15.0,0.0,no,0,0,214.0,110.0,67.0,22.54,80.0,75.0,No Heart Disease
P00181,Female,37,uneducated,0,0.0,0.0,no,0,0,300.0,112.0,60.0,23.67,81.0,75.0,No Heart Disease
P00182,Male,42,graduate,1,10.0,0.0,no,0,0,225.0,128.0,82.0,26.79,70.0,85.0,No Heart Disease
P00183,Male,36,uneducated,1,40.0,0.0,no,0,0,215.0,118.0,76.0,18.99,96.0,97.0,No Heart Disease
P00184,Female,53,uneducated,1,15.0,0.0,no,0,0,225.0,128.0,77.0,23.95,80.0,78.0,No Heart Disease
P00185,Male,67,,0,0.0,0.0,no,0,0,257.0,125.0,67.5,25.95,65.0,69.0,No Heart Disease
P00186,Female,52,primaryschool,0,0.0,0.0,no,1,0,216.0,158.0,98.0,24.53,70.0,86.0,No Heart Disease
P00187,Female,45,postgraduate,1,15.0,0.0,no,0,0,224.0,117.0,74.5,16.75,68.0,87.0,No Heart Disease
P00188,Male,56,uneducated,0,0.0,0.0,no,1,0,215.0,138.0,97.0,30.76,68.0,69.0,Heart Disease
P00189,Male,42,primaryschool,1,20.0,0.0,no,0,0,216.0,125.0,86.5,23.25,65.0,57.0,No Heart Disease
P00190,Female,55,uneducated,0,0.0,0.0,no,0,0,245.0,144.5,83.5,28.96,72.0,65.0,No Heart Disease
P00191,Male,38,primaryschool,1,20.0,0.0,no,1,0,253.0,133.0,92.0,28.82,80.0,63.0,Heart Disease
P00192,Male,56,uneducated,1,30.0,0.0,no,0,0,241.0,109.0,70.0,20.12,62.0,87.0,Heart Disease
P00193,Male,61,uneducated,0,0.0,0.0,no,0,0,235.0,127.0,81.0,28.63,56.0,90.0,No Heart Disease
P00194,Male,45,graduate,1,40.0,,no,0,0,278.0,135.0,84.0,23.79,75.0,79.0,Heart Disease
P00195,Female,42,graduate,0,0.0,0.0,no,0,0,464.0,128.0,87.0,22.9,72.0,72.0,Heart Disease
P00196,Female,49,primaryschool,1,9.0,0.0,no,0,0,226.0,106.0,71.0,22.89,85.0,57.0,No Heart Disease
P00197,Male,48,uneducated,1,10.0,0.0,no,0,0,308.0,117.0,76.0,30.85,65.0,54.0,Heart Disease
P00198,Female,55,primaryschool,1,9.0,0.0,no,0,0,248.0,157.0,82.5,22.91,89.0,83.0,No Heart Disease
P00199,Female,58,primaryschool,1,5.0,0.0,no,0,0,215.0,170.0,86.0,29.06,75.0,98.0,No Heart Disease
P00200,Male,60,uneducated,0,0.0,0.0,no,0,0,240.0,137.0,84.0,29.51,82.0,88.0,No Heart Disease
P00201,Female,38,primaryschool,0,0.0,0.0,no,0,0,171.0,111.0,68.0,18.76,90.0,83.0,No Heart Disease
P00202,Male,53,postgraduate,1,30.0,0.0,no,0,0,189.0,110.0,67.5,23.59,60.0,63.0,No Heart Disease
P00203,Male,52,primaryschool,1,15.0,0.0,no,0,0,240.0,94.0,66.5,22.93,70.0,88.0,No Heart Disease
P00204,Male,41,uneducated,1,40.0,0.0,no,0,0,239.0,119.5,70.0,29.79,70.0,,No Heart Disease
P00205,Female,37,postgraduate,1,20.0,0.0,no,0,0,186.0,135.0,91.0,21.48,66.0,84.0,No Heart Disease
P00206,Male,42,primaryschool,0,0.0,0.0,no,0,0,227.0,144.0,78.0,23.75,62.0,97.0,Heart Disease
P00207,Female,64,uneducated,0,0.0,0.0,no,1,0,273.0,155.0,86.0,27.53,100.0,91.0,No Heart Disease
P00208,Female,56,uneducated,1,20.0,0.0,no,0,0,212.0,117.5,72.5,27.3,75.0,75.0,No Heart Disease
P00209,Female,67,primaryschool,0,0.0,0.0,no,0,0,249.0,128.0,68.0,25.81,70.0,87.0,Heart Disease
P00210,Male,43,primaryschool,1,30.0,0.0,no,0,0,185.0,125.0,65.0,20.65,96.0,76.0,No Heart Disease
P00211,Male,45,postgraduate,1,18.0,0.0,no,0,0,176.0,124.0,84.0,20.27,77.0,75.0,No Heart Disease
P00212,Male,61,uneducated,0,0.0,0.0,no,0,0,239.0,143.0,80.0,25.74,48.0,,No Heart Disease
P00213,Female,66,uneducated,0,0.0,0.0,no,1,0,285.0,166.0,98.0,26.04,95.0,132.0,No Heart Disease
P00214,Female,34,,0,0.0,0.0,no,0,0,163.0,107.0,71.0,23.88,73.0,80.0,No Heart Disease
P00215,Female,52,graduate,0,0.0,0.0,no,0,0,254.0,126.5,93.0,26.79,75.0,65.0,No Heart Disease
P00216,Male,45,uneducated,1,43.0,0.0,no,1,0,191.0,139.5,75.0,22.3,77.0,,No Heart Disease
P00217,Female,43,graduate,0,0.0,0.0,no,0,0,263.0,115.0,82.5,25.91,105.0,,No Heart Disease
P00218,Male,49,uneducated,1,30.0,0.0,no,0,0,237.0,114.0,85.5,28.57,88.0,92.0,No Heart Disease
P00219,Female,57,primaryschool,0,0.0,0.0,no,0,0,175.0,123.0,72.0,22.37,77.0,74.0,No Heart Disease
P00220,Female,48,primaryschool,0,0.0,0.0,no,0,0,196.0,96.0,70.0,22.72,60.0,68.0,No Heart Disease
P00221,Female,36,primaryschool,1,20.0,0.0,no,0,0,150.0,117.5,77.5,23.71,50.0,74.0,No Heart Disease
P00222,Female,38,primaryschool,1,9.0,0.0,no,0,0,180.0,124.0,66.0,29.29,85.0,68.0,No Heart Disease
P00223,Female,60,uneducated,0,0.0,0.0,no,0,0,242.0,130.0,70.0,29.17,65.0,84.0,No Heart Disease
P00224,Female,40,primaryschool,0,0.0,0.0,no,0,0,173.0,106.0,82.0,23.05,85.0,83.0,No Heart Disease
P00225,Female,43,uneducated,0,0.0,0.0,no,0,0,257.0,160.0,85.0,21.95,100.0,84.0,No Heart Disease
P00226,Male,53,primaryschool,0,0.0,0.0,no,0,0,193.0,142.0,89.0,29.56,70.0,78.0,No Heart Disease
P00227,Male,54,uneducated,1,43.0,0.0,no,0,0,243.0,135.0,92.0,31.3,90.0,65.0,Heart Disease
P00228,Male,56,graduate,0,0.0,0.0,no,1,0,239.0,177.5,98.0,29.44,82.0,105.0,Heart Disease
P00229,Female,50,uneducated,0,0.0,0.0,no,0,0,273.0,131.0,93.0,27.61,80.0,94.0,No Heart Disease
P00230,Male,46,postgraduate,0,0.0,0.0,no,1,0,220.0,136.5,99.5,27.78,80.0,70.0,No Heart Disease
P00231,Female,53,uneducated,0,0.0,0.0,no,1,0,303.0,128.0,91.0,27.35,60.0,77.0,Heart Disease
P00232,Female,59,primaryschool,0,0.0,0.0,no,0,0,310.0,129.0,70.0,23.29,80.0,70.0,No Heart Disease
P00233,Male,48,primaryschool,0,0.0,0.0,no,0,0,232.0,112.5,79.0,28.62,85.0,100.0,No Heart Disease
P00234,Female,48,uneducated,0,0.0,0.0,no,0,0,164.0,159.0,90.0,26.73,80.0,63.0,No Heart Disease
P00235,Male,54,uneducated,1,20.0,0.0,no,0,0,245.0,128.0,74.0,24.85,72.0,75.0,Heart Disease
P00236,Female,36,uneducated,1,3.0,0.0,no,0,0,135.0,108.0,74.0,22.53,73.0,75.0,No Heart Disease
P00237,Male,59,postgraduate,1,20.0,0.0,no,1,0,265.0,155.0,85.0,27.06,88.0,75.0,No Heart Disease
P00238,Female,55,uneducated,0,0.0,0.0,no,0,0,291.0,124.0,85.0,26.89,75.0,80.0,No Heart Disease
P00239,Female,55,graduate,1,1.0,0.0,no,0,0,273.0,122.0,84.0,27.15,75.0,97.0,Heart Disease
P00240,Male,40,graduate,1,43.0,0.0,no,0,0,238.0,129.0,88.0,26.32,95.0,60.0,No Heart Disease
P00241,Male,65,postgraduate,0,0.0,0.0,no,0,0,207.0,139.0,88.0,24.04,80.0,73.0,No Heart Disease
P00242,Male,65,uneducated,1,15.0,0.0,no,1,0,219.0,148.0,90.0,29.35,77.0,97.0,Heart Disease
P00243,Female,45,graduate,0,0.0,0.0,no,0,0,246.0,134.0,81.0,21.99,85.0,76.0,No Heart Disease
P00244,Female,40,primaryschool,1,20.0,0.0,no,0,0,197.0,124.0,76.0,18.06,90.0,69.0,No Heart Disease
P00245,Male,63,postgraduate,1,30.0,0.0,no,0,0,260.0,130.5,82.0,20.12,65.0,72.0,No Heart Disease
P00246,Male,46,uneducated,1,30.0,,no,1,0,253.0,147.0,85.0,30.62,100.0,75.0,No Heart Disease
P00247,Female,61,graduate,0,0.0,0.0,no,1,0,189.0,133.0,83.0,22.82,87.0,,Heart Disease
P00248,Female,40,primaryschool,1,20.0,0.0,no,0,1,,114.0,65.0,21.19,61.0,,Heart Disease
P00249,Male,55,primaryschool,1,5.0,0.0,no,0,0,342.0,107.5,73.0,21.97,54.0,74.0,No Heart Disease
P00250,Female,60,uneducated,1,20.0,0.0,no,0,1,180.0,200.0,122.5,44.27,88.0,150.0,No Heart Disease
P00251,Male,38,uneducated,1,20.0,0.0,no,0,0,268.0,117.0,83.0,33.61,72.0,,No Heart Disease
P00252,Female,58,graduate,0,0.0,0.0,no,1,0,287.0,144.0,84.0,21.81,69.0,68.0,No Heart Disease
P00253,Female,39,uneducated,0,0.0,0.0,no,0,0,182.0,109.0,70.0,20.59,72.0,66.0,No Heart Disease
P00254,Male,61,uneducated,0,0.0,0.0,no,0,0,224.0,124.0,74.0,21.9,55.0,75.0,No Heart Disease
P00255,Male,51,postgraduate,1,15.0,0.0,no,0,0,238.0,125.0,80.0,19.36,60.0,66.0,No Heart Disease
P00256,Female,60,uneducated,0,0.0,1.0,yes,1,0,252.0,189.0,110.0,28.77,54.0,70.0,No Heart Disease
P00257,Male,36,postgraduate,0,0.0,0.0,no,1,0,212.0,168.0,98.0,29.77,72.0,75.0,No Heart Disease
P00258,Male,39,uneducated,1,30.0,0.0,no,0,0,300.0,139.0,90.0,30.96,73.0,107.0,No Heart Disease
P00259,Female,42,uneducated,0,0.0,0.0,no,0,0,165.0,108.0,72.5,24.85,82.0,87.0,No Heart Disease
P00260,Female,60,uneducated,0,0.0,0.0,no,1,0,352.0,197.5,105.0,36.29,75.0,95.0,Heart Disease
P00261,Male,52,graduate,0,0.0,0.0,no,1,1,240.0,146.0,89.0,24.59,64.0,73.0,No Heart Disease
P00262,Male,47,uneducated,1,20.0,0.0,no,0,0,284.0,137.0,91.0,27.33,73.0,61.0,No Heart Disease
P00263,Female,46,uneducated,0,0.0,0.0,no,0,0,219.0,150.0,81.0,25.43,69.0,93.0,No Heart Disease
P00264,Male,64,uneducated,0,0.0,0.0,no,1,0,217.0,147.0,87.0,29.73,77.0,,No Heart Disease
P00265,Male,57,uneducated,0,0.0,0.0,no,1,0,176.0,134.0,97.0,38.14,68.0,94.0,No Heart Disease
P00266,Male,45,primaryschool,0,0.0,0.0,no,0,0,203.0,107.5,72.5,22.32,75.0,83.0,No Heart Disease
P00267,Male,45,uneducated,1,9.0,0.0,no,1,0,265.0,156.5,86.0,24.15,75.0,76.0,Heart Disease
P00268,Female,55,uneducated,0,0.0,0.0,no,1,0,219.0,140.0,93.0,27.78,75.0,70.0,No Heart Disease
P00269,Male,41,primaryschool,0,0.0,0.0,no,0,0,245.0,134.0,98.0,24.26,85.0,78.0,No Heart Disease
P00270,Female,50,primaryschool,0,0.0,0.0,no,0,0,312.0,125.0,85.0,27.07,88.0,94.0,No Heart Disease
P00271,Female,54,uneducated,0,0.0,0.0,no,1,0,273.0,139.0,98.0,29.06,110.0,73.0,Heart Disease
P00272,Female,57,primaryschool,1,1.0,0.0,no,1,0,254.0,174.0,84.5,24.22,90.0,76.0,No Heart Disease
P00273,Male,62,postgraduate,0,0.0,0.0,no,0,0,273.0,129.0,83.0,25.49,63.0,70.0,No Heart Disease
P00274,Female,43,postgraduate,0,0.0,0.0,no,0,0,213.0,100.0,70.0,20.06,68.0,,No Heart Disease
P00275,Female,46,uneducated,0,0.0,0.0,no,0,0,254.0,136.0,87.0,31.24,88.0,80.0,No Heart Disease
P00276,Female,53,primaryschool,1,20.0,0.0,no,0,0,262.0,127.5,86.0,24.11,87.0,73.0,No Heart Disease
P00277,Male,52,uneducated,0,0.0,0.0,no,0,0,215.0,129.0,80.0,29.29,70.0,87.0,No Heart Disease
P00278,Female,67,uneducated,0,0.0,0.0,no,1,0,302.0,147.0,92.0,25.23,80.0,87.0,Heart Disease
P00279,Female,42,primaryschool,0,0.0,0.0,no,0,0,185.0,127.5,91.0,23.78,67.0,59.0,No Heart Disease
P00280,Female,45,graduate,0,0.0,0.0,no,0,0,129.0,109.0,69.0,22.36,75.0,,No Heart Disease
P00281,Female,51,primaryschool,0,0.0,0.0,no,0,0,284.0,132.0,78.0,21.94,68.0,94.0,Heart Disease
P00282,Female,60,graduate,0,0.0,0.0,no,0,0,325.0,123.0,79.0,25.82,63.0,85.0,No Heart Disease
P00283,Female,35,primaryschool,0,0.0,0.0,no,0,0,208.0,122.5,72.5,22.0,65.0,,No Heart Disease
P00284,Female,39,postgraduate,0,0.0,0.0,no,0,0,260.0,100.0,74.5,20.51,96.0,66.0,No Heart Disease
P00285,Male,68,uneducated,0,0.0,0.0,no,1,1,164.0,142.0,85.0,30.28,70.0,120.0,Heart Disease
P00286,Female,54,primaryschool,0,0.0,0.0,no,0,0,270.0,98.0,64.0,22.02,67.0,75.0,No Heart Disease
P00287,Female,38,primaryschool,0,0.0,0.0,no,0,0,186.0,105.0,57.0,21.1,85.0,68.0,No Heart Disease
P00288,Male,39,primaryschool,0,0.0,0.0,no,0,0,258.0,105.0,69.0,24.1,52.0,79.0,No Heart Disease
P00289,Female,36,primaryschool,1,5.0,0.0,no,0,0,228.0,111.0,68.0,23.86,88.0,68.0,No Heart Disease
P00290,Male,36,postgraduate,1,30.0,0.0,no,0,0,155.0,126.0,72.0,25.14,50.0,70.0,No Heart Disease
P00291,Female,44,graduate,0,0.0,0.0,no,0,0,270.0,131.5,76.0,22.19,68.0,113.0,No Heart Disease
P00292,Male,48,postgraduate,0,0.0,0.0,no,0,0,323.0,116.0,72.0,26.22,69.0,99.0,No Heart Disease
P00293,Female,54,postgraduate,1,20.0,0.0,no,0,0,242.0,125.0,76.0,22.16,70.0,87.0,No Heart Disease
P00294,Female,45,,1,30.0,0.0,no,0,0,203.0,131.0,85.0,23.47,94.0,70.0,No Heart Disease
P00295,Female,47,uneducated,1,25.0,0.0,no,1,1,258.0,195.0,90.0,,86.0,,Heart Disease
P00296,Male,41,primaryschool,1,40.0,0.0,no,0,0,310.0,117.5,80.0,26.74,80.0,78.0,No Heart Disease
P00297,Male,51,graduate,0,0.0,0.0,no,0,0,245.0,124.0,69.0,21.52,85.0,,No Heart Disease
P00298,Female,34,graduate,1,10.0,0.0,no,0,0,206.0,101.0,63.0,21.5,75.0,66.0,No Heart Disease
P00299,Male,41,primaryschool,0,0.0,0.0,no,0,0,173.0,130.0,80.0,28.39,65.0,61.0,No Heart Disease
P00300,Female,62,primaryschool,0,0.0,1.0,no,1,0,283.0,130.0,80.0,35.2,75.0,83.0,No Heart Disease
P00301,Male,38,uneducated,0,0.0,0.0,no,0,0,319.0,121.0,86.0,29.77,72.0,77.0,No Heart Disease
P00302,Female,48,graduate,0,0.0,0.0,no,0,0,230.0,129.0,84.5,24.73,78.0,,No Heart Disease
P00303,Female,55,uneducated,0,0.0,0.0,no,0,0,220.0,117.5,84.0,26.2,90.0,,No Heart Disease
P00304,Female,55,uneducated,0,0.0,0.0,no,0,0,282.0,158.5,81.0,30.24,54.0,70.0,No Heart Disease
P00305,Female,46,primaryschool,1,20.0,0.0,no,0,0,188.0,97.0,65.0,21.17,68.0,60.0,No Heart Disease
P00306,Male,36,,1,20.0,0.0,no,1,0,304.0,118.0,90.0,32.63,71.0,80.0,Heart Disease
P00307,Female,52,,0,0.0,0.0,no,0,0,268.0,109.0,70.0,23.74,75.0,78.0,No Heart Disease
P00308,Male,49,uneducated,1,20.0,0.0,no,0,0,221.0,101.0,61.0,23.94,75.0,79.0,No Heart Disease
P00309,Female,39,graduate,1,20.0,0.0,no,0,0,269.0,97.0,64.0,23.09,82.0,67.0,No Heart Disease
P00310,Female,54,primaryschool,0,0.0,0.0,no,0,0,288.0,137.5,77.5,22.19,68.0,,No Heart Disease
P00311,Female,47,graduate,0,0.0,0.0,no,0,0,250.0,114.0,77.0,24.16,80.0,93.0,No Heart Disease
P00312,Male,62,uneducated,1,20.0,0.0,no,1,1,194.0,151.5,88.0,21.61,75.0,105.0,Heart Disease
P00313,Male,39,uneducated,1,20.0,0.0,no,0,0,258.0,110.0,65.0,19.97,65.0,85.0,No Heart Disease
P00314,Male,45,uneducated,1,5.0,0.0,no,0,0,272.0,140.0,94.0,27.87,61.0,79.0,No Heart Disease
P00315,Female,39,primaryschool,0,0.0,,no,0,0,242.0,113.0,85.0,25.54,85.0,104.0,No Heart Disease
P00316,Female,46,uneducated,1,30.0,0.0,no,0,0,219.0,107.0,69.0,21.4,66.0,,No Heart Disease
P00317,Female,63,uneducated,1,20.0,0.0,no,0,0,260.0,168.0,98.0,21.05,85.0,73.0,No Heart Disease
P00318,Male,41,primaryschool,0,0.0,0.0,no,1,0,270.0,157.0,101.0,33.11,75.0,75.0,No Heart Disease
P00319,Male,44,graduate,1,15.0,0.0,no,0,0,340.0,125.0,78.0,26.41,56.0,90.0,No Heart Disease
P00320,Female,37,,1,20.0,0.0,no,0,0,223.0,115.0,72.0,22.71,76.0,63.0,No Heart Disease
P00321,Male,44,uneducated,1,20.0,0.0,no,0,0,197.0,118.0,81.0,17.44,70.0,75.0,No Heart Disease
P00322,Male,49,primaryschool,1,40.0,0.0,no,1,0,240.0,148.0,85.0,29.69,65.0,68.0,No Heart Disease
P00323,Female,53,primaryschool,1,20.0,0.0,no,0,0,240.0,131.0,82.0,24.22,66.0,80.0,No Heart Disease
P00324,Female,51,graduate,1,4.0,0.0,no,0,0,220.0,112.0,74.0,31.23,88.0,66.0,No Heart Disease
P00325,Male,43,graduate,0,0.0,0.0,no,0,0,200.0,133.0,78.0,26.72,55.0,71.0,No Heart Disease
P00326,Female,60,graduate,0,0.0,0.0,no,0,0,328.0,127.0,70.0,22.36,75.0,63.0,Heart Disease
P00327,Male,39,primaryschool,1,20.0,0.0,no,0,0,222.0,97.5,57.5,23.22,73.0,64.0,No Heart Disease
P00328,Male,56,uneducated,1,60.0,0.0,no,0,0,246.0,125.0,79.0,29.64,70.0,85.0,No Heart Disease
P00329,Female,59,uneducated,0,0.0,0.0,no,1,0,246.0,189.0,111.0,19.88,90.0,85.0,Heart Disease
P00330,Female,56,uneducated,0,0.0,0.0,no,0,0,280.0,123.0,77.0,27.96,65.0,,No Heart Disease
P00331,Female,43,uneducated,1,1.0,0.0,no,0,0,186.0,120.0,72.0,24.33,80.0,86.0,No Heart Disease
P00332,Female,48,uneducated,1,1.0,0.0,no,0,0,197.0,101.0,67.0,21.35,88.0,100.0,No Heart Disease
P00333,Female,61,uneducated,0,0.0,0.0,no,0,0,311.0,110.0,78.5,29.04,71.0,77.0,No Heart Disease
P00334,Female,55,primaryschool,0,0.0,1.0,no,1,0,368.0,204.0,94.0,25.2,100.0,81.0,No Heart Disease
P00335,Male,39,uneducated,1,20.0,0.0,no,1,0,220.0,145.0,99.0,26.5,73.0,90.0,No Heart Disease
P00336,Female,42,graduate,1,30.0,0.0,no,0,0,218.0,126.0,87.0,22.5,75.0,73.0,No Heart Disease
P00337,Male,51,uneducated,1,30.0,0.0,no,0,0,241.0,126.5,78.5,29.91,85.0,70.0,Heart Disease
P00338,Female,54,uneducated,0,0.0,0.0,no,0,0,219.0,143.5,89.0,28.47,73.0,96.0,No Heart Disease
P00339,Female,52,primaryschool,0,0.0,0.0,no,1,0,225.0,157.5,80.5,24.36,79.0,,No Heart Disease
P00340,Female,64,uneducated,0,0.0,0.0,no,1,0,312.0,160.0,82.0,27.59,140.0,94.0,No Heart Disease
P00341,Female,58,uneducated,0,0.0,0.0,no,1,0,200.0,158.0,101.0,23.06,85.0,77.0,Heart Disease
P00342,Female,42,uneducated,1,20.0,0.0,no,0,0,237.0,105.0,75.0,23.85,70.0,87.0,No Heart Disease
P00343,Female,41,postgraduate,1,15.0,0.0,no,0,0,207.0,111.0,60.0,18.48,60.0,76.0,No Heart Disease
P00344,Male,43,postgraduate,1,25.0,0.0,no,0,0,245.0,126.0,88.5,23.16,92.0,,Heart Disease
P00345,Female,63,uneducated,1,20.0,0.0,no,0,0,238.0,136.0,66.0,20.2,60.0,92.0,Heart Disease
P00346,Female,46,primaryschool,0,0.0,0.0,no,0,0,259.0,138.0,88.0,25.11,65.0,,No Heart Disease
P00347,Female,53,primaryschool,0,0.0,1.0,no,1,0,250.0,144.0,98.0,28.78,90.0,78.0,No Heart Disease
P00348,Male,41,uneducated,1,20.0,0.0,no,0,0,238.0,128.0,86.0,26.09,80.0,72.0,No Heart Disease
P00349,Female,53,primaryschool,1,10.0,0.0,no,0,0,276.0,130.0,86.0,27.09,75.0,56.0,No Heart Disease
P00350,Female,59,uneducated,0,0.0,0.0,no,0,0,339.0,110.0,69.0,26.89,75.0,73.0,No Heart Disease
P00351,Female,45,graduate,0,0.0,0.0,no,1,0,231.0,157.5,104.5,22.86,75.0,92.0,No Heart Disease
P00352,Male,49,primaryschool,1,5.0,0.0,no,0,0,187.0,110.0,67.0,19.26,78.0,85.0,No Heart Disease
P00353,Male,41,uneducated,1,30.0,0.0,no,0,0,198.0,106.0,71.0,21.51,85.0,84.0,No Heart Disease
P00354,Male,39,uneducated,1,30.0,0.0,no,0,0,196.0,121.0,83.0,25.38,90.0,68.0,No Heart Disease
P00355,Male,50,primaryschool,1,40.0,0.0,no,0,0,225.0,137.0,89.5,25.77,70.0,91.0,No Heart Disease
P00356,Female,58,primaryschool,1,5.0,0.0,no,0,0,177.0,114.0,72.5,24.77,87.0,,No Heart Disease
P00357,Male,53,uneducated,0,0.0,0.0,no,1,0,202.0,140.5,90.0,25.82,85.0,74.0,No Heart Disease
P00358,Female,54,primaryschool,1,3.0,0.0,no,1,1,231.0,127.5,83.0,21.31,70.0,115.0,No Heart Disease
P00359,Female,40,graduate,1,20.0,0.0,no,0,0,210.0,118.0,79.0,21.21,130.0,84.0,No Heart Disease
P00360,Male,51,uneducated,1,30.0,0.0,no,1,0,230.0,171.0,112.0,25.08,95.0,88.0,Heart Disease
P00361,Male,40,primaryschool,1,20.0,0.0,no,0,0,283.0,146.0,95.0,23.27,80.0,64.0,Heart Disease
P00362,Female,38,graduate,1,10.0,0.0,no,0,0,203.0,100.0,70.0,22.73,63.0,80.0,No Heart Disease
P00363,Female,48,postgraduate,0,0.0,0.0,no,0,0,200.0,118.0,78.0,24.53,63.0,98.0,No Heart Disease
P00364,Female,46,uneducated,1,15.0,0.0,no,0,0,244.0,98.0,57.0,24.01,84.0,95.0,Heart Disease
P00365,Male,59,primaryschool,1,15.0,0.0,no,0,0,212.0,106.0,66.0,26.46,85.0,117.0,No Heart Disease
P00366,Male,37,primaryschool,0,0.0,0.0,no,0,0,218.0,130.0,89.0,22.7,77.0,88.0,No Heart Disease
P00367,Male,40,graduate,1,35.0,0.0,no,0,0,185.0,133.0,80.0,21.86,63.0,58.0,No Heart Disease
P00368,Male,59,uneducated,0,0.0,0.0,no,0,0,282.0,114.0,67.0,28.04,58.0,79.0,Heart Disease
P00369,Male,46,uneducated,1,30.0,0.0,no,0,0,198.0,128.0,85.0,29.0,75.0,77.0,No Heart Disease
P00370,Female,67,uneducated,0,0.0,0.0,no,1,0,248.0,215.0,105.0,22.91,90.0,97.0,Heart Disease
P00371,Female,40,primaryschool,0,0.0,0.0,no,0,0,290.0,122.0,85.0,24.06,87.0,70.0,No Heart Disease
P00372,Male,55,postgraduate,0,0.0,0.0,no,1,0,239.0,159.0,102.0,32.35,75.0,71.0,Heart Disease
P00373,Female,52,uneducated,0,0.0,0.0,no,0,0,245.0,145.0,89.0,25.02,90.0,80.0,No Heart Disease
P00374,Female,42,primaryschool,1,20.0,0.0,no,0,0,200.0,95.0,55.0,23.68,60.0,83.0,No Heart Disease
P00375,Female,54,postgraduate,0,0.0,1.0,no,1,0,201.0,156.0,93.0,27.91,80.0,70.0,No Heart Disease
P00376,Female,58,graduate,1,3.0,0.0,no,0,0,290.0,155.0,82.5,29.5,85.0,113.0,Heart Disease
P00377,Female,45,primaryschool,1,20.0,0.0,no,0,0,285.0,116.0,87.0,23.85,65.0,55.0,Heart Disease
P00378,Male,67,uneducated,0,0.0,0.0,no,0,0,203.0,122.0,74.0,15.54,96.0,79.0,No Heart Disease
P00379,Male,68,primaryschool,1,10.0,0.0,no,0,0,250.0,109.0,73.0,24.68,72.0,66.0,No Heart Disease
P00380,Female,61,graduate,0,0.0,0.0,no,1,0,290.0,170.0,98.0,26.98,80.0,84.0,No Heart Disease
P00381,Female,55,postgraduate,0,0.0,0.0,no,0,0,258.0,123.0,89.0,31.35,85.0,84.0,No Heart Disease
P00382,Female,42,primaryschool,0,0.0,0.0,no,1,0,246.0,125.0,80.0,29.02,100.0,98.0,No Heart Disease
P00383,Female,53,uneducated,0,0.0,0.0,no,1,0,174.0,165.0,93.0,27.45,108.0,,No Heart Disease
P00384,Male,39,uneducated,1,30.0,0.0,no,1,0,220.0,135.0,85.0,27.17,70.0,81.0,No Heart Disease
P00385,Male,40,uneducated,1,35.0,0.0,no,0,0,195.0,122.5,66.5,19.98,60.0,72.0,No Heart Disease
P00386,Male,39,primaryschool,0,0.0,0.0,no,0,0,235.0,120.0,80.0,27.23,62.0,87.0,No Heart Disease
P00387,Female,63,primaryschool,0,0.0,0.0,no,1,0,223.0,178.0,88.5,27.18,85.0,91.0,No Heart Disease
P00388,Female,55,graduate,0,0.0,0.0,no,1,0,308.0,124.0,87.0,31.82,75.0,84.0,No Heart Disease
P00389,Female,39,primaryschool,0,0.0,0.0,no,0,0,167.0,127.5,86.5,28.28,72.0,82.0,No Heart Disease
P00390,Female,39,primaryschool,1,20.0,0.0,no,0,0,185.0,111.0,67.0,23.87,70.0,87.0,No Heart Disease
P00391,Male,51,uneducated,1,20.0,0.0,no,0,0,240.0,146.5,83.0,25.62,83.0,140.0,No Heart Disease
P00392,Female,54,uneducated,0,0.0,0.0,no,0,0,245.0,117.0,76.0,26.64,65.0,76.0,Heart Disease
P00393,Female,48,graduate,0,0.0,0.0,no,0,0,310.0,124.0,74.0,25.94,70.0,73.0,No Heart Disease
P00394,Male,51,uneducated,1,20.0,0.0,no,0,0,300.0,134.0,86.5,24.76,90.0,81.0,No Heart Disease
P00395,Female,65,primaryschool,0,0.0,0.0,no,1,0,256.0,149.0,96.0,29.75,90.0,80.0,Heart Disease
P00396,Female,65,primaryschool,0,0.0,,no,1,0,270.0,165.0,98.0,21.66,62.0,92.0,Heart Disease
P00397,Male,39,graduate,0,0.0,0.0,no,0,0,202.0,136.5,79.0,24.35,73.0,60.0,No Heart Disease
P00398,Female,47,primaryschool,1,3.0,0.0,no,0,0,155.0,122.5,77.5,21.34,65.0,78.0,No Heart Disease
P00399,Male,59,uneducated,1,43.0,0.0,no,0,0,207.0,132.5,66.0,26.84,65.0,76.0,Heart Disease
P00400,Male,66,uneducated,0,0.0,0.0,no,1,0,276.0,159.0,82.0,31.42,90.0,65.0,No Heart Disease
P00401,Male,56,,1,25.0,0.0,no,0,0,255.0,138.0,80.0,23.44,67.0,79.0,No Heart Disease
P00402,Male,41,graduate,0,0.0,0.0,no,0,0,215.0,113.0,68.0,25.13,65.0,87.0,No Heart Disease
P00403,Female,41,primaryschool,0,0.0,0.0,no,0,0,277.0,113.5,75.0,29.73,63.0,90.0,No Heart Disease
P00404,Female,41,uneducated,0,0.0,0.0,no,0,0,179.0,116.0,67.0,18.58,73.0,68.0,No Heart Disease
P00405,Male,45,postgraduate,1,20.0,0.0,no,0,0,226.0,119.0,75.0,25.34,70.0,66.0,No Heart Disease
P00406,Male,37,uneducated,1,20.0,0.0,no,0,0,245.0,138.0,84.0,27.45,67.0,76.0,No Heart Disease
P00407,Female,43,graduate,0,0.0,0.0,no,1,0,240.0,141.0,91.0,29.25,78.0,65.0,No Heart Disease
P00408,Female,46,primaryschool,0,0.0,0.0,no,1,0,184.0,188.0,123.0,34.36,90.0,,No Heart Disease
P00409,Male,41,primaryschool,0,0.0,0.0,no,0,0,218.0,137.0,86.0,25.52,60.0,88.0,No Heart Disease
P00410,Male,44,uneducated,1,10.0,0.0,no,1,0,229.0,177.5,120.0,39.88,104.0,78.0,No Heart Disease
P00411,Male,36,graduate,0,0.0,0.0,no,0,0,174.0,131.0,86.0,26.23,75.0,64.0,No Heart Disease
P00412,Female,60,graduate,0,0.0,0.0,no,1,0,285.0,156.0,100.0,23.02,80.0,85.0,No Heart Disease
P00413,Female,46,,1,20.0,0.0,no,0,0,212.0,122.5,75.5,23.51,67.0,103.0,No Heart Disease
P00414,Female,44,uneducated,0,0.0,0.0,no,0,0,175.0,135.0,81.0,26.38,71.0,,No Heart Disease
P00415,Female,55,primaryschool,1,3.0,0.0,no,1,0,323.0,197.0,118.0,27.51,80.0,112.0,No Heart Disease
P00416,Female,61,uneducated,1,15.0,0.0,no,0,0,206.0,130.0,80.0,21.93,72.0,82.0,No Heart Disease
P00417,Male,45,uneducated,1,20.0,0.0,no,0,0,246.0,111.0,72.0,21.79,75.0,118.0,No Heart Disease
P00418,Female,45,primaryschool,0,0.0,0.0,no,1,0,304.0,148.0,106.0,22.98,98.0,72.0,No Heart Disease
P00419,Male,37,graduate,1,30.0,0.0,no,0,0,243.0,128.0,84.0,27.47,80.0,,No Heart Disease
P00420,Female,52,uneducated,1,25.0,0.0,no,0,0,235.0,119.0,82.0,24.25,77.0,79.0,No Heart Disease
P00421,Female,46,primaryschool,0,0.0,0.0,no,0,0,232.0,90.0,60.0,19.2,60.0,82.0,No Heart Disease
P00422,Male,44,uneducated,0,0.0,,no,0,1,190.0,122.0,81.0,36.12,70.0,143.0,No Heart Disease
P00423,Female,42,primaryschool,1,15.0,0.0,no,0,0,177.0,112.5,70.0,20.62,86.0,83.0,No Heart Disease
P00424,Female,58,graduate,0,0.0,0.0,no,1,0,188.0,160.0,120.0,35.58,88.0,85.0,No Heart Disease
P00425,Female,38,primaryschool,1,15.0,0.0,no,0,0,176.0,110.0,80.0,24.03,100.0,113.0,No Heart Disease
P00426,Female,51,graduate,1,10.0,0.0,no,0,0,234.0,98.0,68.0,18.8,79.0,,Heart Disease
P00427,Female,64,uneducated,0,0.0,0.0,no,0,0,268.0,135.0,74.0,30.18,76.0,83.0,No Heart Disease
P00428,Female,53,graduate,1,14.0,0.0,no,0,0,252.0,120.0,74.0,21.14,68.0,,No Heart Disease
P00429,Female,59,uneducated,0,0.0,0.0,no,0,0,242.0,134.0,86.0,27.49,65.0,,No Heart Disease
P00430,Male,65,,0,0.0,0.0,no,0,0,,152.5,97.5,28.35,65.0,73.0,No Heart Disease
P00431,Female,40,primaryschool,0,0.0,0.0,no,0,0,195.0,109.5,72.0,22.36,70.0,85.0,No Heart Disease
P00432,Female,57,uneducated,0,0.0,0.0,no,0,0,197.0,96.0,64.0,18.59,60.0,77.0,No Heart Disease
P00433,Female,48,uneducated,1,10.0,0.0,no,1,0,268.0,117.5,80.0,36.11,72.0,67.0,No Heart Disease
P00434,Female,45,primaryschool,0,0.0,0.0,no,1,0,226.0,180.0,99.0,45.79,110.0,,No Heart Disease
P00435,Male,40,postgraduate,1,30.0,0.0,no,0,0,212.0,120.0,80.0,24.01,65.0,57.0,No Heart Disease
P00436,Male,43,primaryschool,1,40.0,0.0,no,1,0,220.0,165.0,105.0,31.07,75.0,114.0,No Heart Disease
P00437,Male,54,uneducated,0,0.0,0.0,no,1,0,224.0,170.0,102.0,29.18,72.0,,No Heart Disease
P00438,Male,45,uneducated,1,30.0,0.0,no,0,0,240.0,141.0,89.0,25.01,95.0,76.0,No Heart Disease
P00439,Male,36,primaryschool,1,20.0,0.0,no,0,0,226.0,124.0,76.0,25.84,75.0,70.0,No Heart Disease
P00440,Male,63,uneducated,0,0.0,0.0,no,0,0,237.0,113.0,80.0,27.61,90.0,71.0,No Heart Disease
P00441,Female,33,graduate,1,15.0,0.0,no,0,0,199.0,116.0,81.0,21.61,75.0,93.0,No Heart Disease
P00442,Female,56,uneducated,0,0.0,0.0,no,1,0,206.0,140.0,87.0,27.72,60.0,85.0,No Heart Disease
P00443,Female,43,postgraduate,1,20.0,0.0,no,0,0,265.0,107.0,68.0,21.08,90.0,95.0,No Heart Disease
P00444,Female,60,uneducated,0,0.0,0.0,no,0,1,260.0,95.5,59.0,25.94,90.0,160.0,No Heart Disease
P00445,Male,44,graduate,0,0.0,0.0,no,0,0,243.0,146.0,91.0,26.72,80.0,104.0,No Heart Disease
P00446,Male,61,postgraduate,1,10.0,0.0,no,0,0,258.0,130.0,70.0,24.35,67.0,78.0,No Heart Disease
P00447,Male,61,uneducated,0,0.0,0.0,no,1,0,182.0,209.0,133.0,30.77,65.0,75.0,No Heart Disease
P00448,Male,46,postgraduate,1,45.0,0.0,no,0,0,209.0,112.5,65.0,27.48,75.0,78.0,No Heart Disease
P00449,Male,38,postgraduate,1,10.0,0.0,no,0,0,168.0,113.0,69.5,23.68,58.0,,Heart Disease
P00450,Female,48,graduate,1,10.0,0.0,no,0,0,266.0,115.0,75.0,31.16,75.0,90.0,No Heart Disease
P00451,Female,55,graduate,0,0.0,0.0,no,0,0,210.0,112.0,76.0,20.53,71.0,65.0,No Heart Disease
P00452,Female,50,primaryschool,1,8.0,0.0,no,0,1,292.0,132.0,82.0,22.54,80.0,110.0,No Heart Disease
P00453,Female,46,postgraduate,0,0.0,0.0,no,0,0,190.0,107.5,80.0,25.13,72.0,75.0,No Heart Disease
P00454,Female,47,uneducated,0,0.0,0.0,no,0,0,234.0,127.5,83.5,27.65,85.0,89.0,No Heart Disease
P00455,Female,44,uneducated,0,0.0,0.0,no,0,0,173.0,136.5,77.5,26.62,66.0,72.0,No Heart Disease
P00456,Female,44,graduate,1,15.0,0.0,no,0,0,198.0,112.0,68.0,22.17,70.0,,No Heart Disease
P00457,Female,41,primaryschool,1,20.0,0.0,no,0,0,208.0,119.0,82.0,25.25,73.0,,No Heart Disease
P00458,Male,55,uneducated,0,0.0,0.0,no,0,0,227.0,129.0,81.0,26.57,55.0,74.0,No Heart Disease
P00459,Female,47,primaryschool,1,10.0,1.0,no,1,0,186.0,150.0,85.0,22.53,62.0,93.0,No Heart Disease
P00460,Female,48,postgraduate,1,9.0,0.0,no,0,0,195.0,109.0,71.0,21.1,73.0,65.0,No Heart Disease
P00461,Female,40,primaryschool,1,15.0,0.0,no,0,0,284.0,124.0,83.0,27.9,75.0,71.0,No Heart Disease
P00462,Female,35,primaryschool,1,15.0,0.0,no,0,0,177.0,110.0,70.0,25.71,65.0,84.0,No Heart Disease
P00463,Female,49,uneducated,0,0.0,0.0,no,0,0,305.0,135.0,89.0,25.04,62.0,117.0,No Heart Disease
P00464,Male,38,primaryschool,1,30.0,0.0,no,1,0,195.0,146.0,104.0,29.6,75.0,80.0,No Heart Disease
P00465,Male,50,uneducated,0,0.0,0.0,no,1,0,227.0,152.0,99.0,29.46,78.0,115.0,No Heart Disease
P00466,Male,38,primaryschool,1,40.0,0.0,no,1,0,245.0,154.0,95.5,30.02,92.0,87.0,No Heart Disease
P00467,Female,57,graduate,1,15.0,0.0,no,0,0,250.0,125.0,74.0,21.08,80.0,72.0,No Heart Disease
P00468,Male,53,uneducated,1,50.0,0.0,no,0,0,306.0,127.0,82.5,31.22,72.0,,No Heart Disease
P00469,Female,44,primaryschool,1,10.0,0.0,no,0,0,152.0,110.0,64.0,25.71,75.0,83.0,No Heart Disease
P00470,Female,47,uneducated,0,0.0,0.0,no,1,0,222.0,162.5,92.5,23.45,78.0,80.0,No Heart Disease
P00471,Male,56,uneducated,0,0.0,0.0,no,0,0,243.0,134.0,86.0,25.94,81.0,66.0,No Heart Disease
P00472,Male,61,uneducated,0,0.0,1.0,no,1,1,270.0,177.5,95.0,28.15,62.0,123.0,Heart Disease
P00473,Female,38,,1,1.0,0.0,no,0,0,300.0,122.0,84.0,27.26,96.0,68.0,No Heart Disease
P00474,Male,56,uneducated,0,0.0,0.0,no,0,0,252.0,107.0,66.0,25.11,60.0,72.0,No Heart Disease
P00475,Male,46,primaryschool,1,20.0,0.0,no,0,0,235.0,150.0,96.5,27.22,94.0,78.0,No Heart Disease
P00476,Male,53,graduate,1,15.0,0.0,yes,0,0,161.0,116.0,74.5,19.82,80.0,90.0,No Heart Disease
P00477,Male,49,uneducated,0,0.0,0.0,no,0,0,168.0,127.0,74.0,27.38,63.0,85.0,No Heart Disease
P00478,Female,46,graduate,1,15.0,0.0,no,0,0,247.0,125.0,80.0,21.51,60.0,80.0,No Heart Disease
P00479,Female,37,primaryschool,1,20.0,0.0,no,0,0,250.0,138.0,90.0,19.56,96.0,74.0,No Heart Disease
P00480,Male,50,uneducated,0,0.0,0.0,no,1,0,219.0,145.0,100.0,26.26,78.0,108.0,No Heart Disease
P00481,Female,51,postgraduate,1,9.0,0.0,no,1,0,320.0,145.0,85.0,24.03,75.0,98.0,No Heart Disease
P00482,Female,64,uneducated,0,0.0,0.0,no,1,0,253.0,295.0,135.0,38.82,92.0,70.0,Heart Disease
P00483,Male,44,primaryschool,1,20.0,0.0,no,1,0,319.0,158.0,90.0,29.15,89.0,100.0,Heart Disease
P00484,Male,37,primaryschool,0,0.0,0.0,no,0,0,176.0,125.0,80.0,26.75,72.0,65.0,No Heart Disease
P00485,Female,62,uneducated,0,0.0,0.0,no,0,0,239.0,126.0,81.0,29.35,95.0,70.0,No Heart Disease
P00486,Male,54,primaryschool,1,40.0,0.0,no,0,0,230.0,145.0,90.0,25.72,75.0,85.0,Heart Disease
P00487,Female,39,primaryschool,0,0.0,0.0,no,0,0,190.0,120.0,80.0,27.16,70.0,85.0,No Heart Disease
P00488,Female,47,graduate,1,5.0,0.0,no,0,0,196.0,134.0,86.0,26.2,71.0,,No Heart Disease
P00489,Female,44,uneducated,1,5.0,0.0,no,1,0,181.0,150.0,101.0,23.74,95.0,86.0,No Heart Disease
P00490,Female,51,primaryschool,0,0.0,0.0,no,0,0,220.0,98.0,64.5,21.14,80.0,79.0,No Heart Disease
P00491,Female,41,primaryschool,1,5.0,0.0,no,0,0,220.0,108.5,80.0,20.18,94.0,,No Heart Disease
P00492,Male,63,postgraduate,0,0.0,0.0,no,0,0,207.0,130.0,72.0,26.76,68.0,81.0,No Heart Disease
P00493,Female,46,graduate,1,10.0,0.0,no,0,0,269.0,134.0,78.0,26.8,105.0,104.0,No Heart Disease
P00494,Male,40,postgraduate,1,43.0,0.0,no,1,0,258.0,135.0,93.0,31.69,75.0,57.0,No Heart Disease
P00495,Male,56,graduate,1,20.0,0.0,no,0,0,340.0,134.0,89.5,21.91,50.0,72.0,Heart Disease
P00496,Male,44,uneducated,1,20.0,0.0,no,0,0,277.0,114.0,81.0,27.51,62.0,76.0,No Heart Disease
P00497,Male,51,primaryschool,1,13.0,0.0,no,0,0,245.0,137.0,76.0,22.26,83.0,73.0,No Heart Disease
P00498,Male,45,graduate,1,30.0,0.0,no,1,0,233.0,151.0,95.0,29.17,78.0,95.0,No Heart Disease
P00499,Male,56,postgraduate,0,0.0,0.0,no,0,0,258.0,111.0,68.5,24.04,60.0,70.0,No Heart Disease
P00500,Female,60,,0,0.0,0.0,no,0,0,215.0,113.0,71.0,26.69,77.0,,No Heart Disease
P00501,Female,40,graduate,1,10.0,0.0,no,0,0,210.0,103.0,71.0,24.4,73.0,68.0,Heart Disease
P00502,Female,52,uneducated,0,0.0,0.0,no,0,0,248.0,155.0,93.0,23.09,75.0,70.0,No Heart Disease
P00503,Female,64,uneducated,0,0.0,0.0,no,0,0,251.0,132.0,82.0,28.87,70.0,82.0,No Heart Disease
P00504,Male,38,,1,25.0,0.0,no,1,0,210.0,145.5,87.0,24.67,72.0,89.0,No Heart Disease
P00505,Female,50,graduate,0,0.0,0.0,no,1,0,258.0,144.0,88.0,24.19,100.0,83.0,No Heart Disease
P00506,Female,41,graduate,1,11.0,0.0,no,0,0,201.0,108.0,71.0,20.47,76.0,75.0,No Heart Disease
P00507,Male,57,postgraduate,0,0.0,0.0,no,1,0,303.0,160.5,98.5,25.84,81.0,100.0,No Heart Disease
P00508,Female,51,graduate,1,5.0,0.0,no,0,0,248.0,139.0,81.0,31.16,68.0,95.0,No Heart Disease
P00509,Female,50,uneducated,0,0.0,0.0,no,0,0,296.0,134.5,89.0,24.91,63.0,76.0,No Heart Disease
P00510,Female,46,graduate,1,20.0,0.0,no,0,0,218.0,115.5,62.0,23.48,65.0,77.0,No Heart Disease
P00511,Female,53,primaryschool,0,0.0,0.0,no,0,0,235.0,132.0,84.0,30.1,80.0,63.0,No Heart Disease
P00512,Female,54,uneducated,0,0.0,0.0,no,1,0,255.0,132.5,81.0,26.77,82.0,,No Heart Disease
P00513,Female,65,primaryschool,0,0.0,0.0,no,1,0,240.0,155.0,84.0,29.93,92.0,91.0,Heart Disease
P00514,Female,58,uneducated,0,0.0,0.0,no,0,0,234.0,137.5,89.5,24.25,58.0,72.0,No Heart Disease
P00515,Male,56,uneducated,1,20.0,0.0,no,0,0,278.0,133.0,84.0,22.67,85.0,96.0,No Heart Disease
P00516,Male,46,uneducated,1,20.0,0.0,no,0,0,269.0,135.0,95.0,26.55,75.0,92.0,No Heart Disease
P00517,Male,64,uneducated,0,0.0,0.0,no,0,0,203.0,130.0,78.0,28.66,72.0,70.0,No Heart Disease
P00518,Male,43,primaryschool,1,20.0,0.0,no,1,0,243.0,155.0,100.0,24.89,80.0,63.0,No Heart Disease
P00519,Male,35,primaryschool,1,20.0,0.0,no,0,0,231.0,122.0,72.5,22.78,72.0,93.0,No Heart Disease
P00520,Male,46,primaryschool,1,30.0,0.0,no,0,0,216.0,107.0,73.0,31.46,100.0,,No Heart Disease
P00521,Female,59,graduate,0,0.0,0.0,no,0,0,271.0,117.5,65.0,19.77,70.0,89.0,Heart Disease
P00522,Female,50,postgraduate,0,0.0,0.0,no,0,0,261.0,129.0,80.0,23.06,85.0,90.0,No Heart Disease
P00523,Male,62,postgraduate,1,40.0,0.0,no,1,0,203.0,148.0,96.0,30.84,70.0,95.0,Heart Disease
P00524,Female,53,graduate,1,9.0,0.0,no,0,0,210.0,132.0,84.5,27.08,110.0,84.0,Heart Disease
P00525,Male,52,uneducated,1,25.0,0.0,no,1,0,206.0,173.0,117.0,29.63,75.0,77.0,Heart Disease
P00526,Female,57,primaryschool,0,0.0,0.0,no,0,0,301.0,119.0,80.0,24.79,58.0,73.0,No Heart Disease
P00527,Female,46,graduate,1,1.0,0.0,no,0,0,241.0,130.0,82.0,34.84,62.0,93.0,No Heart Disease
P00528,Male,49,uneducated,1,15.0,0.0,no,0,0,215.0,122.5,76.0,27.17,58.0,61.0,No Heart Disease
P00529,Male,47,graduate,1,25.0,0.0,no,0,0,261.0,105.0,74.0,20.57,85.0,75.0,No Heart Disease
P00530,Female,65,graduate,0,0.0,0.0,no,0,0,266.0,120.0,73.0,24.33,63.0,69.0,No Heart Disease
P00531,Female,41,primaryschool,0,0.0,0.0,no,0,0,237.0,125.0,83.0,24.56,73.0,61.0,No Heart Disease
P00532,Female,61,uneducated,0,0.0,0.0,no,1,0,217.0,189.0,121.0,37.41,85.0,100.0,No Heart Disease
P00533,Female,41,uneducated,1,4.0,0.0,no,0,0,176.0,113.0,75.0,22.29,80.0,55.0,No Heart Disease
P00534,Female,53,primaryschool,0,0.0,0.0,no,0,0,370.0,123.0,83.0,24.64,63.0,74.0,Heart Disease
P00535,Male,36,uneducated,0,0.0,0.0,no,1,0,182.0,145.0,102.0,30.92,72.0,70.0,No Heart Disease
P00536,Male,43,uneducated,0,0.0,0.0,no,0,0,245.0,105.0,59.5,30.55,85.0,77.0,No Heart Disease
P00537,Male,37,graduate,1,20.0,0.0,no,0,0,292.0,130.0,85.0,28.07,91.0,81.0,No Heart Disease
P00538,Female,62,primaryschool,0,0.0,0.0,no,1,0,246.0,171.0,101.0,23.88,75.0,78.0,No Heart Disease
P00539,Male,64,primaryschool,0,0.0,0.0,no,0,0,193.0,114.0,79.0,16.59,75.0,64.0,No Heart Disease
P00540,Female,40,graduate,1,20.0,0.0,no,0,0,247.0,125.0,83.0,22.55,85.0,80.0,No Heart Disease
P00541,Female,49,primaryschool,1,20.0,0.0,no,0,0,229.0,118.5,76.5,21.42,76.0,,No Heart Disease
P00542,Female,49,graduate,0,0.0,1.0,no,1,0,300.0,131.0,88.0,26.85,70.0,73.0,Heart Disease
P00543,Female,46,primaryschool,0,0.0,0.0,no,0,0,213.0,115.0,72.5,19.98,80.0,107.0,No Heart Disease
P00544,Male,47,primaryschool,1,18.0,0.0,no,1,0,439.0,145.0,74.0,22.42,100.0,90.0,Heart Disease
P00545,Female,38,graduate,0,0.0,0.0,no,0,0,171.0,110.0,71.0,21.8,82.0,78.0,No Heart Disease
P00546,Male,39,uneducated,1,5.0,0.0,no,1,0,227.0,132.0,92.0,26.47,63.0,74.0,No Heart Disease
P00547,Male,43,primaryschool,1,35.0,0.0,no,0,0,207.0,117.0,65.0,24.42,60.0,100.0,No Heart Disease
P00548,Female,43,uneducated,0,0.0,0.0,no,0,0,145.0,112.0,83.0,22.36,90.0,70.0,No Heart Disease
P00549,Male,50,graduate,1,30.0,0.0,no,0,0,210.0,121.5,78.0,26.29,88.0,77.0,No Heart Disease
P00550,Male,48,uneducated,0,0.0,0.0,no,1,0,245.0,144.0,96.5,32.58,75.0,77.0,No Heart Disease
P00551,Male,45,uneducated,0,0.0,0.0,no,0,0,258.0,114.0,80.0,26.6,80.0,68.0,No Heart Disease
P00552,Female,55,uneducated,1,20.0,0.0,no,1,0,233.0,128.0,94.0,36.62,80.0,95.0,Heart Disease
P00553,Female,61,uneducated,1,5.0,0.0,no,1,0,243.0,149.0,77.0,22.73,86.0,,No Heart Disease
P00554,Male,53,uneducated,0,0.0,0.0,no,1,0,240.0,174.5,103.0,29.82,81.0,74.0,Heart Disease
P00555,Female,50,uneducated,1,20.0,0.0,no,1,0,213.0,140.0,82.0,22.18,64.0,72.0,No Heart Disease
P00556,Female,40,primaryschool,0,0.0,0.0,no,0,0,242.0,110.0,75.0,16.69,58.0,68.0,No Heart Disease
P00557,Female,50,primaryschool,0,0.0,0.0,no,0,0,214.0,129.0,76.0,26.39,80.0,75.0,No Heart Disease
P00558,Male,56,primaryschool,0,0.0,0.0,no,1,0,241.0,130.0,85.0,25.79,68.0,78.0,No Heart Disease
P00559,Female,44,graduate,1,10.0,0.0,no,0,0,250.0,136.5,83.5,21.33,70.0,95.0,Heart Disease
P00560,Female,37,postgraduate,1,20.0,0.0,no,0,0,240.0,120.0,79.0,23.09,75.0,80.0,No Heart Disease
P00561,Female,42,graduate,0,0.0,0.0,no,0,0,188.0,122.5,75.0,24.56,89.0,68.0,No Heart Disease
P00562,Female,54,uneducated,0,0.0,0.0,no,0,0,275.0,113.5,75.5,19.63,66.0,78.0,No Heart Disease
P00563,Female,39,primaryschool,0,0.0,0.0,no,1,0,252.0,128.0,93.0,30.36,105.0,63.0,No Heart Disease
P00564,Female,38,primaryschool,0,0.0,0.0,no,0,0,227.0,117.5,77.5,30.24,85.0,,No Heart Disease
P00565,Male,42,postgraduate,0,0.0,0.0,no,0,0,253.0,116.0,72.0,21.96,60.0,88.0,No Heart Disease
P00566,Female,55,uneducated,0,0.0,0.0,no,0,0,278.0,125.0,80.0,26.27,64.0,78.0,No Heart Disease
P00567,Male,60,postgraduate,0,0.0,0.0,no,0,0,232.0,165.0,77.0,29.23,69.0,57.0,Heart Disease
P00568,Female,66,primaryschool,1,15.0,0.0,no,1,0,,188.0,108.5,20.49,90.0,,No Heart Disease
P00569,Female,34,primaryschool,0,0.0,0.0,no,0,0,189.0,108.0,66.0,20.81,78.0,88.0,No Heart Disease
P00570,Female,44,graduate,1,15.0,0.0,no,0,0,242.0,135.0,89.0,23.29,70.0,77.0,No Heart Disease
P00571,Female,49,graduate,1,3.0,0.0,no,0,0,247.0,121.0,82.0,29.07,72.0,69.0,No Heart Disease
P00572,Male,50,uneducated,0,0.0,0.0,no,1,0,230.0,133.0,91.0,25.74,72.0,70.0,No Heart Disease
P00573,Female,47,primaryschool,0,0.0,0.0,no,0,0,223.0,120.0,74.0,20.27,80.0,76.0,No Heart Disease
P00574,Female,63,postgraduate,0,0.0,0.0,no,1,0,263.0,150.0,96.5,24.85,72.0,75.0,Heart Disease
P00575,Female,39,graduate,1,30.0,0.0,no,1,0,277.0,148.0,100.0,24.12,85.0,72.0,No Heart Disease
P00576,Male,43,uneducated,1,43.0,0.0,no,0,0,215.0,122.0,76.0,26.84,85.0,74.0,No Heart Disease
P00577,Female,59,primaryschool,0,0.0,0.0,no,1,0,320.0,182.0,98.0,30.28,88.0,,Heart Disease
P00578,Female,37,primaryschool,1,30.0,0.0,no,0,0,,115.0,79.0,28.41,85.0,,No Heart Disease
P00579,Male,41,primaryschool,1,10.0,0.0,no,0,0,210.0,121.5,82.5,23.27,78.0,89.0,No Heart Disease
P00580,Male,59,uneducated,0,0.0,0.0,no,0,0,300.0,163.0,78.0,28.83,53.0,95.0,Heart Disease
P00581,Female,51,uneducated,0,0.0,0.0,no,1,0,287.0,139.0,92.0,37.48,75.0,74.0,Heart Disease
P00582,Male,62,uneducated,1,3.0,0.0,no,0,0,234.0,117.0,80.0,26.97,78.0,67.0,No Heart Disease
P00583,Female,51,primaryschool,1,18.0,0.0,no,1,0,176.0,146.0,94.0,27.42,80.0,85.0,No Heart Disease
P00584,Female,46,postgraduate,1,5.0,0.0,no,0,0,240.0,125.0,74.0,22.89,87.0,76.0,No Heart Disease
P00585,Male,37,uneducated,0,0.0,0.0,no,0,0,300.0,118.5,85.5,25.83,68.0,82.0,No Heart Disease
P00586,Female,60,uneducated,0,0.0,0.0,no,1,1,258.0,142.0,87.0,32.53,82.0,145.0,No Heart Disease
P00587,Male,52,primaryschool,1,20.0,0.0,no,0,0,215.0,98.0,65.0,20.87,68.0,76.0,No Heart Disease
P00588,Male,40,primaryschool,1,30.0,0.0,no,0,0,197.0,116.0,73.0,24.01,80.0,83.0,No Heart Disease
P00589,Female,52,uneducated,1,3.0,0.0,no,1,0,210.0,185.0,114.0,27.01,70.0,83.0,No Heart Disease
P00590,Female,45,uneducated,0,0.0,0.0,no,0,0,220.0,126.0,82.0,23.87,79.0,90.0,No Heart Disease
P00591,Female,60,primaryschool,1,20.0,1.0,no,1,0,294.0,220.0,118.0,24.22,90.0,59.0,No Heart Disease
P00592,Female,41,uneducated,1,5.0,0.0,no,0,0,210.0,116.0,75.5,23.54,67.0,,No Heart Disease
P00593,Male,39,postgraduate,1,15.0,0.0,no,0,0,232.0,115.0,72.5,30.22,90.0,105.0,Heart Disease
P00594,Female,46,uneducated,1,5.0,0.0,no,0,0,220.0,123.0,88.0,32.49,94.0,79.0,Heart Disease
P00595,Female,40,graduate,1,1.0,0.0,no,0,0,205.0,125.0,73.5,20.68,83.0,99.0,No Heart Disease
P00596,Male,44,uneducated,0,0.0,0.0,no,0,0,198.0,119.0,82.0,28.04,75.0,66.0,No Heart Disease
P00597,Male,38,primaryschool,0,0.0,0.0,no,0,0,208.0,121.5,74.0,27.05,53.0,90.0,No Heart Disease
P00598,Male,60,graduate,0,0.0,0.0,no,1,0,276.0,144.0,78.0,26.98,60.0,88.0,No Heart Disease
P00599,Female,42,graduate,1,15.0,0.0,no,0,0,216.0,120.0,70.0,21.93,88.0,88.0,No Heart Disease
P00600,Male,44,primaryschool,0,0.0,0.0,no,1,0,254.0,123.0,90.0,24.44,66.0,72.0,No Heart Disease
P00601,Female,47,primaryschool,1,15.0,0.0,no,0,0,246.0,113.0,75.0,21.66,68.0,68.0,No Heart Disease
P00602,Female,55,uneducated,0,0.0,0.0,no,0,0,330.0,103.0,73.0,24.5,85.0,67.0,No Heart Disease
P00603,Male,48,uneducated,1,15.0,0.0,no,0,0,170.0,132.0,91.0,27.61,78.0,57.0,Heart Disease
P00604,Female,61,uneducated,1,20.0,0.0,no,1,0,245.0,140.0,73.0,30.74,90.0,91.0,Heart Disease
P00605,Male,62,uneducated,1,23.0,0.0,no,1,0,286.0,164.0,88.0,19.53,85.0,126.0,Heart Disease
P00606,Female,64,primaryschool,1,9.0,0.0,no,1,0,250.0,145.0,79.0,25.16,73.0,86.0,No Heart Disease
P00607,Male,46,graduate,1,20.0,0.0,no,0,0,270.0,120.5,78.0,22.54,83.0,83.0,Heart Disease
P00608,Female,54,uneducated,0,0.0,0.0,no,1,0,287.0,145.0,91.0,23.81,68.0,83.0,No Heart Disease
P00609,Male,42,uneducated,1,35.0,0.0,no,0,0,218.0,116.0,86.0,17.81,85.0,69.0,No Heart Disease
P00610,Female,41,uneducated,1,30.0,0.0,no,0,0,,122.5,80.0,18.86,105.0,,No Heart Disease
P00611,Male,55,primaryschool,1,15.0,0.0,no,1,0,222.0,155.0,92.5,28.35,67.0,68.0,Heart Disease
P00612,Female,35,primaryschool,0,0.0,0.0,no,0,0,170.0,98.5,69.5,19.64,71.0,77.0,No Heart Disease
P00613,Female,40,primaryschool,0,0.0,0.0,no,0,0,197.0,107.0,61.0,23.65,80.0,80.0,No Heart Disease
P00614,Male,44,primaryschool,1,20.0,0.0,no,0,0,157.0,108.0,70.0,20.56,60.0,82.0,No Heart Disease
P00615,Female,52,primaryschool,1,20.0,0.0,no,0,0,244.0,127.5,72.5,24.29,67.0,118.0,No Heart Disease
P00616,Female,63,postgraduate,0,0.0,0.0,no,0,0,252.0,120.5,75.0,24.3,78.0,77.0,No Heart Disease
P00617,Male,39,primaryschool,0,0.0,0.0,no,0,0,203.0,117.5,77.5,27.29,88.0,60.0,No Heart Disease
P00618,Female,51,graduate,1,3.0,0.0,no,1,0,398.0,161.0,96.0,23.63,77.0,83.0,No Heart Disease
P00619,Male,59,primaryschool,0,0.0,0.0,no,1,0,207.0,148.0,98.0,25.63,80.0,93.0,No Heart Disease
P00620,Female,51,uneducated,1,20.0,0.0,no,0,0,264.0,139.5,89.0,29.38,70.0,76.0,Heart Disease
P00621,Male,67,uneducated,0,0.0,0.0,no,0,0,214.0,127.5,80.0,22.11,69.0,84.0,Heart Disease
P00622,Female,47,primaryschool,1,20.0,0.0,no,0,0,272.0,127.5,87.5,22.35,80.0,72.0,No Heart Disease
P00623,Female,64,,0,0.0,0.0,no,0,0,293.0,116.0,80.0,26.81,80.0,87.0,Heart Disease
P00624,Male,50,graduate,1,3.0,0.0,no,0,0,200.0,105.0,68.0,23.3,65.0,68.0,No Heart Disease
P00625,Male,63,graduate,1,20.0,0.0,no,1,0,269.0,180.0,101.0,24.42,72.0,84.0,Heart Disease
P00626,Female,39,primaryschool,0,0.0,0.0,no,0,0,250.0,123.0,92.5,29.23,90.0,71.0,No Heart Disease
P00627,Male,38,uneducated,1,10.0,0.0,no,0,0,219.0,115.0,71.0,24.58,65.0,93.0,No Heart Disease
P00628,Female,42,uneducated,1,30.0,0.0,no,0,0,187.0,96.0,67.0,24.23,72.0,84.0,No Heart Disease
P00629,Male,38,primaryschool,1,5.0,0.0,no,0,0,243.0,130.5,85.5,19.53,85.0,79.0,No Heart Disease
P00630,Female,52,primaryschool,1,20.0,0.0,no,0,0,190.0,117.0,75.0,21.48,67.0,67.0,No Heart Disease
P00631,Male,60,postgraduate,1,3.0,0.0,no,1,0,267.0,168.5,108.0,26.67,108.0,83.0,No Heart Disease
P00632,Male,41,primaryschool,1,5.0,0.0,no,0,0,218.0,129.5,93.0,27.8,58.0,83.0,No Heart Disease
P00633,Female,41,primaryschool,1,20.0,0.0,no,0,0,195.0,148.0,108.0,18.21,76.0,69.0,No Heart Disease
P00634,Female,56,uneducated,1,5.0,0.0,no,0,0,266.0,134.5,78.5,30.78,79.0,84.0,No Heart Disease
P00635,Female,38,primaryschool,1,20.0,0.0,no,0,0,229.0,117.5,67.5,23.47,78.0,80.0,No Heart Disease
P00636,Female,63,primaryschool,0,0.0,0.0,no,1,0,264.0,176.0,99.0,23.62,65.0,65.0,No Heart Disease
P00637,Female,42,postgraduate,1,7.0,0.0,no,0,0,273.0,111.0,73.0,19.27,60.0,89.0,No Heart Disease
P00638,Female,40,primaryschool,0,0.0,0.0,no,0,0,162.0,109.0,71.0,20.99,66.0,85.0,No Heart Disease
P00639,Male,51,uneducated,0,0.0,0.0,no,0,0,250.0,125.0,80.0,26.98,67.0,108.0,No Heart Disease
P00640,Female,60,primaryschool,1,3.0,0.0,no,0,0,314.0,141.0,93.0,25.23,105.0,94.0,No Heart Disease
P00641,Male,40,primaryschool,1,30.0,0.0,no,0,0,219.0,131.0,85.5,31.96,77.0,74.0,No Heart Disease
P00642,Male,34,primaryschool,1,25.0,0.0,no,0,0,250.0,119.0,77.0,29.04,63.0,80.0,No Heart Disease
P00643,Female,40,primaryschool,0,0.0,0.0,no,0,0,230.0,123.5,81.0,27.91,95.0,65.0,No Heart Disease
P00644,Female,54,postgraduate,0,0.0,0.0,no,1,0,195.0,163.5,103.0,26.89,56.0,80.0,No Heart Disease
P00645,Male,36,postgraduate,0,0.0,0.0,no,0,0,194.0,117.0,90.0,27.08,73.0,87.0,No Heart Disease
P00646,Female,39,uneducated,1,3.0,0.0,no,0,0,273.0,116.0,86.0,28.73,75.0,,No Heart Disease
P00647,Male,38,primaryschool,0,0.0,0.0,yes,0,0,224.0,127.5,81.0,20.39,80.0,90.0,No Heart Disease
P00648,Male,37,postgraduate,0,0.0,0.0,no,0,0,166.0,128.5,83.0,26.81,58.0,108.0,No Heart Disease
P00649,Female,39,uneducated,1,20.0,0.0,no,0,0,160.0,128.5,74.5,20.56,60.0,83.0,No Heart Disease
P00650,Female,60,uneducated,0,0.0,0.0,no,1,0,238.0,134.0,84.0,27.49,80.0,66.0,No Heart Disease
P00651,Female,58,graduate,1,20.0,0.0,no,0,0,281.0,134.0,81.0,22.54,58.0,74.0,No Heart Disease
P00652,Female,56,uneducated,1,18.0,0.0,no,0,0,292.0,111.0,70.0,23.17,72.0,74.0,No Heart Disease
P00653,Female,50,uneducated,1,30.0,0.0,no,0,0,203.0,128.5,82.0,18.99,55.0,84.0,No Heart Disease
P00654,Male,57,uneducated,1,10.0,0.0,no,1,0,250.0,148.0,91.0,27.6,88.0,103.0,No Heart Disease
P00655,Female,41,uneducated,1,5.0,0.0,no,0,0,240.0,107.0,68.5,23.47,65.0,83.0,No Heart Disease
P00656,Male,40,graduate,1,20.0,0.0,no,0,0,193.0,129.0,73.0,19.11,76.0,80.0,No Heart Disease
P00657,Male,51,uneducated,1,20.0,0.0,no,0,0,243.0,130.0,86.5,29.86,85.0,74.0,Heart Disease
P00658,Male,43,postgraduate,1,30.0,0.0,no,0,0,292.0,121.0,75.0,21.73,84.0,82.0,No Heart Disease
P00659,Female,36,uneducated,0,0.0,0.0,no,0,0,200.0,112.0,76.0,26.03,75.0,62.0,No Heart Disease
P00660,Female,64,uneducated,0,0.0,0.0,no,0,0,295.0,127.0,78.0,22.89,67.0,73.0,No Heart Disease
P00661,Male,50,postgraduate,1,43.0,1.0,no,1,0,255.0,126.5,92.5,25.35,90.0,74.0,No Heart Disease
P00662,Female,51,uneducated,0,0.0,0.0,no,0,0,197.0,126.0,86.0,24.16,75.0,,No Heart Disease
P00663,Female,49,primaryschool,0,0.0,0.0,no,1,0,285.0,138.0,91.0,25.94,83.0,84.0,No Heart Disease
P00664,Female,59,primaryschool,1,20.0,0.0,no,1,0,206.0,167.0,89.5,25.83,72.0,75.0,Heart Disease
P00665,Female,62,uneducated,0,0.0,0.0,no,1,0,300.0,205.5,104.5,32.19,94.0,117.0,No Heart Disease
P00666,Female,56,postgraduate,1,1.0,1.0,no,1,0,289.0,150.0,92.0,25.68,85.0,84.0,No Heart Disease
P00667,Female,57,uneducated,0,0.0,0.0,no,0,0,287.0,136.0,92.0,26.24,65.0,71.0,No Heart Disease
P00668,Male,48,uneducated,1,20.0,0.0,no,0,0,253.0,118.5,73.0,26.25,69.0,70.0,No Heart Disease
P00669,Female,38,uneducated,1,15.0,0.0,no,0,0,199.0,112.0,68.5,23.88,85.0,67.0,No Heart Disease
P00670,Female,49,uneducated,0,0.0,0.0,no,1,0,262.0,145.0,81.0,23.1,75.0,83.0,No Heart Disease
P00671,Female,65,primaryschool,0,0.0,0.0,no,0,0,355.0,138.0,79.0,28.38,75.0,108.0,No Heart Disease
P00672,Male,42,uneducated,1,20.0,0.0,no,0,0,223.0,115.0,70.0,24.58,72.0,81.0,No Heart Disease
P00673,Male,45,postgraduate,1,30.0,0.0,no,0,0,307.0,110.0,78.0,28.57,68.0,69.0,No Heart Disease
P00674,Female,58,uneducated,1,20.0,0.0,no,0,0,,126.0,77.0,30.08,78.0,,No Heart Disease
P00675,Male,38,uneducated,1,15.0,0.0,no,0,0,220.0,119.5,85.5,31.39,70.0,85.0,No Heart Disease
P00676,Female,53,graduate,0,0.0,0.0,no,1,0,156.0,141.5,95.0,39.6,80.0,,No Heart Disease
P00677,Female,48,primaryschool,0,0.0,0.0,no,0,0,240.0,119.0,80.0,31.67,60.0,79.0,No Heart Disease
P00678,Male,58,postgraduate,1,30.0,0.0,no,0,0,234.0,167.5,95.0,27.73,71.0,66.0,No Heart Disease
P00679,Male,60,uneducated,1,3.0,0.0,no,0,0,239.0,130.0,78.0,28.36,60.0,99.0,No Heart Disease
P00680,Female,36,primaryschool,0,0.0,0.0,no,0,0,165.0,110.0,75.5,26.13,86.0,,No Heart Disease
P00681,Female,55,uneducated,0,0.0,0.0,no,0,0,225.0,136.5,85.5,20.56,60.0,90.0,No Heart Disease
P00682,Male,54,uneducated,0,0.0,0.0,no,1,0,267.0,148.0,92.5,26.58,75.0,98.0,Heart Disease
P00683,Male,45,postgraduate,1,5.0,0.0,no,1,0,227.0,166.0,102.0,29.32,58.0,85.0,No Heart Disease
P00684,Female,64,uneducated,0,0.0,0.0,no,1,0,300.0,144.0,80.0,25.81,75.0,102.0,No Heart Disease
P00685,Female,49,graduate,1,1.0,0.0,no,0,0,248.0,137.0,79.0,21.6,85.0,74.0,No Heart Disease
P00686,Female,45,primaryschool,0,0.0,0.0,no,1,0,215.0,152.5,82.0,25.92,100.0,75.0,No Heart Disease
P00687,Male,48,primaryschool,0,0.0,0.0,no,0,0,215.0,127.0,81.0,24.87,76.0,76.0,No Heart Disease
P00688,Female,45,graduate,1,20.0,0.0,no,0,0,156.0,119.0,83.0,22.02,68.0,78.0,No Heart Disease
P00689,Female,57,primaryschool,0,0.0,0.0,no,0,0,289.0,125.0,74.0,18.64,66.0,69.0,No Heart Disease
P00690,Male,64,uneducated,1,18.0,0.0,no,1,0,219.0,172.5,75.0,29.29,,91.0,Heart Disease
P00691,Female,60,primaryschool,1,15.0,0.0,no,1,0,236.0,183.0,107.0,25.45,86.0,,No Heart Disease
P00692,Male,50,uneducated,1,20.0,0.0,no,0,0,329.0,126.0,84.0,21.45,65.0,65.0,No Heart Disease
P00693,Female,58,primaryschool,0,0.0,0.0,no,1,0,270.0,145.0,95.0,23.17,77.0,120.0,No Heart Disease
P00694,Male,40,postgraduate,1,30.0,0.0,no,1,0,267.0,146.0,93.5,27.47,87.0,89.0,No Heart Disease
P00695,Female,38,,1,20.0,0.0,no,0,0,199.0,117.0,78.5,18.18,90.0,73.0,No Heart Disease
P00696,Female,54,primaryschool,1,5.0,0.0,no,0,0,272.0,132.5,91.0,23.09,70.0,78.0,Heart Disease
P00697,Female,39,primaryschool,0,0.0,0.0,no,0,0,195.0,105.0,70.0,26.97,80.0,64.0,No Heart Disease
P00698,Female,46,uneducated,1,20.0,0.0,no,0,0,203.0,117.0,68.0,21.5,110.0,85.0,No Heart Disease
P00699,Female,60,graduate,1,10.0,0.0,no,0,0,212.0,186.0,102.0,23.06,80.0,60.0,No Heart Disease
P00700,Male,62,uneducated,0,0.0,1.0,no,1,0,190.0,183.0,93.0,28.96,90.0,77.0,No Heart Disease
P00701,Female,60,uneducated,0,0.0,0.0,no,0,0,222.0,118.0,73.0,24.48,75.0,90.0,No Heart Disease
P00702,Male,40,uneducated,0,0.0,0.0,no,0,0,206.0,110.0,67.5,25.88,62.0,80.0,No Heart Disease
P00703,Female,54,uneducated,1,1.0,0.0,no,0,0,262.0,136.0,86.0,23.28,75.0,69.0,No Heart Disease
P00704,Female,47,graduate,0,0.0,0.0,no,0,0,294.0,109.0,72.5,28.59,82.0,77.0,No Heart Disease
P00705,Male,58,uneducated,1,20.0,0.0,no,0,0,251.0,135.0,85.5,21.24,88.0,103.0,No Heart Disease
P00706,Female,45,graduate,0,0.0,0.0,no,0,0,231.0,107.5,57.5,,81.0,,No Heart Disease
P00707,Female,51,uneducated,0,0.0,0.0,no,1,0,160.0,140.5,84.0,26.28,76.0,122.0,No Heart Disease
P00708,Male,47,uneducated,1,30.0,0.0,no,0,0,143.0,114.0,79.0,26.59,69.0,72.0,Heart Disease
P00709,Female,35,primaryschool,1,30.0,0.0,no,0,0,245.0,148.0,84.0,23.74,60.0,73.0,No Heart Disease
P00710,Male,44,uneducated,1,40.0,0.0,no,0,0,200.0,120.0,80.0,31.44,68.0,74.0,No Heart Disease
P00711,Male,50,postgraduate,1,25.0,0.0,no,0,0,215.0,134.0,80.0,29.98,67.0,75.0,No Heart Disease
P00712,Male,57,uneducated,1,43.0,0.0,no,1,0,185.0,134.0,90.5,27.77,87.0,103.0,No Heart Disease
P00713,Male,39,primaryschool,1,20.0,0.0,no,0,0,212.0,107.5,67.5,27.43,87.0,77.0,No Heart Disease
P00714,Male,41,primaryschool,1,20.0,0.0,no,0,0,255.0,126.0,78.0,25.48,80.0,76.0,No Heart Disease
P00715,Female,47,postgraduate,0,0.0,0.0,no,0,0,230.0,119.0,87.0,29.23,75.0,,No Heart Disease
P00716,Female,45,uneducated,0,0.0,0.0,no,0,0,211.0,127.5,80.0,27.05,72.0,68.0,Heart Disease
P00717,Male,49,primaryschool,1,20.0,0.0,no,1,0,212.0,141.0,99.0,25.94,60.0,70.0,No Heart Disease
P00718,Female,38,primaryschool,1,1.0,0.0,no,0,0,200.0,124.0,84.0,20.67,80.0,75.0,No Heart Disease
P00719,Female,59,uneducated,0,0.0,0.0,no,0,0,278.0,141.0,79.0,26.45,70.0,94.0,No Heart Disease
P00720,Female,38,,1,5.0,0.0,no,0,0,190.0,121.0,79.0,25.59,90.0,84.0,No Heart Disease
P00721,Female,39,primaryschool,1,20.0,0.0,no,0,0,240.0,120.0,80.0,24.79,81.0,75.0,No Heart Disease
P00722,Male,59,uneducated,1,60.0,0.0,no,1,0,298.0,153.5,105.0,25.05,70.0,84.0,No Heart Disease
P00723,Male,64,uneducated,0,0.0,0.0,no,0,0,271.0,134.0,79.0,24.95,106.0,90.0,No Heart Disease
P00724,Female,51,primaryschool,0,0.0,1.0,no,1,0,283.0,152.0,99.0,31.63,62.0,73.0,No Heart Disease
P00725,Male,57,uneducated,0,0.0,0.0,no,1,0,241.0,163.5,93.0,31.68,80.0,67.0,No Heart Disease
P00726,Female,40,graduate,0,0.0,0.0,no,0,0,251.0,135.0,87.0,31.6,75.0,80.0,No Heart Disease
P00727,Male,62,postgraduate,1,20.0,0.0,no,0,0,292.0,130.0,77.5,24.75,72.0,72.0,No Heart Disease
P00728,Female,53,graduate,0,0.0,0.0,no,0,0,245.0,103.0,68.0,21.8,60.0,63.0,No Heart Disease
P00729,Female,37,uneducated,1,20.0,0.0,no,0,0,168.0,117.0,74.0,21.51,67.0,77.0,No Heart Disease
P00730,Female,48,graduate,0,0.0,0.0,no,0,0,197.0,107.0,73.0,19.78,63.0,76.0,No Heart Disease
P00731,Female,40,graduate,0,0.0,0.0,no,0,0,152.0,122.0,78.0,18.92,65.0,80.0,No Heart Disease
P00732,Female,51,uneducated,0,0.0,0.0,no,1,0,225.0,155.0,92.5,23.84,72.0,63.0,No Heart Disease
P00733,Female,48,uneducated,1,5.0,0.0,no,0,0,296.0,117.0,73.0,24.59,70.0,78.0,No Heart Disease
P00734,Male,64,uneducated,1,8.0,0.0,no,0,0,211.0,120.0,75.0,18.7,52.0,61.0,No Heart Disease
P00735,Male,44,uneducated,1,30.0,0.0,no,0,0,334.0,131.0,74.0,28.82,80.0,77.0,Heart Disease
P00736,Female,64,uneducated,0,0.0,0.0,no,1,0,241.0,144.0,84.0,30.93,80.0,66.0,No Heart Disease
P00737,Male,41,primaryschool,1,20.0,0.0,no,1,0,196.0,147.5,92.5,22.72,75.0,71.0,No Heart Disease
P00738,Male,48,,0,0.0,0.0,no,0,0,222.0,113.0,71.5,30.5,78.0,80.0,No Heart Disease
P00739,Male,49,postgraduate,0,0.0,1.0,no,1,0,215.0,183.0,114.5,29.25,85.0,90.0,Heart Disease
P00740,Male,39,primaryschool,1,20.0,0.0,no,0,0,188.0,120.0,74.0,26.48,65.0,80.0,No Heart Disease
P00741,Female,61,uneducated,1,6.0,0.0,no,1,0,290.0,178.0,91.0,28.87,110.0,80.0,No Heart Disease
P00742,Female,58,uneducated,0,0.0,0.0,no,0,0,229.0,128.0,76.0,32.49,68.0,75.0,No Heart Disease
P00743,Male,52,primaryschool,0,0.0,0.0,no,1,0,196.0,126.0,80.0,22.32,104.0,74.0,No Heart Disease
P00744,Female,48,postgraduate,1,3.0,0.0,no,0,0,249.0,132.0,78.0,23.1,70.0,137.0,No Heart Disease
P00745,Female,45,graduate,1,15.0,0.0,no,0,0,210.0,127.0,76.5,21.67,83.0,72.0,No Heart Disease
P00746,Female,66,uneducated,0,0.0,0.0,no,1,0,232.0,175.0,94.0,29.84,95.0,67.0,Heart Disease
P00747,Male,44,primaryschool,1,20.0,0.0,no,1,0,205.0,160.0,108.0,22.92,83.0,76.0,No Heart Disease
P00748,Male,60,uneducated,0,0.0,0.0,no,0,0,245.0,119.0,82.0,28.56,70.0,89.0,No Heart Disease
P00749,Male,42,primaryschool,0,0.0,0.0,no,1,0,249.0,142.5,90.0,26.14,59.0,82.0,No Heart Disease
P00750,Male,42,uneducated,0,0.0,0.0,no,0,0,160.0,100.0,73.0,22.56,64.0,93.0,No Heart Disease
P00751,Female,67,uneducated,0,0.0,1.0,no,1,0,251.0,192.0,102.0,44.09,55.0,62.0,No Heart Disease
P00752,Female,63,primaryschool,0,0.0,0.0,no,0,0,207.0,127.0,75.0,22.26,70.0,77.0,No Heart Disease
P00753,Male,62,primaryschool,0,0.0,0.0,no,0,0,214.0,110.0,62.5,23.8,77.0,95.0,Heart Disease
P00754,Male,50,primaryschool,0,0.0,0.0,no,0,0,296.0,129.0,85.0,25.86,56.0,106.0,Heart Disease
P00755,Female,63,uneducated,0,0.0,0.0,no,0,0,250.0,117.5,75.0,25.88,75.0,91.0,No Heart Disease
P00756,Female,45,graduate,0,0.0,0.0,no,0,0,222.0,121.0,78.5,24.58,78.0,,No Heart Disease
P00757,Female,41,primaryschool,1,10.0,0.0,no,0,0,193.0,134.5,83.0,22.28,85.0,127.0,No Heart Disease
P00758,Female,44,graduate,1,9.0,0.0,no,0,0,226.0,114.0,83.0,24.16,80.0,,No Heart Disease
P00759,Female,53,uneducated,1,9.0,0.0,no,0,0,278.0,131.0,87.0,33.38,63.0,74.0,Heart Disease
P00760,Male,53,primaryschool,0,0.0,0.0,no,1,0,254.0,160.0,92.0,25.61,60.0,80.0,No Heart Disease
P00761,Female,38,primaryschool,1,9.0,0.0,no,0,0,196.0,127.0,80.0,24.6,74.0,,No Heart Disease
P00762,Female,42,graduate,1,10.0,0.0,no,0,0,192.0,96.5,71.0,26.03,61.0,68.0,No Heart Disease
P00763,Male,47,postgraduate,1,9.0,0.0,no,0,0,184.0,107.0,66.5,16.87,65.0,70.0,No Heart Disease
P00764,Female,58,uneducated,0,0.0,0.0,yes,1,1,267.0,157.0,94.0,33.32,92.0,205.0,Heart Disease
P00765,Male,45,graduate,0,0.0,0.0,no,0,0,162.0,125.0,89.0,27.98,85.0,83.0,No Heart Disease
P00766,Male,50,postgraduate,1,9.0,,no,0,0,296.0,119.0,90.0,23.55,75.0,69.0,Heart Disease
P00767,Male,55,uneducated,1,20.0,0.0,no,1,0,220.0,180.0,108.0,23.59,82.0,90.0,No Heart Disease
P00768,Male,67,uneducated,1,15.0,0.0,no,1,0,204.0,185.0,100.0,22.69,75.0,114.0,Heart Disease
P00769,Male,56,uneducated,1,1.0,0.0,no,0,0,280.0,147.0,94.0,28.3,63.0,85.0,No Heart Disease
P00770,Female,37,graduate,0,0.0,,no,0,0,145.0,105.0,73.0,23.44,58.0,80.0,No Heart Disease
P00771,Male,38,primaryschool,1,20.0,0.0,no,0,0,180.0,123.0,69.0,22.7,72.0,70.0,No Heart Disease
P00772,Female,63,postgraduate,0,0.0,0.0,no,1,0,210.0,148.0,85.5,24.01,76.0,88.0,Heart Disease
P00773,Male,40,primaryschool,1,15.0,0.0,no,0,0,246.0,141.0,102.0,26.17,85.0,67.0,No Heart Disease
P00774,Female,45,primaryschool,0,0.0,0.0,no,0,0,262.0,133.0,83.0,22.19,76.0,92.0,Heart Disease
P00775,Female,54,primaryschool,0,0.0,0.0,no,0,0,193.0,118.0,84.0,24.9,70.0,82.0,No Heart Disease
P00776,Female,67,uneducated,0,0.0,0.0,no,1,0,218.0,160.0,100.0,20.5,88.0,71.0,No Heart Disease
P00777,Female,39,graduate,0,0.0,0.0,no,0,0,152.0,114.0,66.5,24.56,70.0,71.0,No Heart Disease
P00778,Female,41,graduate,0,0.0,0.0,no,0,0,239.0,123.0,70.0,20.2,65.0,,No Heart Disease
P00779,Male,34,uneducated,1,10.0,0.0,no,0,0,210.0,120.0,85.0,24.39,68.0,,No Heart Disease
P00780,Female,40,uneducated,1,20.0,0.0,no,0,0,220.0,120.0,75.0,19.32,78.0,,No Heart Disease
P00781,Female,46,graduate,1,20.0,0.0,no,0,0,253.0,118.0,82.0,19.7,100.0,70.0,No Heart Disease
P00782,Male,35,graduate,1,40.0,0.0,no,0,0,175.0,112.0,62.5,21.03,73.0,69.0,Heart Disease
P00783,Male,48,,0,0.0,0.0,no,1,0,202.0,138.0,96.0,27.97,68.0,85.0,No Heart Disease
P00784,Male,47,graduate,1,20.0,0.0,no,1,0,177.0,150.0,101.0,28.96,75.0,60.0,No Heart Disease
P00785,Female,43,primaryschool,1,15.0,0.0,no,0,0,199.0,137.0,81.0,21.85,70.0,72.0,Heart Disease
P00786,Male,52,uneducated,1,1.0,0.0,no,0,0,211.0,118.5,82.5,24.83,76.0,80.0,No Heart Disease
P00787,Male,45,graduate,0,0.0,1.0,no,1,0,258.0,126.0,82.0,27.18,72.0,70.0,No Heart Disease
P00788,Male,42,graduate,1,25.0,0.0,no,0,0,256.0,121.5,74.0,23.59,70.0,115.0,Heart Disease
P00789,Female,56,uneducated,0,0.0,0.0,no,0,0,207.0,133.0,76.0,23.42,62.0,85.0,No Heart Disease
P00790,Male,63,uneducated,0,0.0,0.0,no,1,0,260.0,159.5,91.0,27.01,68.0,66.0,No Heart Disease
P00791,Female,52,graduate,0,0.0,0.0,no,0,0,272.0,118.5,69.0,18.98,70.0,75.0,No Heart Disease
P00792,Male,46,uneducated,1,20.0,0.0,no,1,0,208.0,164.0,107.0,20.63,63.0,70.0,Heart Disease
P00793,Male,49,postgraduate,1,40.0,0.0,no,0,0,222.0,118.5,82.0,28.47,88.0,87.0,No Heart Disease
P00794,Female,44,uneducated,0,0.0,0.0,no,0,0,219.0,129.0,90.0,33.47,88.0,73.0,No Heart Disease
P00795,Male,42,primaryschool,0,0.0,0.0,no,0,0,228.0,130.0,92.0,24.86,85.0,76.0,No Heart Disease
P00796,Female,64,primaryschool,1,2.0,1.0,no,1,0,230.0,177.0,110.0,28.91,90.0,113.0,No Heart Disease
P00797,Female,59,primaryschool,1,15.0,0.0,no,1,0,167.0,156.0,104.0,15.96,72.0,45.0,Heart Disease
P00798,Female,59,postgraduate,0,0.0,,no,1,0,240.0,195.0,118.0,23.82,80.0,73.0,No Heart Disease
P00799,Male,54,primaryschool,0,0.0,0.0,no,0,0,175.0,116.0,78.5,25.82,94.0,67.0,No Heart Disease
P00800,Male,57,graduate,1,40.0,0.0,no,0,0,280.0,117.0,80.0,26.56,75.0,60.0,No Heart Disease
P00801,Female,53,uneducated,1,20.0,0.0,no,0,0,242.0,127.0,79.0,19.64,70.0,74.0,No Heart Disease
P00802,Female,35,primaryschool,1,20.0,0.0,no,0,0,231.0,150.0,90.0,23.09,83.0,72.0,No Heart Disease
P00803,Female,46,uneducated,0,0.0,0.0,no,1,0,238.0,162.0,87.5,26.95,100.0,93.0,No Heart Disease
P00804,Female,40,primaryschool,0,0.0,0.0,no,0,0,314.0,124.0,86.5,26.79,70.0,66.0,No Heart Disease
P00805,Male,47,primaryschool,0,0.0,0.0,no,1,0,219.0,132.0,91.0,27.93,75.0,80.0,Heart Disease
P00806,Male,49,graduate,1,3.0,0.0,no,0,0,219.0,130.0,82.0,24.35,60.0,65.0,No Heart Disease
P00807,Female,58,graduate,0,0.0,0.0,no,0,0,326.0,120.0,70.0,24.69,63.0,68.0,No Heart Disease
P00808,Male,54,uneducated,1,20.0,0.0,no,1,0,255.0,142.0,93.0,22.17,75.0,118.0,No Heart Disease
P00809,Female,47,primaryschool,1,10.0,0.0,no,0,0,191.0,125.0,72.5,23.81,75.0,85.0,No Heart Disease
P00810,Female,60,uneducated,1,5.0,0.0,no,1,0,239.0,164.0,94.5,25.01,92.0,89.0,No Heart Disease
P00811,Male,53,postgraduate,0,0.0,0.0,no,0,0,292.0,112.5,82.5,25.04,67.0,82.0,No Heart Disease
P00812,Male,66,uneducated,0,0.0,0.0,no,0,0,233.0,108.0,66.0,25.16,75.0,72.0,No Heart Disease
P00813,Female,35,primaryschool,0,0.0,0.0,no,0,0,254.0,95.0,57.0,24.55,61.0,,No Heart Disease
P00814,Male,59,primaryschool,0,0.0,0.0,no,1,0,237.0,153.5,85.0,28.45,51.0,,No Heart Disease
P00815,Male,36,postgraduate,0,0.0,0.0,no,1,0,237.0,142.0,82.0,27.5,53.0,87.0,No Heart Disease
P00816,Male,37,uneducated,1,15.0,0.0,no,0,0,231.0,135.0,79.0,28.46,73.0,67.0,No Heart Disease
P00817,Male,49,primaryschool,1,5.0,0.0,no,0,0,260.0,111.0,70.0,24.24,75.0,87.0,No Heart Disease
P00818,Male,44,primaryschool,1,20.0,0.0,no,0,0,225.0,128.0,82.0,26.79,82.0,85.0,No Heart Disease
P00819,Male,41,postgraduate,0,0.0,0.0,no,0,0,210.0,124.0,79.0,25.26,85.0,91.0,No Heart Disease
P00820,Female,43,,1,20.0,0.0,no,0,0,276.0,127.5,85.0,25.09,85.0,74.0,No Heart Disease
P00821,Male,37,primaryschool,0,0.0,0.0,no,0,0,205.0,129.0,86.0,27.27,60.0,76.0,No Heart Disease
P00822,Female,55,uneducated,0,0.0,0.0,no,1,0,305.0,168.0,82.0,26.45,72.0,78.0,No Heart Disease
P00823,Female,62,primaryschool,1,30.0,0.0,no,0,0,,153.0,60.0,27.47,60.0,,No Heart Disease
P00824,Female,36,uneducated,1,15.0,0.0,no,0,0,178.0,102.5,65.0,20.87,75.0,94.0,No Heart Disease
P00825,Female,37,primaryschool,1,10.0,0.0,no,0,0,217.0,110.0,78.5,32.26,110.0,84.0,No Heart Disease
P00826,Female,47,primaryschool,1,20.0,0.0,no,0,0,328.0,134.0,87.0,22.34,92.0,99.0,No Heart Disease
P00827,Male,50,graduate,0,0.0,0.0,no,0,0,232.0,127.5,85.0,25.09,75.0,79.0,No Heart Disease
P00828,Male,68,uneducated,1,10.0,0.0,no,0,0,261.0,122.0,70.0,26.37,96.0,60.0,No Heart Disease
P00829,Male,44,primaryschool,1,30.0,0.0,no,0,0,217.0,126.0,85.0,28.49,65.0,68.0,No Heart Disease
P00830,Female,53,postgraduate,0,0.0,0.0,no,0,0,240.0,133.5,82.5,40.58,70.0,,No Heart Disease
P00831,Female,42,uneducated,0,0.0,0.0,no,0,0,197.0,105.0,84.0,25.75,70.0,67.0,No Heart Disease
P00832,Female,50,primaryschool,0,0.0,0.0,no,1,0,173.0,147.0,90.0,24.06,63.0,85.0,No Heart Disease
P00833,Male,35,uneducated,1,40.0,0.0,no,1,0,265.0,167.5,104.5,26.59,102.0,,No Heart Disease
P00834,Female,53,uneducated,0,0.0,0.0,no,1,1,248.0,200.0,140.0,43.3,107.0,130.0,Heart Disease
P00835,Female,59,uneducated,0,0.0,0.0,no,1,0,,153.5,89.5,26.08,71.0,113.0,No Heart Disease
P00836,Male,57,primaryschool,1,20.0,0.0,no,0,0,205.0,127.0,75.0,20.55,80.0,65.0,Heart Disease
P00837,Female,47,primaryschool,1,6.0,0.0,no,0,0,234.0,128.0,91.0,25.59,80.0,93.0,No Heart Disease
P00838,Male,49,postgraduate,1,30.0,0.0,no,1,0,240.0,137.0,96.5,23.38,75.0,118.0,No Heart Disease
P00839,Male,58,graduate,0,0.0,0.0,no,0,0,266.0,138.0,83.0,30.64,95.0,100.0,Heart Disease
P00840,Female,55,uneducated,0,0.0,0.0,no,0,0,244.0,133.0,80.0,25.01,75.0,70.0,No Heart Disease
P00841,Female,59,uneducated,0,0.0,0.0,no,0,0,241.0,120.0,73.0,23.76,60.0,88.0,Heart Disease
P00842,Male,55,uneducated,0,0.0,0.0,no,0,0,207.0,122.0,82.0,24.15,77.0,74.0,No Heart Disease
P00843,Female,43,graduate,0,0.0,0.0,no,0,0,214.0,121.5,78.0,26.11,90.0,82.0,No Heart Disease
P00844,Female,46,primaryschool,0,0.0,0.0,no,0,0,225.0,116.0,79.0,29.21,60.0,70.0,No Heart Disease
P00845,Male,43,primaryschool,0,0.0,0.0,no,1,0,214.0,132.0,84.0,26.77,65.0,102.0,Heart Disease
P00846,Female,46,primaryschool,0,0.0,0.0,no,0,0,304.0,131.5,78.5,21.02,68.0,112.0,No Heart Disease
P00847,Male,49,uneducated,1,30.0,0.0,no,0,0,238.0,118.0,66.0,26.91,90.0,82.0,No Heart Disease
P00848,Female,42,uneducated,0,0.0,0.0,no,0,0,241.0,118.5,80.5,32.36,95.0,75.0,No Heart Disease
P00849,Female,61,primaryschool,0,0.0,0.0,no,0,0,255.0,114.0,70.5,24.79,83.0,107.0,No Heart Disease
P00850,Female,36,primaryschool,0,0.0,0.0,no,0,0,212.0,102.0,69.0,33.36,55.0,71.0,No Heart Disease
P00851,Male,39,primaryschool,1,40.0,0.0,no,0,0,207.0,131.0,82.0,24.25,73.0,83.0,No Heart Disease
P00852,Female,48,uneducated,0,0.0,0.0,no,0,0,222.0,119.0,85.0,30.46,77.0,80.0,No Heart Disease
P00853,Male,39,postgraduate,0,0.0,0.0,no,0,0,220.0,107.0,76.5,22.45,66.0,78.0,No Heart Disease
P00854,Female,59,primaryschool,1,3.0,0.0,no,0,0,240.0,122.5,67.5,25.4,88.0,81.0,No Heart Disease
P00855,Female,48,graduate,0,0.0,0.0,no,0,0,231.0,131.0,80.0,21.14,70.0,85.0,No Heart Disease
P00856,Male,44,uneducated,0,0.0,0.0,no,0,0,268.0,114.0,83.0,31.16,75.0,76.0,No Heart Disease
P00857,Male,42,primaryschool,1,30.0,0.0,no,0,0,256.0,111.0,62.0,21.67,74.0,74.0,No Heart Disease
P00858,Female,44,uneducated,0,0.0,0.0,no,0,0,195.0,118.0,86.0,23.09,70.0,75.0,No Heart Disease
P00859,Female,52,uneducated,0,0.0,0.0,no,1,0,247.0,146.0,88.0,27.26,69.0,63.0,No Heart Disease
P00860,Male,60,uneducated,1,9.0,0.0,no,0,0,166.0,141.0,81.0,19.42,67.0,101.0,No Heart Disease
P00861,Female,35,primaryschool,0,0.0,0.0,no,0,0,248.0,107.0,73.0,20.64,90.0,80.0,No Heart Disease
P00862,Male,40,primaryschool,1,30.0,0.0,no,0,0,165.0,128.0,83.0,24.71,69.0,60.0,No Heart Disease
P00863,Female,64,primaryschool,1,15.0,0.0,no,1,0,283.0,163.0,85.0,21.17,72.0,68.0,No Heart Disease
P00864,Female,53,primaryschool,1,10.0,0.0,no,1,0,261.0,136.0,99.0,21.02,85.0,94.0,No Heart Disease
P00865,Female,59,primaryschool,0,0.0,1.0,no,1,0,264.0,244.0,124.0,19.61,76.0,120.0,Heart Disease
P00866,Female,55,uneducated,0,0.0,0.0,no,0,0,273.0,134.0,92.0,32.17,75.0,67.0,No Heart Disease
P00867,Female,58,primaryschool,1,30.0,0.0,no,0,0,234.0,113.0,77.0,20.68,72.0,67.0,No Heart Disease
P00868,Male,56,primaryschool,1,30.0,0.0,no,0,0,197.0,113.5,74.0,21.03,90.0,81.0,Heart Disease
P00869,Female,40,primaryschool,1,30.0,0.0,no,0,0,202.0,104.0,76.0,19.93,70.0,62.0,Heart Disease
P00870,Male,42,uneducated,0,0.0,0.0,no,0,0,163.0,135.0,82.0,25.75,65.0,77.0,No Heart Disease
P00871,Male,48,primaryschool,0,0.0,0.0,no,0,0,247.0,131.0,79.0,22.12,78.0,83.0,No Heart Disease
P00872,Female,58,primaryschool,1,3.0,0.0,no,0,0,,120.0,80.0,29.25,78.0,75.0,No Heart Disease
P00873,Female,38,graduate,1,15.0,0.0,no,0,0,215.0,129.5,85.5,24.24,75.0,,No Heart Disease
P00874,Male,65,uneducated,0,0.0,0.0,no,0,0,251.0,127.5,75.0,26.46,60.0,74.0,No Heart Disease
P00875,Male,52,graduate,0,0.0,0.0,no,0,0,205.0,122.0,73.0,22.73,70.0,85.0,No Heart Disease
P00876,Male,39,primaryschool,1,30.0,0.0,no,0,0,225.0,128.0,86.5,25.13,74.0,100.0,No Heart Disease
P00877,Female,55,uneducated,0,0.0,0.0,no,0,0,250.0,127.5,83.5,30.61,72.0,73.0,No Heart Disease
P00878,Female,64,uneducated,0,0.0,0.0,no,1,0,255.0,153.0,75.0,23.39,60.0,74.0,Heart Disease
P00879,Male,51,uneducated,1,20.0,0.0,no,1,0,239.0,168.0,102.0,30.38,82.0,68.0,Heart Disease
P00880,Male,49,postgraduate,0,0.0,0.0,no,0,0,264.0,127.5,81.0,25.16,76.0,70.0,No Heart Disease
P00881,Male,53,postgraduate,1,5.0,0.0,no,1,0,232.0,134.0,91.0,25.13,54.0,75.0,No Heart Disease
P00882,Female,47,uneducated,0,0.0,0.0,no,0,0,232.0,113.5,73.0,28.78,75.0,77.0,No Heart Disease
P00883,Male,52,postgraduate,1,20.0,0.0,no,1,0,225.0,156.0,98.0,30.93,80.0,100.0,Heart Disease
P00884,Female,62,uneducated,0,0.0,0.0,no,1,0,174.0,166.0,89.0,31.44,83.0,,Heart Disease
P00885,Female,50,uneducated,1,20.0,0.0,no,0,0,221.0,112.0,69.0,24.07,80.0,79.0,No Heart Disease
P00886,Male,58,uneducated,1,9.0,0.0,no,1,0,242.0,164.0,85.5,18.84,76.0,106.0,No Heart Disease
P00887,Female,64,uneducated,0,0.0,0.0,no,1,0,194.0,176.0,97.0,33.19,68.0,89.0,Heart Disease
P00888,Male,37,graduate,0,0.0,0.0,no,0,0,238.0,121.0,80.0,28.95,70.0,67.0,No Heart Disease
P00889,Male,57,uneducated,1,10.0,0.0,no,1,0,206.0,141.0,83.0,27.98,63.0,69.0,No Heart Disease
P00890,Male,64,postgraduate,0,0.0,0.0,no,0,0,273.0,123.0,73.5,22.3,75.0,84.0,Heart Disease
P00891,Female,66,uneducated,0,0.0,1.0,no,1,0,290.0,152.5,90.0,23.63,80.0,76.0,No Heart Disease
P00892,Male,35,primaryschool,0,0.0,0.0,no,0,0,290.0,108.0,72.0,22.91,55.0,84.0,No Heart Disease
P00893,Male,38,uneducated,1,15.0,0.0,no,0,0,180.0,111.0,61.0,21.51,66.0,75.0,No Heart Disease
P00894,Female,39,uneducated,1,20.0,0.0,no,0,0,233.0,126.0,85.0,22.89,80.0,87.0,No Heart Disease
P00895,Female,42,uneducated,1,20.0,0.0,no,1,0,199.0,141.0,92.0,43.69,80.0,60.0,Heart Disease
P00896,Male,45,uneducated,1,20.0,0.0,no,0,0,255.0,130.0,82.5,28.56,82.0,94.0,No Heart Disease
P00897,Female,59,uneducated,0,0.0,0.0,no,0,0,249.0,139.0,79.5,23.28,94.0,,No Heart Disease
P00898,Female,57,graduate,1,20.0,0.0,no,0,0,200.0,108.0,77.0,18.55,70.0,87.0,No Heart Disease
P00899,Female,62,primaryschool,1,6.0,0.0,no,1,0,244.0,168.0,102.0,26.39,76.0,105.0,Heart Disease
P00900,Male,58,uneducated,1,20.0,0.0,no,1,0,255.0,146.0,89.0,27.47,75.0,73.0,Heart Disease
P00901,Female,51,graduate,0,0.0,0.0,no,0,0,257.0,128.0,77.0,24.94,68.0,88.0,No Heart Disease
P00902,Male,59,primaryschool,1,11.0,0.0,no,0,0,176.0,134.5,87.0,31.76,80.0,93.0,No Heart Disease
P00903,Female,44,uneducated,1,1.0,0.0,no,0,0,217.0,124.5,82.0,22.36,87.0,68.0,No Heart Disease
P00904,Female,60,uneducated,0,0.0,0.0,no,1,1,282.0,213.0,94.5,28.58,71.0,78.0,No Heart Disease
P00905,Female,54,graduate,0,0.0,0.0,no,0,0,318.0,115.0,81.0,25.84,95.0,76.0,No Heart Disease
P00906,Male,38,primaryschool,1,20.0,0.0,no,1,0,309.0,148.0,109.0,30.85,95.0,,No Heart Disease
P00907,Male,53,uneducated,0,0.0,0.0,no,0,0,220.0,127.0,76.0,24.27,75.0,74.0,No Heart Disease
P00908,Female,43,postgraduate,1,20.0,0.0,no,0,0,201.0,129.0,92.0,24.54,88.0,63.0,No Heart Disease
P00909,Male,64,primaryschool,1,40.0,0.0,no,0,0,206.0,126.0,82.0,24.35,95.0,97.0,No Heart Disease
P00910,Female,61,uneducated,0,0.0,0.0,no,1,0,259.0,167.5,91.5,29.53,108.0,85.0,No Heart Disease
P00911,Male,39,uneducated,0,0.0,0.0,no,0,0,224.0,108.0,66.0,28.57,90.0,97.0,No Heart Disease
P00912,Female,35,graduate,1,5.0,0.0,no,0,0,154.0,125.0,75.0,23.1,110.0,75.0,No Heart Disease
P00913,Female,66,postgraduate,0,0.0,0.0,no,1,0,273.0,153.0,94.0,25.27,80.0,76.0,No Heart Disease
P00914,Female,53,primaryschool,0,0.0,0.0,no,0,0,303.0,117.0,71.0,22.01,108.0,85.0,No Heart Disease
P00915,Male,40,uneducated,1,20.0,0.0,no,1,0,229.0,152.0,103.0,32.73,85.0,72.0,No Heart Disease
P00916,Female,46,uneducated,1,40.0,0.0,no,0,0,253.0,118.0,74.0,26.42,75.0,64.0,Heart Disease
P00917,Male,47,,1,25.0,0.0,no,1,0,236.0,154.0,93.0,24.49,94.0,76.0,Heart Disease
P00918,Male,64,uneducated,0,0.0,0.0,no,1,0,205.0,140.0,80.0,32.52,58.0,,No Heart Disease
P00919,Male,49,uneducated,0,0.0,0.0,no,1,0,152.0,120.0,90.0,23.03,77.0,93.0,No Heart Disease
P00920,Female,42,uneducated,1,10.0,0.0,no,0,0,194.0,111.0,67.5,21.34,73.0,47.0,No Heart Disease
P00921,Female,60,uneducated,1,15.0,0.0,no,0,0,353.0,116.0,82.0,22.66,85.0,71.0,No Heart Disease
P00922,Female,56,postgraduate,0,0.0,0.0,no,0,0,298.0,115.0,80.0,31.11,75.0,77.0,No Heart Disease
P00923,Female,48,uneducated,0,0.0,0.0,no,0,0,224.0,131.0,92.0,26.13,68.0,,No Heart Disease
P00924,Male,39,uneducated,1,30.0,0.0,no,1,0,253.0,159.0,115.0,32.66,110.0,74.0,No Heart Disease
P00925,Female,62,uneducated,0,0.0,0.0,no,1,0,318.0,206.0,98.0,27.23,84.0,87.0,No Heart Disease
P00926,Female,45,graduate,1,20.0,0.0,no,0,0,196.0,123.0,71.0,20.56,80.0,76.0,No Heart Disease
P00927,Male,61,uneducated,1,20.0,0.0,no,1,0,360.0,157.0,99.0,28.74,95.0,73.0,No Heart Disease
P00928,Male,55,uneducated,1,25.0,0.0,no,1,0,230.0,142.0,74.0,23.65,72.0,82.0,No Heart Disease
P00929,Male,58,postgraduate,1,5.0,0.0,no,0,0,243.0,106.0,70.5,23.72,60.0,80.0,No Heart Disease
P00930,Female,53,uneducated,1,5.0,0.0,no,0,0,247.0,139.0,88.0,23.71,60.0,53.0,Heart Disease
P00931,Female,37,primaryschool,1,20.0,0.0,no,0,0,229.0,111.0,70.0,20.24,80.0,70.0,No Heart Disease
P00932,Male,36,primaryschool,1,20.0,0.0,no,1,0,280.0,151.0,96.0,25.35,78.0,94.0,No Heart Disease
P00933,Female,60,primaryschool,0,0.0,0.0,no,1,0,335.0,199.0,83.0,24.61,80.0,90.0,No Heart Disease
P00934,Female,53,primaryschool,0,0.0,0.0,no,1,0,219.0,184.0,109.0,22.73,80.0,73.0,Heart Disease
P00935,Male,62,uneducated,1,20.0,0.0,no,0,0,168.0,129.5,87.0,20.56,65.0,80.0,No Heart Disease
P00936,Female,59,uneducated,0,0.0,0.0,no,0,0,250.0,127.5,80.0,29.16,92.0,108.0,Heart Disease
P00937,Male,44,uneducated,1,40.0,0.0,no,1,0,262.0,147.0,103.0,25.38,68.0,,No Heart Disease
P00938,Male,43,postgraduate,0,0.0,0.0,no,1,0,260.0,129.0,90.0,25.29,70.0,62.0,No Heart Disease
P00939,Female,47,primaryschool,1,2.0,0.0,no,0,0,232.0,133.0,86.0,20.15,72.0,74.0,No Heart Disease
P00940,Female,40,graduate,0,0.0,0.0,no,0,0,240.0,108.0,72.0,17.64,78.0,,No Heart Disease
P00941,Female,53,primaryschool,0,0.0,0.0,no,1,0,284.0,167.5,102.5,31.5,88.0,87.0,No Heart Disease
P00942,Female,47,uneducated,1,40.0,0.0,no,1,0,247.0,160.0,85.0,27.05,75.0,77.0,No Heart Disease
P00943,Female,51,primaryschool,1,30.0,0.0,no,1,0,295.0,176.0,99.0,26.27,82.0,,No Heart Disease
P00944,Male,48,,1,9.0,0.0,no,1,0,203.0,117.5,92.0,27.75,80.0,115.0,No Heart Disease
P00945,Male,48,uneducated,1,30.0,0.0,no,0,0,150.0,127.5,75.0,26.6,75.0,112.0,No Heart Disease
P00946,Female,43,graduate,0,0.0,0.0,no,0,0,202.0,115.5,68.0,23.33,76.0,73.0,No Heart Disease
P00947,Female,47,graduate,1,20.0,0.0,no,0,0,215.0,128.0,85.0,20.89,75.0,90.0,No Heart Disease
P00948,Female,43,postgraduate,0,0.0,0.0,no,0,0,229.0,118.0,77.0,25.32,78.0,103.0,No Heart Disease
P00949,Male,56,primaryschool,1,20.0,0.0,no,1,0,285.0,198.0,107.0,24.87,80.0,97.0,Heart Disease
P00950,Female,34,primaryschool,1,20.0,0.0,no,0,0,220.0,117.5,67.5,20.79,63.0,86.0,No Heart Disease
P00951,Female,47,graduate,0,0.0,0.0,no,0,0,274.0,127.0,86.0,21.93,90.0,83.0,No Heart Disease
P00952,Female,49,primaryschool,1,15.0,0.0,no,0,0,,108.0,76.0,19.25,85.0,102.0,No Heart Disease
P00953,Male,66,uneducated,1,30.0,0.0,no,0,1,234.0,114.5,62.5,28.62,75.0,216.0,Heart Disease
P00954,Female,39,uneducated,1,5.0,0.0,no,0,0,170.0,137.5,77.5,27.35,67.0,70.0,No Heart Disease
P00955,Female,58,postgraduate,0,0.0,0.0,no,1,0,268.0,151.0,98.0,20.34,72.0,60.0,No Heart Disease
P00956,Male,57,uneducated,1,20.0,0.0,no,1,0,257.0,158.5,107.0,27.1,66.0,67.0,No Heart Disease
P00957,Female,63,uneducated,0,0.0,0.0,no,0,0,252.0,118.0,84.0,25.31,98.0,82.0,No Heart Disease
P00958,Female,53,graduate,0,0.0,0.0,no,1,0,285.0,160.0,97.0,31.31,75.0,65.0,No Heart Disease
P00959,Male,38,primaryschool,0,0.0,0.0,no,0,0,209.0,137.0,82.5,26.69,62.0,84.0,No Heart Disease
P00960,Male,57,uneducated,1,20.0,0.0,no,1,0,262.0,131.5,92.0,28.3,70.0,78.0,No Heart Disease
P00961,Female,49,primaryschool,0,0.0,0.0,no,0,0,261.0,123.5,84.0,20.94,75.0,75.0,No Heart Disease
P00962,Female,47,primaryschool,0,0.0,0.0,no,1,0,202.0,140.0,82.0,22.88,75.0,95.0,No Heart Disease
P00963,Female,36,primaryschool,1,1.0,0.0,no,0,0,160.0,98.0,66.0,25.07,68.0,73.0,Heart Disease
P00964,Female,42,uneducated,1,9.0,0.0,no,0,0,218.0,109.5,67.0,23.48,65.0,71.0,No Heart Disease
P00965,Female,39,primaryschool,1,15.0,0.0,no,0,0,284.0,115.5,65.5,20.39,64.0,78.0,No Heart Disease
P00966,Male,52,graduate,1,20.0,0.0,no,0,0,265.0,106.0,79.0,26.48,80.0,163.0,Heart Disease
P00967,Male,64,,0,0.0,0.0,no,0,0,239.0,110.0,70.0,23.98,65.0,83.0,No Heart Disease
P00968,Female,61,uneducated,0,0.0,0.0,no,0,0,210.0,122.0,81.0,22.48,68.0,97.0,No Heart Disease
P00969,Female,54,uneducated,0,0.0,0.0,no,1,0,266.0,137.0,88.0,29.76,80.0,80.0,No Heart Disease
P00970,Female,61,uneducated,0,0.0,0.0,no,1,0,256.0,160.0,109.0,42.53,81.0,79.0,No Heart Disease
P00971,Male,52,uneducated,1,3.0,0.0,no,1,0,199.0,134.0,98.0,27.78,75.0,89.0,Heart Disease
P00972,Female,38,graduate,0,0.0,0.0,no,0,0,171.0,125.5,86.0,26.57,75.0,71.0,No Heart Disease
P00973,Female,51,uneducated,1,30.0,0.0,no,0,0,272.0,133.0,91.0,28.5,72.0,,No Heart Disease
P00974,Female,37,uneducated,1,10.0,0.0,no,0,0,205.0,120.5,67.5,22.89,75.0,113.0,No Heart Disease
P00975,Male,52,graduate,1,15.0,0.0,no,0,0,225.0,131.0,74.0,24.54,65.0,77.0,Heart Disease
P00976,Male,50,uneducated,1,20.0,0.0,no,1,0,272.0,159.0,109.0,31.27,80.0,68.0,No Heart Disease
P00977,Male,60,uneducated,1,20.0,1.0,no,1,0,269.0,170.0,100.0,29.59,60.0,83.0,Heart Disease
P00978,Male,39,uneducated,0,0.0,0.0,no,0,0,160.0,124.0,90.0,26.82,50.0,67.0,No Heart Disease
P00979,Male,57,uneducated,1,20.0,0.0,no,1,0,158.0,154.0,100.0,24.07,92.0,70.0,Heart Disease
P00980,Female,64,uneducated,0,0.0,0.0,no,1,0,239.0,132.0,75.0,20.67,86.0,80.0,No Heart Disease
P00981,Female,55,,1,10.0,0.0,no,0,0,196.0,115.0,71.0,22.19,105.0,85.0,No Heart Disease
P00982,Female,45,primaryschool,1,2.0,0.0,no,0,0,258.0,111.0,72.0,26.24,70.0,65.0,No Heart Disease
P00983,Female,67,uneducated,0,0.0,0.0,no,0,0,201.0,110.0,77.0,24.53,65.0,77.0,No Heart Disease
P00984,Female,40,uneducated,0,0.0,0.0,no,0,0,340.0,149.0,81.0,28.46,110.0,99.0,No Heart Disease
P00985,Female,48,graduate,1,5.0,0.0,no,0,0,192.0,135.0,82.5,32.67,67.0,69.0,No Heart Disease
P00986,Female,53,primaryschool,1,10.0,0.0,no,0,0,300.0,127.0,89.0,25.46,75.0,70.0,Heart Disease
P00987,Female,50,uneducated,1,10.0,0.0,no,0,0,177.0,121.0,67.0,22.02,71.0,77.0,No Heart Disease
P00988,Male,47,postgraduate,0,0.0,0.0,no,0,0,194.0,115.0,82.0,28.23,48.0,76.0,No Heart Disease
P00989,Male,42,uneducated,0,0.0,0.0,no,0,0,266.0,139.0,88.0,23.61,75.0,78.0,No Heart Disease
P00990,Male,53,primaryschool,0,0.0,0.0,no,1,0,287.0,122.0,80.0,26.26,77.0,85.0,No Heart Disease
P00991,Male,39,primaryschool,0,0.0,0.0,no,0,0,247.0,113.0,80.0,28.59,80.0,82.0,No Heart Disease
P00992,Male,39,primaryschool,1,30.0,0.0,no,0,0,199.0,124.0,86.0,23.39,76.0,72.0,No Heart Disease
P00993,Female,64,uneducated,0,0.0,0.0,no,1,0,205.0,139.0,92.0,32.32,70.0,90.0,No Heart Disease
P00994,Female,61,graduate,1,1.0,0.0,no,0,0,310.0,118.0,77.5,24.03,90.0,70.0,No Heart Disease
P00995,Female,46,primaryschool,0,0.0,0.0,no,0,0,270.0,122.0,76.0,21.35,77.0,88.0,No Heart Disease
P00996,Male,47,primaryschool,1,9.0,0.0,no,0,0,201.0,122.0,67.0,20.12,68.0,,No Heart Disease
P00997,Male,49,uneducated,1,30.0,0.0,no,0,0,199.0,107.5,71.0,26.62,70.0,68.0,No Heart Disease
P00998,Female,55,graduate,0,0.0,0.0,no,0,0,255.0,125.0,85.0,22.89,65.0,81.0,No Heart Disease
P00999,Female,57,uneducated,0,0.0,,no,0,0,372.0,122.0,80.0,21.02,65.0,81.0,No Heart Disease
P01000,Female,37,primaryschool,0,0.0,0.0,no,0,0,159.0,112.0,69.0,26.98,86.0,,No Heart Disease
P01001,Female,41,primaryschool,0,0.0,0.0,no,0,0,168.0,102.0,64.0,23.64,60.0,75.0,No Heart Disease
P01002,Male,46,graduate,0,0.0,0.0,no,0,0,216.0,124.0,85.0,29.91,100.0,103.0,No Heart Disease
P01003,Male,60,uneducated,0,0.0,,no,1,0,191.0,167.0,105.0,23.01,80.0,85.0,No Heart Disease
P01004,Female,64,uneducated,0,0.0,0.0,no,1,0,263.0,206.0,104.0,26.15,70.0,91.0,No Heart Disease
P01005,Female,43,uneducated,0,0.0,0.0,no,0,0,175.0,117.0,67.0,22.36,58.0,70.0,No Heart Disease
P01006,Male,50,uneducated,0,0.0,0.0,no,0,0,240.0,145.0,94.0,28.86,60.0,68.0,No Heart Disease
P01007,Female,38,postgraduate,0,0.0,0.0,no,0,0,220.0,107.0,73.5,23.09,61.0,80.0,No Heart Disease
P01008,Female,56,graduate,0,0.0,0.0,no,0,0,310.0,142.0,94.0,31.1,83.0,65.0,No Heart Disease
P01009,Male,53,uneducated,1,20.0,0.0,no,1,0,186.0,167.0,96.5,25.09,112.0,113.0,No Heart Disease
P01010,Female,51,primaryschool,1,1.0,0.0,no,0,0,220.0,142.0,82.5,21.02,56.0,78.0,No Heart Disease
P01011,Male,42,uneducated,1,30.0,0.0,no,0,0,232.0,111.5,70.0,28.3,90.0,80.0,No Heart Disease
P01012,Male,58,uneducated,1,1.0,0.0,no,0,0,240.0,148.0,81.0,25.67,90.0,78.0,No Heart Disease
P01013,Female,54,primaryschool,1,20.0,0.0,no,0,0,187.0,133.0,88.0,31.82,75.0,77.0,No Heart Disease
P01014,Male,53,primaryschool,0,0.0,0.0,no,0,0,213.0,100.0,71.0,23.85,77.0,75.0,No Heart Disease
P01015,Male,58,postgraduate,0,0.0,0.0,no,0,0,210.0,132.0,86.0,28.92,94.0,74.0,No Heart Disease
P01016,Male,60,uneducated,1,5.0,0.0,no,0,0,267.0,139.0,84.0,28.76,75.0,112.0,No Heart Disease
P01017,Male,62,graduate,0,0.0,0.0,no,0,0,332.0,119.5,74.0,28.5,68.0,92.0,No Heart Disease
P01018,Male,59,graduate,0,0.0,0.0,no,0,0,236.0,127.0,83.0,26.53,57.0,86.0,No Heart Disease
P01019,Female,53,primaryschool,0,0.0,0.0,no,1,0,232.0,147.0,71.5,25.45,85.0,74.0,No Heart Disease
P01020,Female,42,primaryschool,1,10.0,0.0,no,0,0,242.0,100.0,66.0,21.85,75.0,,No Heart Disease
P01021,Male,35,primaryschool,0,0.0,0.0,no,0,0,242.0,136.5,95.0,24.43,75.0,88.0,No Heart Disease
P01022,Female,50,graduate,0,0.0,0.0,no,1,0,224.0,149.0,90.0,29.94,100.0,85.0,No Heart Disease
P01023,Male,36,uneducated,0,0.0,0.0,no,1,0,167.0,155.0,74.0,19.42,125.0,81.0,No Heart Disease
P01024,Female,57,uneducated,0,0.0,0.0,no,0,0,277.0,133.0,84.0,36.21,62.0,74.0,No Heart Disease
P01025,Male,34,postgraduate,0,0.0,0.0,no,0,0,227.0,131.5,84.0,25.41,60.0,87.0,No Heart Disease
P01026,Male,46,primaryschool,0,0.0,0.0,no,0,0,217.0,117.5,77.5,32.4,55.0,83.0,No Heart Disease
P01027,Male,42,primaryschool,1,5.0,0.0,no,0,0,200.0,131.0,88.0,25.09,81.0,88.0,No Heart Disease
P01028,Male,63,,1,10.0,0.0,no,0,0,271.0,131.0,73.5,30.12,72.0,107.0,Heart Disease
P01029,Female,65,graduate,0,0.0,0.0,no,0,0,217.0,140.0,82.0,20.5,58.0,,Heart Disease
P01030,Female,46,graduate,0,0.0,0.0,no,0,0,197.0,105.5,67.0,23.14,60.0,69.0,No Heart Disease
P01031,Male,45,primaryschool,1,20.0,0.0,no,0,1,279.0,138.0,86.0,30.63,80.0,144.0,No Heart Disease
P01032,Female,60,uneducated,0,0.0,0.0,no,0,0,236.0,126.0,84.0,20.34,71.0,76.0,No Heart Disease
P01033,Male,45,postgraduate,1,3.0,0.0,no,1,0,218.0,145.0,90.0,26.65,76.0,70.0,Heart Disease
P01034,Female,44,primaryschool,0,0.0,0.0,no,1,0,187.0,122.0,83.0,30.4,85.0,75.0,No Heart Disease
P01035,Male,39,uneducated,1,20.0,0.0,no,1,0,222.0,141.5,91.0,27.06,63.0,73.0,No Heart Disease
P01036,Female,42,postgraduate,0,0.0,0.0,no,0,0,183.0,111.0,71.0,19.78,66.0,81.0,No Heart Disease
P01037,Female,62,graduate,1,20.0,0.0,no,0,0,264.0,142.0,90.0,31.78,95.0,97.0,No Heart Disease
P01038,Male,48,uneducated,0,0.0,0.0,no,0,0,270.0,131.0,88.0,27.13,63.0,55.0,No Heart Disease
P01039,Female,55,,0,0.0,0.0,no,0,0,269.0,112.5,72.5,23.45,60.0,80.0,No Heart Disease
P01040,Male,45,primaryschool,1,20.0,0.0,no,0,0,207.0,117.0,80.0,20.17,75.0,59.0,No Heart Disease
P01041,Male,58,uneducated,1,20.0,0.0,no,1,0,192.0,143.0,98.0,29.01,90.0,68.0,No Heart Disease
P01042,Female,56,uneducated,1,9.0,1.0,no,1,0,285.0,165.0,115.0,24.25,72.0,116.0,No Heart Disease
P01043,Female,55,primaryschool,0,0.0,0.0,no,1,0,250.0,161.5,95.0,27.76,67.0,83.0,No Heart Disease
P01044,Male,57,uneducated,1,30.0,0.0,no,0,0,211.0,122.0,66.5,20.19,62.0,57.0,No Heart Disease
P01045,Female,65,uneducated,0,0.0,,yes,1,0,290.0,144.0,64.0,21.41,58.0,145.0,Heart Disease
P01046,Male,61,uneducated,0,0.0,0.0,no,1,0,201.0,164.5,93.5,27.73,78.0,95.0,Heart Disease
P01047,Female,49,uneducated,1,,0.0,no,0,0,280.0,120.0,80.0,22.33,90.0,75.0,No Heart Disease
P01048,Male,42,primaryschool,0,0.0,0.0,no,1,0,164.0,141.5,98.0,32.52,72.0,76.0,No Heart Disease
P01049,Male,50,uneducated,0,0.0,0.0,no,0,0,220.0,124.0,82.0,24.54,54.0,83.0,No Heart Disease
P01050,Male,42,postgraduate,1,20.0,0.0,no,0,0,270.0,112.0,77.0,24.77,73.0,85.0,No Heart Disease
P01051,Male,46,uneducated,1,9.0,0.0,no,1,0,346.0,137.0,97.0,29.11,75.0,82.0,No Heart Disease
P01052,Male,53,primaryschool,1,20.0,0.0,no,1,0,266.0,163.0,105.0,28.04,90.0,79.0,Heart Disease
P01053,Male,44,primaryschool,0,0.0,0.0,no,0,0,169.0,116.0,62.0,19.44,53.0,87.0,No Heart Disease
P01054,Female,54,uneducated,0,0.0,0.0,no,1,0,237.0,171.5,105.5,34.25,91.0,104.0,No Heart Disease
P01055,Male,58,primaryschool,1,60.0,0.0,no,1,0,250.0,150.0,97.0,32.0,75.0,65.0,No Heart Disease
P01056,Male,67,uneducated,1,9.0,0.0,no,0,0,245.0,126.0,68.0,29.04,70.0,94.0,Heart Disease
P01057,Male,44,uneducated,0,0.0,0.0,no,0,0,271.0,132.5,90.0,24.06,94.0,95.0,No Heart Disease
P01058,Male,41,primaryschool,1,30.0,0.0,no,1,0,176.0,146.0,88.0,24.04,78.0,83.0,No Heart Disease
P01059,Female,52,postgraduate,0,0.0,0.0,no,1,0,240.0,177.0,103.5,24.39,86.0,75.0,Heart Disease
P01060,Female,40,uneducated,0,0.0,0.0,no,0,0,187.0,105.0,74.0,23.26,80.0,69.0,No Heart Disease
P01061,Female,55,primaryschool,1,3.0,0.0,no,0,0,252.0,108.5,63.5,25.23,80.0,121.0,No Heart Disease
P01062,Female,41,graduate,1,3.0,0.0,no,0,0,140.0,110.0,60.0,23.38,65.0,82.0,No Heart Disease
P01063,Male,40,primaryschool,0,0.0,0.0,no,0,0,185.0,102.0,72.0,24.08,63.0,83.0,No Heart Disease
P01064,Female,37,postgraduate,0,0.0,0.0,no,0,0,169.0,117.5,77.5,28.44,90.0,,No Heart Disease
P01065,Male,48,primaryschool,0,0.0,0.0,no,0,0,287.0,141.5,82.0,27.88,84.0,,No Heart Disease
P01066,Male,41,uneducated,0,0.0,0.0,no,0,0,324.0,129.5,92.5,34.99,79.0,103.0,No Heart Disease
P01067,Female,48,primaryschool,0,0.0,0.0,no,0,0,273.0,132.0,85.0,26.03,70.0,78.0,No Heart Disease
P01068,Female,52,uneducated,0,0.0,0.0,no,0,0,245.0,131.0,80.0,32.04,80.0,81.0,No Heart Disease
P01069,Male,53,uneducated,1,10.0,0.0,no,1,1,229.0,146.5,82.0,27.8,60.0,172.0,No Heart Disease
P01070,Male,52,uneducated,0,0.0,0.0,no,0,0,200.0,114.0,77.0,28.28,66.0,84.0,No Heart Disease
P01071,Female,45,,1,20.0,0.0,no,0,0,215.0,107.0,75.0,22.14,79.0,105.0,No Heart Disease
P01072,Female,65,uneducated,0,0.0,0.0,no,0,0,276.0,124.0,70.0,25.61,76.0,75.0,Heart Disease
P01073,Female,42,,1,9.0,0.0,no,0,0,165.0,139.0,91.0,26.54,83.0,83.0,No Heart Disease
P01074,Male,48,uneducated,0,0.0,0.0,no,0,0,181.0,153.0,93.0,29.34,103.0,88.0,No Heart Disease
P01075,Female,45,uneducated,1,5.0,0.0,no,0,0,170.0,109.5,69.0,17.38,88.0,66.0,No Heart Disease
P01076,Female,56,,1,3.0,0.0,no,0,0,289.0,131.0,86.5,21.85,76.0,71.0,No Heart Disease
P01077,Female,58,primaryschool,0,0.0,0.0,no,0,0,190.0,132.0,67.0,23.08,65.0,70.0,Heart Disease
P01078,Female,54,graduate,1,20.0,0.0,no,0,0,225.0,131.0,79.0,25.91,67.0,62.0,No Heart Disease
P01079,Female,56,graduate,0,0.0,1.0,no,1,0,273.0,125.0,83.0,24.48,65.0,66.0,No Heart Disease
P01080,Female,67,uneducated,0,0.0,1.0,no,1,0,263.0,201.0,93.0,30.04,75.0,78.0,Heart Disease
P01081,Male,55,uneducated,1,35.0,0.0,no,0,0,290.0,120.5,84.0,25.05,80.0,90.0,No Heart Disease
P01082,Female,59,graduate,0,0.0,0.0,no,1,0,273.0,145.0,90.0,23.94,78.0,82.0,No Heart Disease
P01083,Female,49,primaryschool,1,30.0,0.0,no,0,0,265.0,144.0,86.0,25.57,82.0,68.0,No Heart Disease
P01084,Female,54,primaryschool,0,0.0,0.0,no,0,0,279.0,127.0,70.0,23.48,92.0,79.0,No Heart Disease
P01085,Male,45,primaryschool,0,0.0,0.0,no,0,0,232.0,122.5,82.5,27.55,74.0,59.0,Heart Disease
P01086,Female,55,uneducated,1,10.0,0.0,no,0,0,346.0,131.0,81.0,22.69,75.0,77.0,No Heart Disease
P01087,Female,46,primaryschool,0,0.0,0.0,no,0,0,253.0,118.0,79.0,26.61,85.0,83.0,No Heart Disease
P01088,Female,40,primaryschool,1,10.0,0.0,no,0,0,216.0,112.5,76.5,27.22,75.0,77.0,No Heart Disease
P01089,Male,44,postgraduate,1,4.0,0.0,no,1,0,220.0,135.0,91.0,27.23,70.0,88.0,No Heart Disease
P01090,Female,40,uneducated,1,9.0,0.0,no,0,0,239.0,118.0,78.0,23.48,85.0,75.0,Heart Disease
P01091,Female,37,uneducated,0,0.0,0.0,no,0,0,261.0,123.0,75.0,26.72,90.0,85.0,No Heart Disease
P01092,Male,47,uneducated,1,30.0,0.0,no,0,0,210.0,112.0,66.0,24.58,70.0,84.0,Heart Disease
P01093,Male,47,primaryschool,1,15.0,0.0,no,0,0,253.0,137.0,87.0,24.5,80.0,81.0,No Heart Disease
P01094,Male,43,postgraduate,1,40.0,0.0,no,0,0,263.0,114.0,81.0,25.68,70.0,74.0,Heart Disease
P01095,Female,53,uneducated,0,0.0,0.0,no,0,0,265.0,137.0,76.0,25.46,85.0,84.0,No Heart Disease
P01096,Male,51,uneducated,1,20.0,0.0,no,0,0,219.0,125.0,71.0,21.19,77.0,75.0,Heart Disease
P01097,Female,52,uneducated,1,10.0,0.0,no,0,0,246.0,113.5,66.5,19.47,85.0,60.0,No Heart Disease
P01098,Male,52,uneducated,0,0.0,0.0,no,0,0,200.0,113.0,76.5,27.22,72.0,73.0,No Heart Disease
P01099,Male,50,postgraduate,0,0.0,0.0,no,0,0,220.0,114.0,78.0,26.26,79.0,83.0,Heart Disease
P01100,Female,37,uneducated,1,5.0,0.0,no,0,0,279.0,110.0,72.5,24.89,67.0,70.0,No Heart Disease
P01101,Female,50,postgraduate,0,0.0,0.0,no,0,0,274.0,125.0,87.0,21.67,75.0,73.0,No Heart Disease
P01102,Female,38,graduate,0,0.0,0.0,no,0,0,174.0,101.0,68.0,27.47,85.0,,No Heart Disease
P01103,Male,43,primaryschool,1,9.0,0.0,no,0,0,229.0,131.0,87.0,23.31,80.0,74.0,No Heart Disease
P01104,Female,60,postgraduate,1,20.0,0.0,no,1,0,352.0,149.0,73.0,25.96,80.0,79.0,No Heart Disease
P01105,Male,57,postgraduate,0,0.0,,no,1,0,195.0,162.0,108.0,32.65,85.0,73.0,No Heart Disease
P01106,Female,35,graduate,0,0.0,0.0,no,0,0,,127.5,80.0,23.08,95.0,85.0,No Heart Disease
P01107,Male,53,primaryschool,1,9.0,0.0,no,1,0,230.0,137.0,99.0,25.77,83.0,79.0,No Heart Disease
P01108,Female,42,uneducated,1,20.0,0.0,no,0,0,209.0,105.0,65.0,23.8,69.0,64.0,No Heart Disease
P01109,Male,61,uneducated,0,0.0,0.0,no,0,0,227.0,130.0,77.5,26.18,63.0,91.0,No Heart Disease
P01110,Female,40,graduate,0,0.0,0.0,no,1,0,159.0,145.0,90.0,20.33,82.0,83.0,No Heart Disease
P01111,Female,59,primaryschool,0,0.0,1.0,no,1,0,201.0,148.5,90.0,25.85,65.0,83.0,Heart Disease
P01112,Female,52,primaryschool,0,0.0,0.0,no,1,1,600.0,159.5,94.0,28.27,78.0,140.0,Heart Disease
P01113,Female,63,graduate,0,0.0,0.0,no,0,0,241.0,143.5,89.0,26.45,69.0,80.0,No Heart Disease
P01114,Female,66,primaryschool,0,0.0,0.0,no,1,0,238.0,140.0,80.0,26.69,69.0,83.0,No Heart Disease
P01115,Male,53,primaryschool,1,43.0,0.0,no,0,0,220.0,119.0,75.0,26.28,82.0,67.0,No Heart Disease
P01116,Male,42,uneducated,1,30.0,0.0,no,1,0,240.0,169.0,96.0,32.4,90.0,,No Heart Disease
P01117,Female,39,uneducated,1,1.0,0.0,no,0,0,175.0,105.5,64.5,25.83,72.0,72.0,No Heart Disease
P01118,Male,58,uneducated,1,15.0,0.0,no,0,0,272.0,127.5,79.5,26.37,78.0,66.0,Heart Disease
P01119,Female,55,postgraduate,0,0.0,0.0,no,0,0,230.0,113.0,82.0,24.99,68.0,,No Heart Disease
P01120,Male,65,uneducated,1,20.0,0.0,no,1,0,285.0,140.0,82.5,21.24,98.0,,No Heart Disease
P01121,Female,56,graduate,0,0.0,0.0,no,0,0,267.0,114.0,71.0,24.81,78.0,90.0,No Heart Disease
P01122,Male,54,uneducated,1,9.0,0.0,no,0,0,241.0,101.0,72.0,28.35,69.0,70.0,No Heart Disease
P01123,Female,67,uneducated,1,6.0,,no,0,0,,120.0,67.0,32.77,86.0,,No Heart Disease
P01124,Male,64,postgraduate,0,0.0,0.0,no,0,1,251.0,133.0,72.5,24.28,65.0,86.0,No Heart Disease
P01125,Female,44,primaryschool,0,0.0,0.0,no,0,0,210.0,138.0,92.0,23.13,70.0,92.0,No Heart Disease
P01126,Female,46,graduate,0,0.0,0.0,no,1,0,259.0,173.0,102.0,27.22,85.0,75.0,No Heart Disease
P01127,Male,40,uneducated,1,30.0,0.0,no,0,0,202.0,112.5,64.5,22.85,69.0,103.0,No Heart Disease
P01128,Female,42,graduate,1,10.0,0.0,no,0,0,253.0,109.0,74.0,24.38,88.0,60.0,No Heart Disease
P01129,Female,63,graduate,1,10.0,0.0,no,1,0,236.0,189.0,103.0,27.91,60.0,74.0,No Heart Disease
P01130,Female,47,,0,0.0,0.0,no,0,0,279.0,154.5,103.5,27.12,79.0,60.0,No Heart Disease
P01131,Female,61,uneducated,0,0.0,0.0,no,1,0,292.0,141.5,88.5,23.95,86.0,70.0,No Heart Disease
P01132,Female,52,primaryschool,0,0.0,0.0,no,1,0,215.0,159.0,64.0,24.56,58.0,124.0,Heart Disease
P01133,Female,51,primaryschool,0,0.0,0.0,no,1,0,206.0,146.0,77.0,23.58,87.0,90.0,No Heart Disease
P01134,Female,64,primaryschool,0,0.0,0.0,no,1,0,293.0,140.0,84.0,34.56,83.0,76.0,No Heart Disease
P01135,Female,64,uneducated,0,0.0,0.0,no,0,0,262.0,122.0,87.5,24.77,95.0,85.0,No Heart Disease
P01136,Male,40,primaryschool,1,30.0,0.0,no,1,0,282.0,130.0,80.0,23.9,66.0,68.0,No Heart Disease
P01137,Female,44,primaryschool,1,30.0,0.0,no,0,0,245.0,125.0,80.5,24.58,64.0,80.0,No Heart Disease
P01138,Female,45,postgraduate,1,20.0,0.0,no,0,0,192.0,132.0,79.0,24.53,68.0,112.0,No Heart Disease
P01139,Male,59,,1,20.0,0.0,no,0,0,190.0,93.5,69.0,27.25,68.0,74.0,No Heart Disease
P01140,Male,44,primaryschool,1,35.0,0.0,no,1,0,217.0,144.0,99.0,25.16,68.0,60.0,No Heart Disease
P01141,Male,50,primaryschool,1,30.0,0.0,no,0,0,249.0,133.0,88.0,28.5,75.0,75.0,Heart Disease
P01142,Male,56,uneducated,0,0.0,0.0,no,1,0,256.0,147.0,96.0,30.42,72.0,75.0,No Heart Disease
P01143,Female,53,graduate,0,0.0,0.0,no,0,0,218.0,125.0,80.0,24.96,72.0,,Heart Disease
P01144,Female,63,graduate,0,0.0,0.0,no,1,0,315.0,156.0,90.0,25.92,64.0,74.0,No Heart Disease
P01145,Female,57,uneducated,0,0.0,0.0,no,1,0,224.0,174.0,112.0,22.73,63.0,82.0,No Heart Disease
P01146,Female,64,graduate,0,0.0,0.0,no,1,0,196.0,150.0,84.0,25.98,60.0,93.0,No Heart Disease
P01147,Male,57,uneducated,1,30.0,0.0,no,0,0,225.0,140.0,88.0,24.71,80.0,78.0,No Heart Disease
P01148,Male,55,uneducated,1,25.0,0.0,no,0,0,270.0,129.0,82.0,27.63,88.0,60.0,No Heart Disease
P01149,Female,55,graduate,0,0.0,0.0,no,0,0,265.0,130.0,84.0,29.66,76.0,69.0,No Heart Disease
P01150,Male,41,primaryschool,1,30.0,0.0,no,0,0,193.0,100.0,60.0,29.69,60.0,69.0,No Heart Disease
P01151,Female,46,uneducated,1,10.0,0.0,no,0,0,392.0,113.0,68.0,23.35,70.0,63.0,No Heart Disease
P01152,Female,38,primaryschool,0,0.0,0.0,no,0,0,239.0,128.0,84.5,33.49,75.0,80.0,No Heart Disease
P01153,Female,56,primaryschool,0,0.0,0.0,no,0,0,261.0,145.0,77.0,26.67,73.0,95.0,No Heart Disease
P01154,Female,67,graduate,1,1.0,0.0,no,1,0,242.0,172.0,84.0,19.81,70.0,111.0,No Heart Disease
P01155,Female,45,primaryschool,0,0.0,0.0,no,1,0,222.0,167.0,107.0,25.56,82.0,88.0,No Heart Disease
P01156,Female,64,primaryschool,1,3.0,0.0,no,0,0,221.0,148.0,85.0,,90.0,80.0,Heart Disease
P01157,Female,50,uneducated,1,20.0,0.0,no,0,0,242.0,116.0,69.0,21.65,75.0,73.0,No Heart Disease
P01158,Female,41,postgraduate,0,0.0,0.0,no,0,0,257.0,122.0,73.0,24.17,96.0,104.0,No Heart Disease
P01159,Female,46,graduate,1,5.0,0.0,no,0,0,291.0,107.5,65.0,24.1,82.0,78.0,No Heart Disease
P01160,Female,60,graduate,0,0.0,0.0,no,0,0,229.0,144.0,91.0,24.96,70.0,82.0,No Heart Disease
P01161,Female,41,primaryschool,1,3.0,0.0,no,0,0,223.0,119.0,73.0,24.22,72.0,77.0,No Heart Disease
P01162,Female,47,primaryschool,0,0.0,0.0,no,0,0,195.0,126.0,75.0,,60.0,,Heart Disease
P01163,Male,61,uneducated,0,0.0,0.0,no,0,0,214.0,100.0,65.0,30.18,60.0,66.0,No Heart Disease
P01164,Male,68,uneducated,0,0.0,0.0,no,0,0,239.0,130.0,80.0,23.25,64.0,95.0,No Heart Disease
P01165,Female,45,postgraduate,0,0.0,0.0,no,0,0,250.0,116.0,79.0,28.59,93.0,87.0,No Heart Disease
P01166,Female,52,primaryschool,1,20.0,0.0,no,1,1,334.0,147.0,86.0,29.01,80.0,63.0,No Heart Disease
P01167,Male,56,primaryschool,0,0.0,0.0,no,1,0,322.0,140.0,90.0,29.47,58.0,64.0,No Heart Disease
P01168,Female,53,postgraduate,0,0.0,0.0,no,0,0,291.0,114.0,81.0,26.21,70.0,79.0,No Heart Disease
P01169,Female,51,graduate,0,0.0,0.0,no,1,0,214.0,153.5,103.5,23.45,70.0,71.0,No Heart Disease
P01170,Male,47,primaryschool,1,20.0,0.0,no,0,0,200.0,126.0,86.0,26.84,80.0,96.0,No Heart Disease
P01171,Male,67,uneducated,0,0.0,0.0,no,1,0,256.0,138.0,76.0,22.81,65.0,100.0,No Heart Disease
P01172,Male,49,graduate,0,0.0,0.0,no,1,0,221.0,175.0,107.5,25.97,63.0,78.0,No Heart Disease
P01173,Female,53,graduate,0,0.0,0.0,no,0,0,245.0,102.0,68.0,23.01,60.0,,No Heart Disease
P01174,Female,36,graduate,0,0.0,0.0,no,0,0,185.0,123.0,69.0,18.98,79.0,75.0,No Heart Disease
P01175,Female,62,primaryschool,0,0.0,0.0,no,1,0,304.0,165.0,91.0,26.97,80.0,81.0,No Heart Disease
P01176,Female,58,primaryschool,0,0.0,0.0,no,0,0,246.0,132.5,82.0,19.09,59.0,,No Heart Disease
P01177,Male,36,primaryschool,1,20.0,0.0,no,1,0,248.0,135.0,94.5,36.52,65.0,85.0,No Heart Disease
P01178,Female,55,uneducated,0,0.0,,no,1,0,325.0,155.0,90.0,26.27,68.0,72.0,Heart Disease
P01179,Male,45,uneducated,1,15.0,0.0,no,0,0,221.0,131.0,84.0,28.58,85.0,72.0,No Heart Disease
P01180,Male,44,,1,4.0,0.0,no,0,0,196.0,107.0,73.0,24.36,60.0,71.0,No Heart Disease
P01181,Female,47,postgraduate,0,0.0,0.0,no,0,0,242.0,145.0,87.5,22.01,58.0,73.0,No Heart Disease
P01182,Male,54,postgraduate,1,15.0,0.0,no,0,0,300.0,128.0,80.0,27.3,68.0,,No Heart Disease
P01183,Male,38,primaryschool,1,43.0,0.0,no,1,0,170.0,130.0,94.0,23.9,110.0,75.0,No Heart Disease
P01184,Female,57,uneducated,0,0.0,0.0,no,1,0,233.0,184.0,106.0,38.88,66.0,40.0,Heart Disease
P01185,Female,64,primaryschool,1,3.0,0.0,no,0,0,315.0,135.0,80.0,25.23,103.0,89.0,No Heart Disease
P01186,Male,46,uneducated,0,0.0,0.0,no,0,0,205.0,118.0,76.5,23.48,75.0,77.0,No Heart Disease
P01187,Male,49,graduate,0,0.0,0.0,no,1,0,267.0,160.5,109.0,28.33,70.0,75.0,Heart Disease
P01188,Male,50,uneducated,1,20.0,0.0,no,0,0,261.0,114.0,64.0,22.32,85.0,71.0,No Heart Disease
P01189,Female,63,graduate,0,0.0,0.0,no,1,0,306.0,177.0,96.0,32.51,90.0,126.0,Heart Disease
P01190,Female,48,uneducated,0,0.0,0.0,no,1,0,169.0,243.0,142.5,28.49,85.0,77.0,No Heart Disease
P01191,Female,58,uneducated,1,15.0,0.0,no,0,0,222.0,117.0,79.0,21.09,92.0,,Heart Disease
P01192,Male,60,primaryschool,1,20.0,0.0,no,1,0,260.0,178.0,103.0,24.62,72.0,79.0,No Heart Disease
P01193,Female,41,uneducated,1,15.0,0.0,no,0,0,242.0,139.0,80.0,19.68,72.0,60.0,No Heart Disease
P01194,Female,64,uneducated,0,0.0,0.0,no,0,0,280.0,127.0,77.0,30.39,56.0,78.0,Heart Disease
P01195,Female,62,uneducated,0,0.0,0.0,no,1,0,231.0,184.0,90.0,26.03,70.0,75.0,No Heart Disease
P01196,Male,62,uneducated,1,20.0,0.0,no,1,0,270.0,145.5,87.5,23.88,81.0,67.0,Heart Disease
P01197,Female,66,uneducated,1,3.0,0.0,no,0,0,216.0,133.0,87.0,30.06,68.0,91.0,No Heart Disease
P01198,Female,59,uneducated,0,0.0,1.0,no,1,0,320.0,187.5,85.5,25.33,75.0,68.0,No Heart Disease
P01199,Female,36,postgraduate,1,10.0,0.0,no,0,0,214.0,119.0,76.0,21.67,67.0,75.0,No Heart Disease
P01200,Male,40,uneducated,1,10.0,0.0,no,0,0,304.0,125.0,86.0,30.07,80.0,84.0,No Heart Disease
P01201,Male,53,uneducated,1,20.0,0.0,no,1,0,248.0,165.0,96.0,24.45,100.0,71.0,No Heart Disease
P01202,Female,49,uneducated,0,0.0,0.0,no,0,0,246.0,138.0,92.0,28.23,72.0,91.0,No Heart Disease
P01203,Female,47,uneducated,1,20.0,0.0,no,0,0,195.0,134.0,81.0,21.4,85.0,,No Heart Disease
P01204,Male,64,uneducated,1,30.0,0.0,no,1,0,253.0,178.0,106.0,24.68,100.0,76.0,Heart Disease
P01205,Male,46,graduate,0,0.0,0.0,no,1,0,256.0,138.0,105.0,26.97,98.0,100.0,No Heart Disease
P01206,Female,58,primaryschool,0,0.0,0.0,no,0,0,245.0,123.0,85.5,24.49,68.0,76.0,No Heart Disease
P01207,Female,66,uneducated,0,0.0,,no,1,0,235.0,151.0,91.0,30.86,78.0,87.0,No Heart Disease
P01208,Female,41,postgraduate,0,0.0,0.0,no,0,0,205.0,110.0,69.0,25.99,75.0,67.0,No Heart Disease
P01209,Female,40,uneducated,1,15.0,0.0,no,0,0,199.0,122.0,82.0,22.16,85.0,77.0,No Heart Disease
P01210,Female,42,graduate,1,20.0,0.0,no,0,0,304.0,119.0,76.0,32.52,64.0,80.0,No Heart Disease
P01211,Male,52,uneducated,0,0.0,0.0,no,0,0,206.0,110.0,78.0,33.03,65.0,62.0,No Heart Disease
P01212,Male,42,postgraduate,0,0.0,0.0,no,1,0,245.0,142.5,85.0,35.45,62.0,,No Heart Disease
P01213,Female,49,uneducated,0,0.0,0.0,no,1,0,309.0,155.0,85.0,23.06,70.0,63.0,No Heart Disease
P01214,Female,52,uneducated,1,1.0,0.0,no,0,0,234.0,111.0,81.0,22.35,70.0,77.0,No Heart Disease
P01215,Female,58,uneducated,0,0.0,0.0,no,0,0,218.0,138.5,87.5,22.91,73.0,,No Heart Disease
P01216,Male,46,graduate,0,0.0,0.0,no,1,0,305.0,150.0,88.0,26.82,75.0,75.0,No Heart Disease
P01217,Female,40,primaryschool,0,0.0,0.0,no,0,0,208.0,116.0,75.0,18.52,80.0,82.0,No Heart Disease
P01218,Male,35,uneducated,1,15.0,0.0,no,0,0,210.0,99.0,67.0,22.39,57.0,75.0,No Heart Disease
P01219,Female,42,uneducated,0,0.0,0.0,no,0,0,271.0,115.0,77.0,28.68,66.0,82.0,No Heart Disease
P01220,Male,58,uneducated,0,0.0,0.0,no,1,0,264.0,181.0,90.0,24.49,75.0,71.0,No Heart Disease
P01221,Female,43,graduate,0,0.0,0.0,no,0,0,209.0,115.0,75.0,27.99,80.0,90.0,No Heart Disease
P01222,Male,44,primaryschool,0,0.0,0.0,no,1,0,248.0,174.0,110.0,31.74,75.0,100.0,No Heart Disease
P01223,Female,38,primaryschool,1,10.0,0.0,no,0,0,155.0,96.0,61.0,24.19,60.0,68.0,No Heart Disease
P01224,Female,39,primaryschool,1,20.0,0.0,no,0,0,149.0,122.0,72.0,21.3,85.0,75.0,No Heart Disease
P01225,Male,41,uneducated,0,0.0,0.0,no,0,0,255.0,120.5,85.5,30.85,100.0,79.0,No Heart Disease
P01226,Male,40,uneducated,0,0.0,0.0,no,0,0,137.0,127.0,82.0,27.04,60.0,71.0,No Heart Disease
P01227,Female,38,primaryschool,1,9.0,0.0,no,0,0,160.0,102.5,67.5,21.16,90.0,68.0,No Heart Disease
P01228,Male,57,,0,0.0,0.0,no,1,0,210.0,158.0,104.0,30.93,73.0,113.0,No Heart Disease
P01229,Female,41,primaryschool,1,3.0,0.0,no,0,0,226.0,130.0,80.0,25.25,75.0,73.0,No Heart Disease
P01230,Female,42,primaryschool,1,15.0,0.0,no,0,0,197.0,124.0,81.0,21.5,80.0,63.0,No Heart Disease
P01231,Male,58,uneducated,1,30.0,0.0,no,1,0,279.0,180.0,109.5,26.04,75.0,82.0,Heart Disease
P01232,Male,42,postgraduate,0,0.0,0.0,no,0,0,195.0,112.0,74.5,23.37,58.0,110.0,No Heart Disease
P01233,Female,47,postgraduate,1,3.0,0.0,no,0,0,231.0,133.5,76.0,25.77,75.0,73.0,No Heart Disease
P01234,Male,59,uneducated,0,0.0,0.0,no,0,0,229.0,100.5,66.0,25.18,44.0,81.0,No Heart Disease
P01235,Female,45,graduate,0,0.0,0.0,no,0,0,186.0,104.5,71.0,31.35,55.0,,No Heart Disease
P01236,Male,55,uneducated,1,20.0,0.0,no,0,0,242.0,120.0,86.0,26.77,55.0,73.0,No Heart Disease
P01237,Male,68,uneducated,0,0.0,0.0,no,0,0,230.0,124.0,70.0,22.85,70.0,60.0,No Heart Disease
P01238,Male,61,uneducated,1,20.0,0.0,no,1,0,183.0,156.0,92.0,24.69,75.0,79.0,No Heart Disease
P01239,Female,36,primaryschool,0,0.0,0.0,no,0,1,208.0,156.5,105.0,33.82,95.0,186.0,No Heart Disease
P01240,Male,41,,0,0.0,0.0,no,0,0,190.0,124.0,83.0,27.02,75.0,87.0,No Heart Disease
P01241,Female,45,graduate,1,9.0,0.0,no,1,0,261.0,140.0,88.0,21.44,70.0,78.0,No Heart Disease
P01242,Male,51,uneducated,1,20.0,0.0,no,1,0,246.0,128.0,69.0,27.57,80.0,72.0,Heart Disease
P01243,Male,45,uneducated,0,0.0,0.0,no,0,0,172.0,119.0,84.0,28.25,58.0,98.0,No Heart Disease
P01244,Female,35,primaryschool,0,0.0,0.0,no,0,0,216.0,130.0,68.0,25.94,75.0,90.0,No Heart Disease
P01245,Female,49,graduate,0,0.0,0.0,no,0,0,222.0,118.0,78.0,21.18,70.0,73.0,No Heart Disease
P01246,Female,50,primaryschool,1,10.0,0.0,no,1,0,298.0,156.0,90.0,24.24,75.0,100.0,No Heart Disease
P01247,Male,40,primaryschool,0,0.0,0.0,no,0,0,208.0,148.0,100.0,32.84,85.0,102.0,No Heart Disease
P01248,Female,43,primaryschool,1,2.0,0.0,no,0,0,213.0,113.0,77.0,29.34,100.0,73.0,No Heart Disease
P01249,Female,49,uneducated,1,9.0,0.0,no,1,0,266.0,159.0,88.0,20.66,76.0,84.0,No Heart Disease
P01250,Male,47,graduate,1,15.0,0.0,no,1,0,220.0,127.0,93.0,30.7,82.0,57.0,No Heart Disease
P01251,Female,45,uneducated,0,0.0,0.0,no,0,0,244.0,112.5,77.5,25.97,75.0,,No Heart Disease
P01252,Female,58,primaryschool,0,0.0,0.0,no,1,0,210.0,143.0,101.0,31.34,85.0,80.0,No Heart Disease
P01253,Male,38,graduate,0,0.0,0.0,no,1,0,252.0,125.0,92.0,24.72,60.0,69.0,No Heart Disease
P01254,Male,50,,0,0.0,0.0,no,0,0,200.0,126.0,88.0,26.73,80.0,76.0,Heart Disease
P01255,Female,47,uneducated,1,15.0,0.0,no,0,0,285.0,122.0,70.0,23.48,83.0,82.0,No Heart Disease
P01256,Male,60,primaryschool,0,0.0,0.0,no,0,0,175.0,129.0,89.0,22.16,65.0,75.0,No Heart Disease
P01257,Female,45,graduate,0,0.0,0.0,no,0,0,225.0,108.5,71.5,25.74,72.0,80.0,No Heart Disease
P01258,Male,58,postgraduate,1,20.0,0.0,no,1,0,213.0,162.0,99.0,28.3,60.0,70.0,Heart Disease
P01259,Male,63,uneducated,0,0.0,0.0,no,0,0,252.0,135.5,80.0,28.78,60.0,79.0,No Heart Disease
P01260,Female,43,,0,0.0,0.0,no,0,0,204.0,132.0,88.0,28.59,80.0,83.0,No Heart Disease
P01261,Male,52,uneducated,0,0.0,0.0,no,1,0,318.0,144.0,85.0,27.66,78.0,64.0,No Heart Disease
P01262,Female,47,uneducated,0,0.0,0.0,no,0,0,230.0,123.0,71.0,26.98,83.0,73.0,No Heart Disease
P01263,Female,46,graduate,1,20.0,1.0,no,1,0,248.0,128.0,76.0,28.87,80.0,77.0,No Heart Disease
P01264,Female,49,uneducated,0,0.0,0.0,no,0,0,270.0,126.5,67.5,26.56,70.0,77.0,No Heart Disease
P01265,Male,36,primaryschool,0,0.0,0.0,no,0,0,245.0,131.5,89.0,26.33,100.0,62.0,No Heart Disease
P01266,Male,58,uneducated,1,13.0,0.0,no,0,0,196.0,120.0,74.0,20.12,75.0,73.0,No Heart Disease
P01267,Male,58,uneducated,0,0.0,0.0,no,0,0,220.0,143.0,104.0,29.85,75.0,87.0,Heart Disease
P01268,Female,46,graduate,0,0.0,0.0,no,0,0,190.0,128.0,74.0,23.01,95.0,78.0,No Heart Disease
P01269,Male,61,uneducated,0,0.0,0.0,no,0,1,218.0,160.0,96.0,28.89,75.0,223.0,No Heart Disease
P01270,Female,59,uneducated,1,9.0,0.0,no,0,0,184.0,122.0,74.0,24.66,78.0,67.0,No Heart Disease
P01271,Female,40,primaryschool,0,0.0,0.0,no,0,0,205.0,97.0,63.0,26.56,83.0,80.0,No Heart Disease
P01272,Female,54,uneducated,0,0.0,0.0,no,0,0,272.0,146.0,95.0,23.66,72.0,80.0,No Heart Disease
P01273,Female,56,graduate,0,0.0,0.0,no,1,0,186.0,155.0,102.0,24.38,81.0,75.0,No Heart Disease
P01274,Male,45,uneducated,0,0.0,0.0,no,1,0,218.0,128.0,90.0,32.15,80.0,77.0,No Heart Disease
P01275,Female,51,primaryschool,0,0.0,0.0,no,0,0,234.0,114.0,85.0,28.68,72.0,84.0,No Heart Disease
P01276,Female,53,uneducated,1,3.0,0.0,no,1,0,268.0,136.5,94.5,25.51,100.0,,No Heart Disease
P01277,Female,59,uneducated,1,20.0,0.0,no,1,0,270.0,175.0,95.0,29.69,95.0,76.0,No Heart Disease
P01278,Male,40,uneducated,1,30.0,0.0,no,1,0,154.0,125.0,94.0,29.29,73.0,84.0,No Heart Disease
P01279,Male,53,uneducated,1,30.0,0.0,no,0,0,253.0,121.0,85.5,28.52,80.0,68.0,No Heart Disease
P01280,Male,64,uneducated,1,20.0,0.0,no,0,0,214.0,116.0,77.0,22.48,72.0,71.0,No Heart Disease
P01281,Male,48,primaryschool,1,40.0,0.0,no,0,0,226.0,117.5,80.0,26.18,60.0,66.0,No Heart Disease
P01282,Female,41,primaryschool,0,0.0,0.0,no,0,0,187.0,108.0,64.0,23.63,72.0,70.0,No Heart Disease
P01283,Male,43,primaryschool,0,0.0,0.0,no,0,0,241.0,132.5,87.5,32.02,63.0,83.0,No Heart Disease
P01284,Male,56,uneducated,1,15.0,0.0,no,0,0,195.0,108.0,70.0,22.92,75.0,117.0,No Heart Disease
P01285,Male,41,uneducated,1,15.0,,no,0,0,198.0,114.5,80.0,22.53,72.0,75.0,No Heart Disease
P01286,Female,40,primaryschool,0,0.0,0.0,no,0,0,233.0,108.5,75.0,28.3,60.0,73.0,No Heart Disease
P01287,Female,65,,0,0.0,0.0,no,1,0,220.0,185.5,97.5,38.38,72.0,95.0,Heart Disease
P01288,Female,45,primaryschool,0,0.0,0.0,no,0,0,218.0,110.0,70.0,20.24,80.0,78.0,No Heart Disease
P01289,Female,53,,0,0.0,0.0,no,0,0,225.0,125.0,76.0,30.24,86.0,75.0,No Heart Disease
P01290,Female,60,uneducated,0,0.0,0.0,no,0,0,238.0,140.0,85.0,28.41,80.0,88.0,No Heart Disease
P01291,Female,40,postgraduate,1,15.0,0.0,no,0,0,244.0,110.0,73.0,21.84,88.0,67.0,No Heart Disease
P01292,Female,55,graduate,1,3.0,0.0,no,0,0,222.0,103.0,61.0,23.18,68.0,75.0,Heart Disease
P01293,Male,42,graduate,1,,0.0,no,0,0,225.0,122.5,80.0,25.54,90.0,90.0,No Heart Disease
P01294,Male,47,uneducated,0,0.0,0.0,no,0,0,197.0,115.0,81.0,22.41,50.0,66.0,No Heart Disease
P01295,Female,50,uneducated,0,0.0,0.0,no,1,0,240.0,163.0,105.0,31.37,89.0,75.0,No Heart Disease
P01296,Female,45,primaryschool,1,15.0,0.0,no,0,0,222.0,95.0,58.0,21.68,75.0,77.0,No Heart Disease
P01297,Male,39,primaryschool,1,20.0,0.0,no,0,0,310.0,134.0,90.0,35.11,69.0,88.0,No Heart Disease
P01298,Female,55,primaryschool,1,20.0,0.0,no,0,0,250.0,138.0,87.0,25.33,95.0,,Heart Disease
P01299,Male,40,uneducated,0,0.0,0.0,no,1,0,175.0,173.0,59.0,27.99,70.0,75.0,Heart Disease
P01300,Male,52,primaryschool,1,30.0,0.0,no,1,0,312.0,148.0,99.0,26.73,75.0,65.0,No Heart Disease
P01301,Male,50,uneducated,0,0.0,0.0,no,0,0,253.0,131.0,87.0,26.54,90.0,76.0,No Heart Disease
P01302,Female,43,graduate,1,10.0,,no,0,0,186.0,111.0,82.0,23.22,75.0,82.0,No Heart Disease
P01303,Female,63,uneducated,0,0.0,0.0,no,1,0,226.0,172.5,98.0,26.47,87.0,81.0,No Heart Disease
P01304,Male,55,uneducated,0,0.0,0.0,no,1,1,180.0,174.0,100.0,26.83,71.0,78.0,No Heart Disease
P01305,Male,46,primaryschool,1,43.0,0.0,no,1,0,259.0,125.0,89.0,24.8,100.0,57.0,No Heart Disease
P01306,Male,62,uneducated,0,0.0,0.0,no,0,0,216.0,126.0,82.0,21.18,69.0,69.0,No Heart Disease
P01307,Male,41,primaryschool,1,20.0,0.0,no,0,0,260.0,120.0,72.5,26.36,73.0,88.0,No Heart Disease
P01308,Male,38,primaryschool,1,15.0,0.0,no,0,0,233.0,137.0,75.0,20.55,100.0,107.0,No Heart Disease
P01309,Male,59,uneducated,1,20.0,0.0,no,1,0,280.0,164.0,81.0,29.76,80.0,68.0,No Heart Disease
P01310,Female,34,primaryschool,0,0.0,0.0,no,0,0,170.0,121.0,74.0,20.82,67.0,83.0,No Heart Disease
P01311,Male,50,postgraduate,1,15.0,0.0,no,0,0,212.0,132.0,87.0,25.9,75.0,83.0,No Heart Disease
P01312,Male,59,uneducated,1,20.0,0.0,no,0,0,206.0,115.0,70.0,24.79,84.0,76.0,No Heart Disease
P01313,Male,44,uneducated,1,30.0,0.0,no,1,0,230.0,128.0,87.0,26.02,70.0,73.0,No Heart Disease
P01314,Female,33,uneducated,0,0.0,0.0,no,0,0,158.0,108.0,67.0,19.84,86.0,69.0,No Heart Disease
P01315,Male,64,,0,0.0,0.0,no,1,0,186.0,144.0,76.0,31.23,62.0,93.0,No Heart Disease
P01316,Male,60,uneducated,0,0.0,0.0,no,0,0,183.0,114.0,70.0,23.56,75.0,59.0,No Heart Disease
P01317,Female,55,uneducated,0,0.0,0.0,no,0,0,211.0,136.0,70.0,34.4,75.0,83.0,No Heart Disease
P01318,Female,52,uneducated,0,0.0,0.0,no,0,0,,129.0,80.0,28.06,90.0,,Heart Disease
P01319,Male,50,primaryschool,1,40.0,0.0,no,0,0,238.0,127.5,85.0,27.82,80.0,69.0,No Heart Disease
P01320,Female,35,primaryschool,1,5.0,0.0,no,0,0,186.0,106.0,78.0,24.73,60.0,70.0,No Heart Disease
P01321,Female,57,primaryschool,0,0.0,0.0,no,0,0,239.0,127.0,81.0,21.85,75.0,87.0,No Heart Disease
P01322,Female,60,uneducated,0,0.0,0.0,no,0,0,277.0,126.0,70.0,25.13,60.0,100.0,No Heart Disease
P01323,Female,53,uneducated,1,20.0,0.0,no,1,0,235.0,154.0,98.0,26.91,80.0,65.0,No Heart Disease
P01324,Male,43,primaryschool,1,38.0,0.0,no,0,0,207.0,130.0,86.0,24.96,75.0,103.0,No Heart Disease
P01325,Male,56,uneducated,1,20.0,0.0,no,0,0,256.0,124.0,78.0,26.67,60.0,80.0,No Heart Disease
P01326,Female,36,graduate,0,0.0,0.0,no,0,0,230.0,112.5,73.5,22.36,63.0,65.0,No Heart Disease
P01327,Male,38,primaryschool,0,0.0,0.0,no,1,0,199.0,135.0,90.0,32.19,67.0,85.0,No Heart Disease
P01328,Female,59,primaryschool,1,1.0,0.0,no,0,0,236.0,139.0,84.0,22.7,63.0,,No Heart Disease
P01329,Male,49,primaryschool,0,0.0,0.0,no,1,0,271.0,140.0,108.0,27.66,82.0,77.0,No Heart Disease
P01330,Female,49,uneducated,0,0.0,0.0,no,0,0,250.0,133.5,87.5,29.45,83.0,84.0,No Heart Disease
P01331,Female,42,graduate,1,5.0,0.0,no,0,0,152.0,122.0,76.0,21.26,85.0,78.0,No Heart Disease
P01332,Male,35,postgraduate,1,10.0,0.0,no,0,0,300.0,120.0,84.0,24.69,75.0,99.0,No Heart Disease
P01333,Female,38,primaryschool,0,0.0,0.0,no,0,0,287.0,113.0,80.0,24.56,100.0,75.0,No Heart Disease
P01334,Male,62,uneducated,0,0.0,0.0,no,0,1,237.0,114.0,72.0,25.65,62.0,89.0,No Heart Disease
P01335,Male,44,uneducated,1,20.0,0.0,no,0,0,214.0,128.0,94.0,23.51,72.0,66.0,No Heart Disease
P01336,Female,43,primaryschool,0,0.0,0.0,no,0,0,237.0,130.0,80.0,22.71,65.0,,No Heart Disease
P01337,Female,39,primaryschool,0,0.0,0.0,no,0,0,201.0,151.0,94.0,31.48,80.0,74.0,No Heart Disease
P01338,Female,39,graduate,0,0.0,0.0,no,0,0,180.0,124.0,83.0,22.91,66.0,77.0,No Heart Disease
P01339,Female,46,uneducated,0,0.0,0.0,no,0,0,248.0,115.0,82.0,28.92,93.0,100.0,No Heart Disease
P01340,Male,52,uneducated,1,15.0,0.0,no,0,0,240.0,120.0,77.0,32.27,80.0,62.0,No Heart Disease
P01341,Female,48,uneducated,1,25.0,0.0,no,0,1,304.0,102.0,66.5,28.9,100.0,66.0,Heart Disease
P01342,Male,52,uneducated,1,25.0,0.0,no,0,0,271.0,121.0,73.0,21.85,70.0,86.0,Heart Disease
P01343,Male,57,uneducated,1,20.0,0.0,no,0,0,250.0,127.5,80.0,29.38,80.0,80.0,No Heart Disease
P01344,Female,44,postgraduate,1,25.0,0.0,no,0,0,200.0,111.0,79.0,27.29,95.0,74.0,No Heart Disease
P01345,Female,57,graduate,1,5.0,0.0,no,0,0,272.0,112.5,70.0,23.08,73.0,58.0,No Heart Disease
P01346,Female,49,uneducated,0,0.0,0.0,no,0,0,211.0,103.5,66.5,24.17,75.0,87.0,Heart Disease
P01347,Female,42,primaryschool,0,0.0,0.0,no,1,0,230.0,142.5,97.5,29.94,75.0,75.0,No Heart Disease
P01348,Female,58,postgraduate,1,,0.0,no,1,0,270.0,195.0,117.5,23.35,75.0,,No Heart Disease
P01349,Male,42,postgraduate,0,0.0,0.0,no,0,0,225.0,110.0,73.0,27.67,65.0,65.0,No Heart Disease
P01350,Male,64,uneducated,1,30.0,0.0,no,0,0,185.0,114.0,73.0,34.53,75.0,97.0,No Heart Disease
P01351,Female,49,graduate,1,10.0,0.0,no,0,0,260.0,123.0,80.0,23.1,63.0,65.0,Heart Disease
P01352,Female,59,graduate,0,0.0,0.0,no,0,0,292.0,114.0,84.0,27.39,68.0,72.0,No Heart Disease
P01353,Male,37,primaryschool,1,30.0,0.0,no,0,0,246.0,124.0,83.0,30.93,60.0,85.0,No Heart Disease
P01354,Male,33,primaryschool,0,0.0,0.0,no,1,0,165.0,141.5,95.0,26.74,54.0,77.0,No Heart Disease
P01355,Female,54,uneducated,1,20.0,0.0,no,0,0,,111.0,81.0,25.43,70.0,,No Heart Disease
P01356,Male,38,uneducated,0,0.0,0.0,no,0,0,198.0,119.0,73.0,30.27,68.0,70.0,No Heart Disease
P01357,Male,40,uneducated,0,0.0,0.0,no,0,0,204.0,115.0,83.0,25.05,75.0,76.0,No Heart Disease
P01358,Male,66,uneducated,0,0.0,0.0,no,1,0,253.0,163.0,86.0,24.35,70.0,91.0,No Heart Disease
P01359,Male,64,primaryschool,0,0.0,0.0,no,0,0,210.0,120.0,68.0,24.77,80.0,77.0,Heart Disease
P01360,Female,39,primaryschool,0,0.0,0.0,no,0,0,,126.0,71.0,27.73,73.0,,No Heart Disease
P01361,Male,47,primaryschool,1,50.0,0.0,no,0,0,217.0,145.0,89.0,28.88,82.0,75.0,No Heart Disease
P01362,Male,44,uneducated,1,15.0,0.0,no,1,0,232.0,141.0,104.0,27.38,75.0,,Heart Disease
P01363,Female,39,primaryschool,1,20.0,0.0,no,0,0,190.0,137.0,81.0,19.57,80.0,85.0,Heart Disease
P01364,Male,55,uneducated,1,40.0,0.0,no,0,1,205.0,127.0,76.0,22.24,90.0,325.0,Heart Disease
P01365,Female,41,primaryschool,1,20.0,0.0,no,0,0,235.0,144.0,88.0,24.16,95.0,82.0,No Heart Disease
P01366,Female,56,uneducated,0,0.0,0.0,no,0,0,259.0,138.0,87.0,30.73,60.0,75.0,No Heart Disease
P01367,Female,65,postgraduate,0,0.0,0.0,no,0,0,289.0,149.5,78.0,25.37,70.0,86.0,No Heart Disease
P01368,Female,53,primaryschool,0,0.0,0.0,no,1,0,272.0,146.0,89.0,25.5,73.0,67.0,No Heart Disease
P01369,Male,55,primaryschool,0,0.0,0.0,no,0,0,309.0,126.0,88.0,26.77,68.0,,No Heart Disease
P01370,Female,42,uneducated,0,0.0,0.0,no,0,0,249.0,101.0,70.0,21.74,94.0,60.0,No Heart Disease
P01371,Male,45,primaryschool,1,20.0,0.0,no,0,0,194.0,133.0,83.0,20.41,55.0,76.0,Heart Disease
P01372,Female,55,primaryschool,0,0.0,0.0,no,1,0,340.0,140.0,83.0,26.18,75.0,83.0,No Heart Disease
P01373,Male,53,primaryschool,1,20.0,0.0,no,0,0,314.0,128.0,77.0,24.74,60.0,78.0,No Heart Disease
P01374,Male,62,uneducated,1,30.0,0.0,no,0,0,226.0,106.0,67.5,23.88,60.0,87.0,No Heart Disease
P01375,Male,54,uneducated,0,0.0,0.0,no,0,0,225.0,113.5,74.0,25.63,70.0,80.0,No Heart Disease
P01376,Female,61,,0,0.0,0.0,no,0,0,265.0,123.0,79.0,26.07,81.0,114.0,No Heart Disease
P01377,Female,43,primaryschool,0,0.0,0.0,no,0,0,232.0,138.0,88.0,22.53,70.0,96.0,No Heart Disease
P01378,Female,43,primaryschool,0,0.0,1.0,no,1,0,234.0,127.0,88.0,33.17,85.0,,No Heart Disease
P01379,Male,49,primaryschool,1,20.0,0.0,no,0,0,278.0,135.0,76.0,29.03,82.0,75.0,Heart Disease
P01380,Female,66,primaryschool,0,0.0,0.0,no,0,0,305.0,138.0,86.0,20.74,75.0,62.0,Heart Disease
P01381,Male,42,,1,30.0,0.0,no,0,0,224.0,127.5,89.0,29.84,79.0,75.0,No Heart Disease
P01382,Female,64,uneducated,1,8.0,0.0,no,1,0,317.0,182.5,88.0,20.52,75.0,79.0,No Heart Disease
P01383,Female,43,graduate,1,20.0,0.0,no,0,0,292.0,109.0,73.0,22.87,90.0,93.0,No Heart Disease
P01384,Female,42,graduate,1,20.0,0.0,no,0,0,175.0,132.0,86.0,20.53,80.0,88.0,No Heart Disease
P01385,Male,46,graduate,0,0.0,0.0,no,1,0,295.0,172.5,116.5,27.18,70.0,77.0,No Heart Disease
P01386,Male,43,postgraduate,0,0.0,0.0,no,0,0,262.0,121.0,79.0,24.01,85.0,87.0,No Heart Disease
P01387,Female,53,uneducated,0,0.0,0.0,no,0,0,234.0,126.0,73.0,27.6,75.0,90.0,No Heart Disease
P01388,Male,50,graduate,1,25.0,0.0,no,0,0,240.0,112.0,82.0,24.39,66.0,62.0,No Heart Disease
P01389,Female,46,graduate,1,10.0,0.0,no,0,0,251.0,121.0,81.0,23.05,75.0,84.0,No Heart Disease
P01390,Female,51,primaryschool,0,0.0,1.0,no,1,0,358.0,134.0,87.0,29.36,75.0,87.0,Heart Disease
P01391,Female,67,primaryschool,1,20.0,0.0,no,1,0,239.0,154.0,90.0,28.56,72.0,90.0,Heart Disease
P01392,Male,51,postgraduate,1,10.0,0.0,no,0,0,185.0,125.0,85.0,29.43,56.0,72.0,Heart Disease
P01393,Female,45,primaryschool,1,20.0,0.0,no,0,0,217.0,109.0,72.0,33.65,75.0,68.0,No Heart Disease
P01394,Male,44,uneducated,1,10.0,0.0,no,0,0,220.0,105.0,70.0,21.01,58.0,68.0,No Heart Disease
P01395,Male,47,,0,0.0,0.0,no,0,0,292.0,123.0,87.0,21.97,80.0,78.0,No Heart Disease
P01396,Female,42,uneducated,1,15.0,0.0,no,0,0,228.0,131.0,85.0,25.08,72.0,,No Heart Disease
P01397,Male,44,graduate,1,23.0,0.0,no,0,0,272.0,115.0,76.0,24.16,80.0,77.0,No Heart Disease
P01398,Female,48,primaryschool,0,0.0,0.0,no,1,0,211.0,149.0,100.0,30.91,78.0,62.0,No Heart Disease
P01399,Male,36,postgraduate,1,15.0,0.0,no,0,0,155.0,123.0,78.0,22.05,67.0,78.0,No Heart Disease
P01400,Male,63,uneducated,1,20.0,0.0,no,1,0,252.0,149.0,90.0,33.49,82.0,83.0,No Heart Disease
P01401,Female,43,uneducated,1,10.0,0.0,no,0,0,216.0,116.0,74.0,22.65,90.0,,No Heart Disease
P01402,Male,36,postgraduate,0,0.0,0.0,no,0,0,172.0,122.5,82.5,28.53,82.0,75.0,No Heart Disease
P01403,Female,65,uneducated,0,0.0,0.0,no,1,0,244.0,162.0,98.0,24.5,70.0,82.0,No Heart Disease
P01404,Female,48,graduate,1,3.0,0.0,no,0,0,246.0,129.0,86.0,25.04,80.0,87.0,No Heart Disease
P01405,Female,63,primaryschool,0,0.0,0.0,no,1,0,276.0,144.0,90.0,21.35,70.0,78.0,No Heart Disease
P01406,Male,40,postgraduate,1,20.0,0.0,no,0,0,229.0,137.0,85.0,35.2,66.0,55.0,No Heart Disease
P01407,Female,40,primaryschool,0,0.0,0.0,no,1,0,204.0,122.0,94.0,29.86,87.0,82.0,No Heart Disease
P01408,Female,42,uneducated,0,0.0,0.0,no,0,0,170.0,113.0,79.0,21.31,70.0,65.0,Heart Disease
P01409,Male,43,primaryschool,1,20.0,0.0,no,0,0,153.0,130.0,83.5,19.84,63.0,,No Heart Disease
P01410,Female,63,primaryschool,0,0.0,0.0,no,0,0,192.0,143.0,87.0,23.64,75.0,100.0,No Heart Disease
P01411,Male,36,postgraduate,0,0.0,0.0,no,0,0,234.0,133.0,88.0,26.78,58.0,100.0,No Heart Disease
P01412,Female,36,graduate,0,0.0,0.0,no,0,0,295.0,114.5,72.0,24.11,85.0,,No Heart Disease
P01413,Female,46,primaryschool,1,20.0,0.0,no,0,0,161.0,100.0,64.0,20.66,75.0,60.0,No Heart Disease
P01414,Male,39,uneducated,1,40.0,0.0,no,0,0,251.0,115.0,77.0,24.01,65.0,98.0,No Heart Disease
P01415,Female,39,uneducated,1,15.0,0.0,no,0,0,255.0,142.0,85.5,24.89,100.0,108.0,No Heart Disease
P01416,Female,51,uneducated,1,15.0,0.0,no,0,0,345.0,142.0,88.0,19.05,80.0,73.0,No Heart Disease
P01417,Male,48,uneducated,1,30.0,0.0,no,0,0,212.0,139.0,86.0,20.27,66.0,62.0,Heart Disease
P01418,Female,57,graduate,0,0.0,0.0,no,0,0,210.0,131.0,85.0,26.59,70.0,77.0,No Heart Disease
P01419,Male,41,primaryschool,1,20.0,0.0,no,1,0,245.0,146.0,86.0,24.5,80.0,72.0,No Heart Disease
P01420,Male,42,graduate,1,20.0,0.0,no,0,0,231.0,123.0,87.0,21.48,75.0,44.0,No Heart Disease
P01421,Female,38,graduate,1,5.0,0.0,no,0,0,187.0,118.0,78.0,30.06,64.0,63.0,No Heart Disease
P01422,Female,41,uneducated,1,15.0,0.0,no,0,0,190.0,95.0,57.0,20.0,75.0,77.0,No Heart Disease
P01423,Female,43,primaryschool,1,15.0,0.0,no,1,0,174.0,158.5,100.5,35.99,82.0,88.0,No Heart Disease
P01424,Female,55,uneducated,0,0.0,0.0,no,1,0,243.0,142.0,92.0,30.24,70.0,85.0,No Heart Disease
P01425,Female,38,primaryschool,1,7.0,0.0,no,0,0,160.0,95.0,65.0,21.99,72.0,77.0,No Heart Disease
P01426,Female,46,primaryschool,1,20.0,0.0,no,0,0,250.0,115.0,74.0,22.7,100.0,69.0,No Heart Disease
P01427,Male,45,graduate,1,23.0,0.0,no,0,0,263.0,115.0,76.0,24.94,68.0,78.0,No Heart Disease
P01428,Female,53,graduate,1,20.0,0.0,no,0,0,221.0,131.0,89.0,24.09,90.0,95.0,No Heart Disease
P01429,Male,44,uneducated,1,20.0,0.0,no,0,0,271.0,136.0,90.0,25.24,80.0,64.0,No Heart Disease
P01430,Female,52,graduate,0,0.0,0.0,no,0,0,275.0,137.0,85.0,25.89,70.0,,No Heart Disease
P01431,Male,51,graduate,1,20.0,0.0,no,1,0,260.0,123.0,72.0,26.83,65.0,65.0,Heart Disease
P01432,Male,39,uneducated,0,0.0,0.0,no,0,0,213.0,130.0,72.0,22.32,80.0,78.0,No Heart Disease
P01433,Female,51,primaryschool,0,0.0,0.0,no,0,0,239.0,127.5,77.5,26.65,70.0,79.0,No Heart Disease
P01434,Female,55,uneducated,0,0.0,0.0,no,0,0,252.0,130.0,82.0,29.17,78.0,85.0,No Heart Disease
P01435,Male,43,uneducated,1,25.0,0.0,no,0,0,201.0,121.0,82.0,23.84,70.0,91.0,No Heart Disease
P01436,Female,67,primaryschool,0,0.0,0.0,no,0,0,261.0,135.0,80.0,21.8,72.0,93.0,No Heart Disease
P01437,Female,55,graduate,0,0.0,0.0,no,1,0,329.0,145.0,82.0,23.43,70.0,95.0,No Heart Disease
P01438,Female,39,uneducated,0,0.0,0.0,no,0,0,229.0,125.0,80.0,24.1,75.0,58.0,No Heart Disease
P01439,Male,54,uneducated,0,0.0,0.0,no,0,0,254.0,136.5,83.0,20.55,88.0,95.0,No Heart Disease
P01440,Male,41,primaryschool,1,30.0,0.0,no,0,0,293.0,115.0,77.5,26.26,85.0,57.0,No Heart Disease
P01441,Female,48,uneducated,0,0.0,0.0,no,0,0,250.0,117.0,81.0,27.04,80.0,65.0,No Heart Disease
P01442,Female,45,primaryschool,0,0.0,0.0,no,0,0,262.0,116.0,66.0,21.56,66.0,76.0,No Heart Disease
P01443,Male,61,uneducated,1,3.0,0.0,no,1,0,256.0,165.0,80.0,24.12,75.0,97.0,No Heart Disease
P01444,Male,38,uneducated,1,30.0,0.0,no,1,0,239.0,141.0,98.0,27.8,90.0,85.0,No Heart Disease
P01445,Female,49,graduate,1,1.0,0.0,no,0,0,186.0,120.0,74.0,19.39,80.0,69.0,No Heart Disease
P01446,Female,47,graduate,1,2.0,0.0,no,0,0,232.0,110.0,70.0,25.86,76.0,82.0,No Heart Disease
P01447,Female,59,uneducated,0,0.0,0.0,no,1,0,260.0,162.5,105.0,24.39,75.0,72.0,No Heart Disease
P01448,Female,60,uneducated,0,0.0,0.0,no,0,0,391.0,114.0,64.0,24.57,82.0,83.0,No Heart Disease
P01449,Female,48,primaryschool,1,20.0,0.0,no,1,0,,153.5,95.0,26.35,100.0,,No Heart Disease
P01450,Male,37,uneducated,1,30.0,0.0,no,0,0,275.0,127.0,80.0,27.22,85.0,93.0,No Heart Disease
P01451,Female,48,primaryschool,0,0.0,0.0,no,0,0,231.0,115.0,69.0,25.48,90.0,77.0,No Heart Disease
P01452,Male,54,uneducated,1,,0.0,no,0,0,219.0,110.0,72.0,26.05,95.0,86.0,No Heart Disease
P01453,Male,39,uneducated,1,60.0,0.0,no,0,0,215.0,112.0,65.0,23.6,59.0,78.0,No Heart Disease
P01454,Male,46,uneducated,1,20.0,0.0,no,0,0,279.0,118.0,82.0,22.78,58.0,74.0,No Heart Disease
P01455,Female,58,primaryschool,0,0.0,0.0,no,1,0,249.0,151.0,97.5,22.88,75.0,84.0,No Heart Disease
P01456,Male,46,uneducated,1,5.0,0.0,no,0,0,198.0,109.0,81.0,23.28,62.0,85.0,Heart Disease
P01457,Female,65,uneducated,0,0.0,0.0,no,0,0,246.0,119.0,76.0,19.83,75.0,156.0,No Heart Disease
P01458,Female,59,uneducated,0,0.0,0.0,no,0,0,246.0,135.0,70.0,18.43,80.0,107.0,No Heart Disease
P01459,Male,52,primaryschool,0,0.0,0.0,no,0,0,310.0,135.0,89.0,29.51,64.0,74.0,Heart Disease
P01460,Female,40,primaryschool,0,0.0,0.0,no,0,0,219.0,100.0,60.0,19.78,72.0,60.0,No Heart Disease
P01461,Male,54,primaryschool,1,30.0,0.0,no,0,0,215.0,117.5,70.5,26.77,60.0,75.0,No Heart Disease
P01462,Female,51,graduate,0,0.0,0.0,no,0,0,214.0,139.0,93.0,29.8,67.0,82.0,No Heart Disease
P01463,Female,60,uneducated,0,0.0,0.0,no,0,0,318.0,132.0,75.5,18.87,105.0,82.0,No Heart Disease
P01464,Male,51,uneducated,1,50.0,0.0,no,0,0,335.0,125.5,94.0,27.77,80.0,67.0,No Heart Disease
P01465,Female,44,uneducated,0,0.0,0.0,no,0,0,206.0,121.0,81.0,24.12,64.0,77.0,No Heart Disease
P01466,Female,47,uneducated,1,20.0,0.0,no,1,0,325.0,160.0,95.0,32.07,95.0,87.0,No Heart Disease
P01467,Male,59,postgraduate,0,0.0,0.0,no,0,0,237.0,111.0,80.0,29.77,65.0,72.0,No Heart Disease
P01468,Male,40,primaryschool,0,0.0,0.0,no,0,0,234.0,127.0,79.0,26.56,60.0,92.0,No Heart Disease
P01469,Male,50,uneducated,1,60.0,0.0,no,1,0,340.0,134.0,95.0,30.46,85.0,86.0,No Heart Disease
P01470,Female,54,graduate,0,0.0,0.0,no,1,0,258.0,148.0,93.0,20.51,74.0,95.0,No Heart Disease
P01471,Female,53,graduate,0,0.0,0.0,no,1,0,238.0,172.5,91.0,24.16,112.0,,No Heart Disease
P01472,Female,51,graduate,0,0.0,0.0,no,0,0,260.0,107.5,70.0,23.53,80.0,67.0,No Heart Disease
P01473,Male,61,uneducated,1,7.0,0.0,no,1,0,176.0,125.0,82.0,29.82,70.0,75.0,No Heart Disease
P01474,Male,41,postgraduate,0,0.0,0.0,no,1,0,206.0,124.0,90.0,30.69,75.0,83.0,No Heart Disease
P01475,Female,47,uneducated,0,0.0,0.0,no,0,0,278.0,156.0,96.0,27.86,80.0,70.0,No Heart Disease
P01476,Female,46,primaryschool,1,3.0,0.0,no,0,0,214.0,128.0,71.0,21.82,63.0,66.0,No Heart Disease
P01477,Female,60,primaryschool,0,0.0,0.0,no,1,0,334.0,132.0,94.0,25.38,80.0,98.0,Heart Disease
P01478,Female,49,primaryschool,0,0.0,0.0,no,0,0,290.0,137.5,92.0,24.46,80.0,74.0,No Heart Disease
P01479,Female,57,,0,0.0,1.0,no,1,0,190.0,155.0,85.0,26.08,55.0,66.0,No Heart Disease
P01480,Female,45,uneducated,0,0.0,0.0,no,1,0,172.0,137.0,92.5,30.35,90.0,83.0,Heart Disease
P01481,Female,39,graduate,0,0.0,0.0,no,0,0,194.0,115.0,70.0,25.73,70.0,54.0,No Heart Disease
P01482,Male,61,uneducated,0,0.0,0.0,no,0,0,295.0,131.5,85.0,27.33,80.0,83.0,No Heart Disease
P01483,Female,40,primaryschool,0,0.0,0.0,no,0,0,185.0,117.5,72.0,21.12,70.0,79.0,No Heart Disease
P01484,Male,55,uneducated,0,0.0,0.0,no,0,0,255.0,129.0,78.0,26.36,69.0,79.0,No Heart Disease
P01485,Male,61,postgraduate,0,0.0,0.0,no,0,0,179.0,112.0,66.5,24.38,60.0,100.0,No Heart Disease
P01486,Male,52,primaryschool,1,20.0,0.0,no,0,1,258.0,132.0,80.0,27.52,90.0,268.0,Heart Disease
P01487,Male,54,uneducated,0,0.0,0.0,no,0,0,206.0,141.0,92.0,35.85,75.0,120.0,No Heart Disease
P01488,Female,50,primaryschool,0,0.0,0.0,no,1,0,215.0,130.5,98.0,24.94,68.0,100.0,No Heart Disease
P01489,Male,37,postgraduate,1,60.0,0.0,no,0,0,254.0,122.5,82.5,23.87,88.0,83.0,No Heart Disease
P01490,Female,55,uneducated,0,0.0,0.0,no,0,0,230.0,109.0,70.0,28.27,72.0,73.0,No Heart Disease
P01491,Female,61,primaryschool,1,20.0,0.0,no,1,0,326.0,141.0,75.0,26.11,60.0,72.0,No Heart Disease
P01492,Female,63,postgraduate,0,0.0,0.0,no,0,0,232.0,126.0,66.0,22.62,55.0,79.0,No Heart Disease
P01493,Female,57,uneducated,0,0.0,0.0,no,0,0,306.0,135.0,88.0,28.36,80.0,70.0,No Heart Disease
P01494,Male,46,uneducated,1,20.0,0.0,no,0,0,210.0,103.0,73.0,18.0,78.0,,No Heart Disease
P01495,Female,58,primaryschool,1,3.0,0.0,no,0,0,242.0,123.0,69.0,23.38,74.0,72.0,No Heart Disease
P01496,Female,57,postgraduate,0,0.0,0.0,no,0,0,160.0,105.0,70.0,27.01,52.0,61.0,No Heart Disease
P01497,Female,40,graduate,1,15.0,0.0,no,0,0,304.0,121.0,88.0,22.52,60.0,80.0,No Heart Disease
P01498,Male,55,uneducated,1,,0.0,no,0,0,214.0,132.5,85.5,29.25,70.0,103.0,No Heart Disease
P01499,Female,43,graduate,1,20.0,0.0,no,0,0,232.0,122.0,70.0,23.09,67.0,77.0,No Heart Disease
P01500,Female,46,primaryschool,0,0.0,0.0,no,0,0,165.0,127.5,87.0,23.29,70.0,75.0,No Heart Disease
P01501,Male,52,uneducated,1,20.0,0.0,no,0,0,262.0,100.0,68.0,18.65,70.0,74.0,No Heart Disease
P01502,Female,52,graduate,0,0.0,0.0,no,0,0,234.0,126.0,85.0,26.36,72.0,96.0,No Heart Disease
P01503,Male,64,primaryschool,0,0.0,0.0,no,0,0,217.0,129.0,61.0,21.85,68.0,81.0,No Heart Disease
P01504,Male,62,uneducated,0,0.0,0.0,no,0,0,275.0,111.0,63.0,22.68,75.0,78.0,No Heart Disease
P01505,Female,42,graduate,0,0.0,0.0,no,1,0,230.0,142.5,79.0,25.15,82.0,99.0,No Heart Disease
P01506,Female,47,postgraduate,1,20.0,0.0,no,0,0,241.0,122.5,77.0,22.18,90.0,78.0,No Heart Disease
P01507,Male,38,graduate,1,20.0,0.0,no,0,0,250.0,118.0,80.0,31.22,95.0,,No Heart Disease
P01508,Male,52,uneducated,0,0.0,0.0,no,0,0,265.0,143.0,94.5,26.0,50.0,75.0,No Heart Disease
P01509,Male,42,uneducated,1,20.0,0.0,no,0,0,220.0,112.5,80.0,29.0,60.0,60.0,No Heart Disease
P01510,Male,39,postgraduate,1,20.0,0.0,no,0,0,217.0,107.0,73.0,23.98,73.0,67.0,No Heart Disease
P01511,Female,51,primaryschool,0,0.0,0.0,no,1,0,320.0,142.5,93.5,33.66,65.0,80.0,No Heart Disease
P01512,Female,38,primaryschool,0,0.0,0.0,no,0,0,255.0,125.0,85.0,23.05,72.0,73.0,No Heart Disease
P01513,Female,63,uneducated,0,0.0,0.0,no,0,0,222.0,146.0,78.0,16.92,65.0,74.0,Heart Disease
P01514,Female,41,primaryschool,0,0.0,0.0,no,0,0,235.0,143.5,90.0,26.22,70.0,83.0,No Heart Disease
P01515,Male,58,primaryschool,1,20.0,0.0,no,0,0,220.0,129.0,82.0,26.33,72.0,80.0,Heart Disease
P01516,Female,47,uneducated,1,43.0,0.0,no,0,0,252.0,132.5,85.0,20.05,72.0,80.0,No Heart Disease
P01517,Male,36,postgraduate,0,0.0,0.0,no,0,0,219.0,121.0,66.0,20.86,74.0,76.0,No Heart Disease
P01518,Female,56,graduate,0,0.0,0.0,no,0,0,248.0,112.5,60.0,22.69,75.0,92.0,No Heart Disease
P01519,Female,47,primaryschool,1,9.0,0.0,no,1,0,253.0,129.0,81.0,22.18,70.0,122.0,Heart Disease
P01520,Male,49,primaryschool,1,20.0,0.0,no,1,0,273.0,142.0,108.0,23.19,95.0,72.0,No Heart Disease
P01521,Female,41,uneducated,1,43.0,0.0,no,1,0,306.0,199.0,106.0,38.75,100.0,75.0,No Heart Disease
P01522,Female,57,graduate,1,20.0,1.0,no,1,0,262.0,140.0,93.0,22.0,108.0,,Heart Disease
P01523,Male,51,postgraduate,1,10.0,0.0,no,1,0,269.0,134.0,92.0,30.39,85.0,81.0,No Heart Disease
P01524,Female,40,primaryschool,0,0.0,0.0,no,0,0,190.0,112.0,80.0,26.13,93.0,78.0,No Heart Disease
P01525,Female,37,postgraduate,0,0.0,0.0,no,1,0,240.0,125.0,96.0,27.17,75.0,,No Heart Disease
P01526,Female,44,primaryschool,0,0.0,0.0,no,1,0,169.0,179.0,107.0,44.55,70.0,77.0,No Heart Disease
P01527,Female,36,graduate,1,25.0,0.0,no,0,0,220.0,125.0,85.0,21.34,95.0,82.0,No Heart Disease
P01528,Female,61,primaryschool,0,0.0,0.0,no,1,0,210.0,179.0,100.0,21.64,78.0,95.0,No Heart Disease
P01529,Female,51,graduate,1,15.0,0.0,no,0,0,326.0,101.0,67.0,22.73,69.0,87.0,No Heart Disease
P01530,Female,43,primaryschool,1,20.0,0.0,no,0,0,195.0,104.0,57.0,20.86,75.0,78.0,No Heart Disease
P01531,Female,48,uneducated,0,0.0,0.0,no,0,0,205.0,112.0,71.0,17.11,73.0,75.0,No Heart Disease
P01532,Female,37,postgraduate,0,0.0,0.0,no,0,0,169.0,104.0,66.0,20.84,70.0,72.0,No Heart Disease
P01533,Male,44,primaryschool,1,20.0,0.0,no,1,0,264.0,138.0,92.0,28.32,63.0,67.0,No Heart Disease
P01534,Female,54,uneducated,0,0.0,0.0,no,0,0,218.0,130.0,85.0,20.55,72.0,85.0,No Heart Disease
P01535,Male,54,graduate,1,29.0,0.0,no,0,0,211.0,120.0,72.0,25.13,77.0,60.0,No Heart Disease
P01536,Female,59,postgraduate,0,0.0,0.0,no,0,0,239.0,124.0,72.0,19.34,80.0,70.0,No Heart Disease
P01537,Female,44,uneducated,1,9.0,0.0,no,0,0,185.0,133.0,69.0,22.34,70.0,76.0,No Heart Disease
P01538,Female,48,graduate,0,0.0,0.0,no,0,0,258.0,109.5,74.0,26.73,68.0,,No Heart Disease
P01539,Female,45,postgraduate,0,0.0,0.0,no,0,0,220.0,108.0,81.0,25.68,75.0,70.0,No Heart Disease
P01540,Female,53,uneducated,1,40.0,0.0,no,0,0,183.0,129.0,80.0,26.51,78.0,80.0,No Heart Disease
P01541,Male,53,primaryschool,1,20.0,0.0,no,0,0,211.0,112.5,70.0,22.74,63.0,,No Heart Disease
P01542,Male,46,graduate,1,10.0,0.0,no,0,0,214.0,118.0,82.0,29.41,66.0,94.0,No Heart Disease
P01543,Female,63,primaryschool,0,0.0,0.0,no,1,0,293.0,186.5,97.0,30.47,60.0,96.0,No Heart Disease
P01544,Male,52,graduate,0,0.0,0.0,no,1,0,238.0,131.0,99.0,31.19,96.0,86.0,No Heart Disease
P01545,Male,42,uneducated,1,20.0,0.0,no,0,0,410.0,116.0,83.0,21.68,90.0,83.0,No Heart Disease
P01546,Female,48,uneducated,0,0.0,0.0,no,0,0,193.0,138.5,87.5,25.1,64.0,90.0,No Heart Disease
P01547,Male,48,postgraduate,1,20.0,0.0,no,0,0,212.0,120.0,72.0,22.01,72.0,77.0,No Heart Disease
P01548,Female,42,postgraduate,0,0.0,0.0,no,0,0,182.0,138.0,91.0,20.02,90.0,74.0,No Heart Disease
P01549,Female,59,uneducated,0,0.0,0.0,no,0,0,276.0,127.5,85.5,22.91,78.0,60.0,No Heart Disease
P01550,Male,40,postgraduate,0,0.0,0.0,no,1,0,213.0,145.0,100.5,27.34,95.0,117.0,No Heart Disease
P01551,Female,45,primaryschool,1,20.0,1.0,no,1,0,213.0,150.0,90.0,22.35,65.0,72.0,No Heart Disease
P01552,Male,38,uneducated,1,9.0,0.0,no,0,0,274.0,120.0,80.0,25.17,80.0,68.0,No Heart Disease
P01553,Female,46,uneducated,1,20.0,0.0,no,0,0,182.0,117.0,78.0,22.15,72.0,59.0,No Heart Disease
P01554,Male,67,uneducated,1,15.0,0.0,yes,1,0,285.0,155.0,90.0,30.42,70.0,77.0,Heart Disease
P01555,Female,53,postgraduate,1,1.0,0.0,no,1,0,297.0,164.0,102.0,24.5,75.0,95.0,No Heart Disease
P01556,Female,38,primaryschool,1,12.0,0.0,no,0,0,209.0,122.5,76.5,24.51,90.0,73.0,No Heart Disease
P01557,Female,43,primaryschool,0,0.0,0.0,no,0,0,213.0,96.0,62.0,19.38,74.0,80.0,No Heart Disease
P01558,Male,59,uneducated,0,0.0,1.0,no,1,0,294.0,170.0,103.0,31.6,66.0,70.0,No Heart Disease
P01559,Female,61,uneducated,0,0.0,0.0,no,1,0,250.0,173.0,89.0,29.25,90.0,87.0,No Heart Disease
P01560,Male,52,postgraduate,1,20.0,0.0,no,0,0,167.0,134.0,80.0,29.77,72.0,102.0,No Heart Disease
P01561,Female,53,primaryschool,0,0.0,0.0,no,1,0,258.0,186.0,101.0,28.9,80.0,70.0,No Heart Disease
P01562,Male,67,uneducated,0,0.0,0.0,no,1,0,222.0,154.0,106.0,26.71,85.0,74.0,No Heart Disease
P01563,Female,37,graduate,0,0.0,0.0,no,0,0,190.0,102.0,65.0,20.68,89.0,87.0,No Heart Disease
P01564,Female,54,uneducated,0,0.0,0.0,no,1,0,302.0,160.0,94.0,29.4,75.0,75.0,No Heart Disease
P01565,Male,54,uneducated,0,0.0,0.0,no,0,0,179.0,103.0,73.0,21.03,60.0,84.0,No Heart Disease
P01566,Male,55,primaryschool,0,0.0,0.0,no,0,0,219.0,115.0,84.0,26.08,88.0,93.0,No Heart Disease
P01567,Male,58,uneducated,1,30.0,,no,0,0,200.0,144.0,90.0,24.9,75.0,76.0,No Heart Disease
P01568,Female,62,graduate,0,0.0,0.0,no,1,0,312.0,204.0,118.0,24.83,67.0,86.0,Heart Disease
P01569,Male,52,uneducated,1,20.0,0.0,no,0,0,233.0,114.0,78.0,22.81,50.0,73.0,No Heart Disease
P01570,Female,41,uneducated,1,20.0,0.0,no,0,0,223.0,114.0,72.0,26.42,78.0,,No Heart Disease
P01571,Female,47,primaryschool,0,0.0,0.0,no,0,0,187.0,127.5,90.0,24.63,110.0,72.0,Heart Disease
P01572,Male,47,uneducated,0,0.0,0.0,no,0,0,219.0,116.0,82.0,24.05,58.0,87.0,No Heart Disease
P01573,Female,39,primaryschool,1,20.0,0.0,no,0,0,323.0,131.5,85.0,24.79,68.0,93.0,No Heart Disease
P01574,Female,67,primaryschool,0,0.0,,no,0,0,261.0,117.0,63.0,22.55,75.0,83.0,No Heart Disease
P01575,Female,64,postgraduate,0,0.0,0.0,no,0,0,239.0,114.5,65.5,19.34,64.0,,No Heart Disease
P01576,Female,39,primaryschool,1,40.0,0.0,no,0,0,,98.0,62.0,23.68,70.0,,No Heart Disease
P01577,Female,46,primaryschool,1,20.0,0.0,no,1,0,271.0,158.0,94.0,25.17,78.0,71.0,No Heart Disease
P01578,Female,51,uneducated,0,0.0,0.0,no,0,0,226.0,130.0,80.0,23.24,60.0,63.0,No Heart Disease
P01579,Female,38,primaryschool,1,30.0,0.0,no,0,0,255.0,123.5,84.5,25.33,77.0,88.0,No Heart Disease
P01580,Male,61,primaryschool,1,15.0,0.0,no,0,0,204.0,120.0,80.0,25.71,80.0,83.0,Heart Disease
P01581,Male,40,graduate,0,0.0,0.0,no,1,0,286.0,111.0,95.5,29.42,70.0,89.0,No Heart Disease
P01582,Female,42,uneducated,1,20.0,0.0,no,0,0,248.0,106.0,70.0,20.77,68.0,,No Heart Disease
P01583,Female,52,graduate,0,0.0,0.0,no,0,0,272.0,112.5,75.5,22.69,90.0,83.0,No Heart Disease
P01584,Male,36,primaryschool,1,20.0,0.0,no,0,0,242.0,118.5,84.5,24.04,78.0,103.0,Heart Disease
P01585,Male,40,primaryschool,1,20.0,0.0,no,0,0,203.0,112.5,70.0,22.71,75.0,72.0,No Heart Disease
P01586,Female,63,uneducated,0,0.0,0.0,no,0,0,234.0,140.0,93.0,28.69,60.0,87.0,No Heart Disease
P01587,Female,55,primaryschool,1,20.0,0.0,no,0,0,246.0,139.0,90.0,29.0,87.0,100.0,No Heart Disease
P01588,Female,42,postgraduate,0,0.0,0.0,no,0,0,212.0,110.0,65.0,23.64,53.0,63.0,No Heart Disease
P01589,Male,55,uneducated,1,20.0,0.0,no,1,0,259.0,217.0,112.0,29.6,63.0,77.0,Heart Disease
P01590,Female,39,graduate,1,30.0,0.0,no,1,0,235.0,196.0,116.0,29.7,73.0,87.0,Heart Disease
P01591,Female,57,primaryschool,0,0.0,0.0,no,0,0,309.0,130.0,75.5,25.99,96.0,75.0,No Heart Disease
P01592,Female,60,uneducated,0,0.0,0.0,no,1,0,170.0,146.0,89.0,32.41,68.0,81.0,Heart Disease
P01593,Male,53,uneducated,0,0.0,0.0,no,0,0,157.0,123.0,83.0,19.94,75.0,88.0,No Heart Disease
P01594,Female,39,graduate,1,3.0,0.0,no,0,0,186.0,114.0,77.0,21.01,80.0,85.0,No Heart Disease
P01595,Female,40,primaryschool,0,0.0,0.0,no,0,0,164.0,135.0,75.0,,75.0,85.0,No Heart Disease
P01596,Female,62,graduate,0,0.0,0.0,no,1,0,249.0,176.0,89.0,24.49,75.0,81.0,No Heart Disease
P01597,Male,45,graduate,1,30.0,0.0,no,1,0,270.0,140.0,94.0,30.39,75.0,80.0,No Heart Disease
P01598,Female,40,primaryschool,0,0.0,0.0,no,0,0,168.0,111.0,78.0,20.82,65.0,74.0,No Heart Disease
P01599,Female,58,uneducated,1,1.0,0.0,no,1,0,289.0,156.5,85.0,25.46,100.0,86.0,No Heart Disease
P01600,Female,36,primaryschool,1,20.0,0.0,no,0,0,272.0,113.0,66.5,20.69,67.0,59.0,No Heart Disease
P01601,Male,66,postgraduate,1,18.0,0.0,no,0,0,235.0,142.0,76.0,26.37,57.0,93.0,No Heart Disease
P01602,Female,62,postgraduate,0,0.0,1.0,no,1,0,274.0,167.0,94.0,28.18,100.0,80.0,Heart Disease
P01603,Male,63,uneducated,0,0.0,0.0,no,1,0,246.0,193.0,104.0,23.08,80.0,73.0,No Heart Disease
P01604,Female,61,uneducated,1,10.0,0.0,no,0,0,200.0,187.0,95.5,21.57,58.0,64.0,No Heart Disease
P01605,Male,40,,1,20.0,0.0,no,0,0,266.0,101.0,73.0,,70.0,64.0,No Heart Disease
P01606,Female,41,uneducated,1,15.0,0.0,no,0,0,249.0,107.5,75.0,23.69,83.0,78.0,No Heart Disease
P01607,Male,47,uneducated,0,0.0,0.0,no,0,0,271.0,147.0,97.0,24.99,90.0,78.0,No Heart Disease
P01608,Male,44,primaryschool,0,0.0,0.0,no,0,0,286.0,112.5,72.5,24.72,85.0,76.0,No Heart Disease
P01609,Female,46,graduate,0,0.0,0.0,no,1,0,237.0,196.0,120.0,31.64,58.0,60.0,Heart Disease
P01610,Female,45,primaryschool,1,20.0,0.0,no,1,0,234.0,189.0,87.0,23.1,96.0,90.0,No Heart Disease
P01611,Female,61,uneducated,1,,0.0,no,1,0,356.0,168.0,98.0,27.3,103.0,106.0,No Heart Disease
P01612,Female,43,primaryschool,0,0.0,0.0,no,0,0,255.0,130.0,85.0,29.56,80.0,78.0,No Heart Disease
P01613,Female,46,primaryschool,0,0.0,0.0,no,0,0,190.0,126.5,85.0,19.03,80.0,75.0,No Heart Disease
P01614,Male,52,primaryschool,0,0.0,0.0,no,0,0,219.0,136.0,76.0,24.49,52.0,73.0,Heart Disease
P01615,Female,64,primaryschool,0,0.0,0.0,no,1,0,254.0,196.0,119.0,35.22,100.0,79.0,No Heart Disease
P01616,Female,49,primaryschool,0,0.0,0.0,no,0,0,170.0,112.0,79.0,21.0,60.0,80.0,No Heart Disease
P01617,Female,41,uneducated,0,0.0,,no,0,0,179.0,121.0,83.0,23.04,66.0,90.0,No Heart Disease
P01618,Female,50,postgraduate,0,0.0,0.0,no,0,0,243.0,131.0,80.0,23.24,110.0,,No Heart Disease
P01619,Male,50,primaryschool,1,10.0,0.0,no,0,0,180.0,116.0,82.0,30.11,80.0,92.0,No Heart Disease
P01620,Male,59,uneducated,0,0.0,0.0,no,1,0,178.0,170.0,118.0,33.45,79.0,81.0,No Heart Disease
P01621,Female,56,primaryschool,0,0.0,0.0,no,1,0,338.0,190.0,97.0,26.1,75.0,83.0,No Heart Disease
P01622,Female,49,graduate,0,0.0,0.0,no,0,0,241.0,120.0,70.5,23.29,87.0,84.0,No Heart Disease
P01623,Female,50,,1,15.0,0.0,no,1,0,253.0,132.0,84.5,27.96,88.0,73.0,No Heart Disease
P01624,Male,46,uneducated,1,5.0,0.0,no,0,0,221.0,125.0,88.0,24.81,72.0,87.0,No Heart Disease
P01625,Female,70,uneducated,0,0.0,0.0,yes,1,0,107.0,143.0,93.0,,68.0,62.0,Heart Disease
P01626,Female,49,primaryschool,1,,0.0,no,1,0,233.0,158.0,102.0,25.31,90.0,72.0,No Heart Disease
P01627,Male,41,primaryschool,0,0.0,0.0,no,0,0,247.0,104.0,73.0,23.7,68.0,68.0,No Heart Disease
P01628,Female,46,primaryschool,0,0.0,0.0,no,0,0,244.0,107.5,70.0,22.72,47.0,88.0,No Heart Disease
P01629,Female,50,uneducated,1,9.0,0.0,no,0,0,229.0,114.0,68.0,23.2,90.0,70.0,No Heart Disease
P01630,Female,44,uneducated,0,0.0,0.0,no,0,0,197.0,125.5,82.5,25.13,79.0,50.0,No Heart Disease
P01631,Male,57,uneducated,0,0.0,0.0,no,0,0,200.0,117.5,80.0,25.41,65.0,80.0,No Heart Disease
P01632,Female,58,primaryschool,0,0.0,0.0,no,1,0,312.0,161.0,100.5,21.51,75.0,64.0,Heart Disease
P01633,Male,41,primaryschool,1,40.0,0.0,no,1,0,313.0,114.0,79.0,25.63,60.0,93.0,No Heart Disease
P01634,Female,43,postgraduate,0,0.0,0.0,no,0,0,240.0,110.5,66.0,24.09,67.0,80.0,No Heart Disease
P01635,Male,36,primaryschool,1,20.0,0.0,no,0,0,204.0,132.5,82.5,21.27,70.0,84.0,No Heart Disease
P01636,Male,52,uneducated,1,2.0,0.0,no,0,0,246.0,122.0,81.0,27.61,90.0,98.0,No Heart Disease
P01637,Male,44,postgraduate,0,0.0,0.0,no,0,0,211.0,130.0,85.5,26.98,60.0,82.0,No Heart Disease
P01638,Female,36,graduate,1,5.0,0.0,no,0,0,200.0,121.5,72.5,23.09,75.0,75.0,No Heart Disease
P01639,Male,38,primaryschool,1,43.0,0.0,no,1,0,265.0,129.0,85.0,31.61,68.0,68.0,No Heart Disease
P01640,Female,54,uneducated,1,5.0,0.0,no,1,0,298.0,151.5,96.5,30.29,64.0,77.0,No Heart Disease
P01641,Male,39,uneducated,1,20.0,0.0,no,0,0,325.0,122.0,82.0,26.04,58.0,93.0,No Heart Disease
P01642,Female,40,,0,0.0,0.0,no,0,0,228.0,116.0,78.0,27.72,62.0,75.0,No Heart Disease
P01643,Female,48,primaryschool,0,0.0,0.0,no,0,0,271.0,110.0,74.0,21.79,56.0,67.0,No Heart Disease
P01644,Female,39,postgraduate,1,15.0,0.0,no,0,0,229.0,113.5,72.5,22.33,84.0,82.0,No Heart Disease
P01645,Female,41,postgraduate,0,0.0,0.0,no,0,0,159.0,119.0,76.0,27.49,55.0,70.0,No Heart Disease
P01646,Male,40,primaryschool,1,10.0,0.0,no,0,0,195.0,110.0,70.0,24.75,79.0,,No Heart Disease
P01647,Female,51,uneducated,0,0.0,0.0,no,1,0,216.0,154.0,98.0,32.35,75.0,103.0,No Heart Disease
P01648,Male,38,primaryschool,1,20.0,0.0,no,0,0,268.0,134.0,78.0,31.62,80.0,,No Heart Disease
P01649,Female,60,graduate,0,0.0,0.0,no,0,0,268.0,123.0,82.0,29.47,80.0,85.0,No Heart Disease
P01650,Female,43,uneducated,0,0.0,0.0,no,1,1,231.0,155.5,99.5,34.95,68.0,274.0,Heart Disease
P01651,Male,42,uneducated,1,25.0,0.0,no,0,0,231.0,122.0,84.0,27.63,66.0,72.0,No Heart Disease
P01652,Female,51,uneducated,1,3.0,0.0,no,0,0,246.0,111.5,74.0,25.09,78.0,78.0,No Heart Disease
P01653,Female,39,graduate,0,0.0,0.0,no,0,0,195.0,119.0,84.0,24.6,65.0,73.0,No Heart Disease
P01654,Male,39,graduate,1,20.0,0.0,no,0,0,148.0,101.0,62.0,24.47,70.0,81.0,No Heart Disease
P01655,Female,51,,1,20.0,0.0,no,0,0,168.0,128.0,80.0,23.08,75.0,93.0,No Heart Disease
P01656,Female,46,uneducated,0,0.0,0.0,no,0,0,222.0,131.0,80.0,25.46,72.0,72.0,No Heart Disease
P01657,Female,40,primaryschool,1,5.0,0.0,no,0,0,174.0,130.0,86.0,25.05,80.0,83.0,No Heart Disease
P01658,Male,41,primaryschool,1,20.0,0.0,no,0,0,180.0,127.0,86.0,20.72,73.0,63.0,No Heart Disease
P01659,Male,56,postgraduate,0,0.0,0.0,no,0,0,232.0,126.0,83.0,25.67,75.0,,No Heart Disease
P01660,Female,47,graduate,0,0.0,0.0,no,1,0,248.0,143.5,109.0,32.43,76.0,66.0,No Heart Disease
P01661,Male,56,uneducated,1,7.0,0.0,no,1,0,222.0,159.0,91.5,27.12,70.0,80.0,Heart Disease
P01662,Female,44,uneducated,1,20.0,0.0,no,0,0,173.0,121.5,69.0,23.72,75.0,77.0,No Heart Disease
P01663,Female,54,uneducated,1,5.0,0.0,no,1,0,209.0,139.0,75.0,25.82,72.0,95.0,No Heart Disease
P01664,Female,63,uneducated,0,0.0,0.0,no,1,0,320.0,155.0,81.0,31.71,64.0,80.0,Heart Disease
P01665,Female,53,uneducated,0,0.0,0.0,no,0,0,246.0,115.0,61.0,25.96,80.0,60.0,No Heart Disease
P01666,Male,50,primaryschool,1,30.0,0.0,no,0,0,258.0,124.0,78.0,24.33,72.0,83.0,No Heart Disease
P01667,Female,44,graduate,1,20.0,0.0,no,0,0,240.0,109.0,71.0,23.75,70.0,83.0,No Heart Disease
P01668,Female,56,uneducated,1,3.0,0.0,no,1,0,285.0,145.0,100.0,30.14,80.0,86.0,No Heart Disease
P01669,Male,43,postgraduate,1,20.0,0.0,no,0,0,202.0,104.0,69.0,25.82,59.0,63.0,No Heart Disease
P01670,Female,47,uneducated,0,0.0,0.0,no,1,0,305.0,128.0,92.5,27.64,75.0,62.0,No Heart Disease
P01671,Male,37,primaryschool,1,20.0,0.0,no,0,0,272.0,114.5,80.0,27.6,63.0,57.0,No Heart Disease
P01672,Male,51,primaryschool,1,20.0,0.0,no,1,0,261.0,161.0,105.0,27.47,70.0,,No Heart Disease
P01673,Male,53,graduate,1,15.0,0.0,no,1,0,233.0,130.0,94.0,30.63,75.0,75.0,No Heart Disease
P01674,Male,41,uneducated,1,20.0,0.0,no,0,0,192.0,122.0,82.0,25.03,83.0,66.0,No Heart Disease
P01675,Male,56,graduate,0,0.0,0.0,no,0,1,214.0,115.0,80.0,25.09,70.0,292.0,Heart Disease
P01676,Male,44,,1,40.0,0.0,no,1,0,312.0,157.0,97.0,29.91,85.0,74.0,Heart Disease
P01677,Female,57,uneducated,1,1.0,0.0,no,1,0,229.0,126.5,90.0,26.0,68.0,58.0,No Heart Disease
P01678,Female,40,graduate,1,10.0,0.0,no,1,0,187.0,144.0,90.0,22.17,90.0,93.0,No Heart Disease
P01679,Male,66,uneducated,0,0.0,0.0,no,0,0,270.0,120.0,76.0,19.09,64.0,98.0,Heart Disease
P01680,Female,34,uneducated,1,20.0,0.0,no,0,0,175.0,117.5,73.5,22.15,65.0,75.0,No Heart Disease
P01681,Female,62,uneducated,0,0.0,0.0,no,1,0,268.0,143.5,90.0,29.64,88.0,83.0,No Heart Disease
P01682,Female,55,,0,0.0,0.0,no,0,0,265.0,123.0,78.0,24.59,55.0,,No Heart Disease
P01683,Female,36,uneducated,0,0.0,0.0,no,0,0,165.0,115.0,71.0,21.27,64.0,86.0,No Heart Disease
P01684,Female,39,uneducated,0,0.0,0.0,no,0,0,164.0,112.0,63.0,22.01,60.0,85.0,No Heart Disease
P01685,Male,54,uneducated,1,35.0,0.0,no,0,0,240.0,146.0,91.0,24.41,82.0,70.0,No Heart Disease
P01686,Female,53,uneducated,0,0.0,0.0,no,0,0,225.0,92.0,69.0,24.17,56.0,68.0,No Heart Disease
P01687,Male,35,graduate,1,15.0,0.0,no,0,0,215.0,133.0,86.0,28.7,86.0,84.0,No Heart Disease
P01688,Male,61,uneducated,0,0.0,0.0,no,1,0,285.0,182.5,110.0,28.88,75.0,,No Heart Disease
P01689,Female,40,postgraduate,1,15.0,0.0,no,0,0,155.0,121.0,86.0,23.16,70.0,59.0,No Heart Disease
P01690,Female,41,primaryschool,1,10.0,0.0,no,0,0,169.0,119.0,72.0,19.78,60.0,74.0,No Heart Disease
P01691,Female,43,uneducated,1,20.0,0.0,no,0,0,259.0,120.0,87.0,19.88,86.0,71.0,No Heart Disease
P01692,Female,64,uneducated,0,0.0,0.0,no,1,0,372.0,169.0,85.0,26.01,75.0,79.0,Heart Disease
P01693,Female,49,uneducated,0,0.0,0.0,no,0,0,225.0,115.5,72.5,21.83,69.0,,Heart Disease
P01694,Female,43,primaryschool,0,0.0,0.0,no,1,0,170.0,134.0,90.0,32.93,95.0,73.0,No Heart Disease
P01695,Female,40,primaryschool,1,20.0,0.0,no,0,0,271.0,138.5,88.0,27.24,80.0,,Heart Disease
P01696,Female,66,primaryschool,1,9.0,0.0,no,0,0,225.0,110.0,76.0,18.23,83.0,85.0,No Heart Disease
P01697,Female,51,uneducated,0,0.0,0.0,no,0,0,226.0,131.0,87.0,24.36,75.0,73.0,No Heart Disease
P01698,Female,57,postgraduate,1,15.0,0.0,no,0,0,250.0,117.5,71.0,23.84,50.0,75.0,No Heart Disease
P01699,Female,62,primaryschool,0,0.0,0.0,no,1,0,229.0,140.0,93.0,33.97,80.0,111.0,No Heart Disease
P01700,Female,51,uneducated,1,10.0,0.0,no,1,0,201.0,147.5,95.0,22.34,100.0,67.0,No Heart Disease
P01701,Female,35,uneducated,0,0.0,0.0,no,0,0,170.0,110.0,69.0,23.48,75.0,83.0,No Heart Disease
P01702,Female,42,primaryschool,1,20.0,0.0,no,0,0,246.0,120.0,70.0,19.42,72.0,78.0,No Heart Disease
P01703,Female,47,graduate,1,3.0,0.0,no,0,0,246.0,120.0,78.0,24.71,63.0,75.0,No Heart Disease
P01704,Male,40,uneducated,0,0.0,0.0,no,1,0,265.0,133.5,81.5,23.78,75.0,84.0,No Heart Disease
P01705,Female,58,uneducated,0,0.0,0.0,no,1,0,223.0,146.5,77.5,21.47,75.0,85.0,No Heart Disease
P01706,Female,43,postgraduate,1,15.0,0.0,no,0,0,203.0,110.0,71.5,24.56,96.0,65.0,No Heart Disease
P01707,Female,53,primaryschool,1,30.0,0.0,no,0,0,250.0,149.5,95.0,28.02,68.0,,No Heart Disease
P01708,Female,48,graduate,1,1.0,0.0,no,0,0,234.0,120.0,81.0,23.22,67.0,83.0,No Heart Disease
P01709,Female,49,primaryschool,1,11.0,0.0,no,0,0,206.0,107.0,74.0,20.23,65.0,83.0,No Heart Disease
P01710,Female,55,graduate,0,0.0,0.0,no,0,0,269.0,130.0,85.0,21.05,72.0,74.0,No Heart Disease
P01711,Female,57,graduate,0,0.0,0.0,no,1,0,366.0,146.5,80.0,24.19,85.0,73.0,No Heart Disease
P01712,Female,51,uneducated,1,20.0,0.0,no,0,0,262.0,102.0,64.0,28.06,80.0,66.0,No Heart Disease
P01713,Female,50,graduate,0,0.0,0.0,no,0,0,208.0,126.5,84.0,22.01,75.0,79.0,No Heart Disease
P01714,Male,44,uneducated,1,40.0,0.0,no,0,0,227.0,146.5,97.0,26.92,80.0,67.0,No Heart Disease
P01715,Male,39,primaryschool,1,30.0,0.0,no,0,0,257.0,118.0,76.0,22.92,73.0,76.0,Heart Disease
P01716,Female,47,uneducated,0,0.0,1.0,no,1,0,277.0,138.5,99.0,39.64,85.0,81.0,Heart Disease
P01717,Female,38,primaryschool,1,9.0,0.0,no,0,0,266.0,118.0,75.0,21.79,85.0,,No Heart Disease
P01718,Male,65,uneducated,0,0.0,1.0,no,1,0,201.0,166.0,93.0,28.16,54.0,91.0,No Heart Disease
P01719,Female,43,graduate,1,1.0,0.0,no,0,0,270.0,145.5,82.0,21.1,80.0,87.0,No Heart Disease
P01720,Male,48,uneducated,1,20.0,0.0,no,0,0,268.0,116.5,82.0,21.34,60.0,82.0,No Heart Disease
P01721,Male,65,uneducated,0,0.0,0.0,no,0,0,167.0,150.0,77.0,34.69,75.0,,Heart Disease
P01722,Female,57,uneducated,0,0.0,,no,0,0,262.0,129.0,75.0,23.67,70.0,95.0,No Heart Disease
P01723,Male,49,graduate,1,40.0,0.0,no,1,0,260.0,142.0,54.0,25.4,67.0,95.0,Heart Disease
P01724,Female,56,uneducated,0,0.0,0.0,no,0,0,254.0,106.0,65.0,24.08,75.0,,No Heart Disease
P01725,Female,39,primaryschool,1,20.0,0.0,no,0,0,247.0,122.0,70.0,18.7,70.0,65.0,No Heart Disease
P01726,Male,52,uneducated,0,0.0,0.0,no,0,0,222.0,110.0,71.0,29.82,66.0,104.0,No Heart Disease
P01727,Female,49,graduate,0,0.0,0.0,no,0,0,286.0,119.0,85.5,22.29,60.0,72.0,No Heart Disease
P01728,Female,55,primaryschool,0,0.0,0.0,no,1,0,281.0,153.0,75.0,26.59,60.0,78.0,No Heart Disease
P01729,Female,46,uneducated,0,0.0,0.0,no,1,0,239.0,166.5,107.0,19.27,110.0,70.0,No Heart Disease
P01730,Male,63,postgraduate,1,20.0,0.0,no,1,0,248.0,135.0,80.0,23.06,78.0,118.0,Heart Disease
P01731,Female,64,,0,0.0,0.0,no,1,0,218.0,185.0,97.5,21.82,85.0,79.0,No Heart Disease
P01732,Male,58,primaryschool,0,0.0,0.0,no,1,0,241.0,151.0,102.0,26.0,65.0,90.0,No Heart Disease
P01733,Female,52,primaryschool,0,0.0,0.0,no,0,0,221.0,124.0,69.0,23.37,58.0,81.0,No Heart Disease
P01734,Female,39,postgraduate,1,9.0,0.0,no,0,0,191.0,119.0,78.0,20.93,65.0,73.0,No Heart Disease
P01735,Female,39,graduate,1,20.0,0.0,no,0,0,190.0,106.0,72.0,25.64,75.0,75.0,No Heart Disease
P01736,Female,54,uneducated,0,0.0,0.0,no,1,0,226.0,148.0,89.0,34.13,68.0,92.0,No Heart Disease
P01737,Male,38,primaryschool,1,20.0,0.0,no,0,0,279.0,124.0,87.0,26.68,76.0,75.0,No Heart Disease
P01738,Female,38,uneducated,0,0.0,0.0,no,0,0,293.0,124.0,78.0,23.66,78.0,76.0,No Heart Disease
P01739,Female,55,primaryschool,1,9.0,0.0,no,0,0,289.0,141.0,83.5,24.99,76.0,76.0,No Heart Disease
P01740,Female,59,uneducated,0,0.0,0.0,no,0,0,294.0,122.0,70.0,23.76,72.0,100.0,No Heart Disease
P01741,Male,45,uneducated,1,10.0,0.0,no,0,0,150.0,105.5,57.5,23.21,70.0,87.0,No Heart Disease
P01742,Male,54,uneducated,1,30.0,0.0,no,0,0,333.0,127.0,74.0,27.97,90.0,62.0,Heart Disease
P01743,Female,48,uneducated,0,0.0,0.0,no,0,0,255.0,120.0,77.5,28.6,75.0,75.0,No Heart Disease
P01744,Female,52,uneducated,0,0.0,0.0,no,1,0,225.0,159.0,95.0,30.18,71.0,114.0,No Heart Disease
P01745,Male,47,primaryschool,0,0.0,0.0,no,0,0,,142.0,96.0,28.21,75.0,,Heart Disease
P01746,Male,56,postgraduate,0,0.0,0.0,no,0,0,296.0,123.0,86.0,25.59,70.0,63.0,No Heart Disease
P01747,Female,38,graduate,1,5.0,0.0,no,0,0,192.0,130.0,80.0,27.51,75.0,90.0,No Heart Disease
P01748,Female,51,uneducated,0,0.0,0.0,no,0,0,,130.0,89.5,,80.0,,No Heart Disease
P01749,Male,50,uneducated,0,0.0,0.0,no,1,0,208.0,166.5,106.5,29.13,85.0,84.0,Heart Disease
P01750,Male,56,graduate,0,0.0,0.0,no,0,0,280.0,123.0,75.0,27.82,68.0,112.0,No Heart Disease
P01751,Male,37,graduate,0,0.0,0.0,no,0,0,197.0,104.0,65.0,22.9,57.0,97.0,No Heart Disease
P01752,Female,47,primaryschool,0,0.0,0.0,no,1,0,215.0,202.0,132.0,20.49,100.0,77.0,No Heart Disease
P01753,Male,60,uneducated,1,20.0,0.0,no,0,0,285.0,131.5,82.0,27.87,60.0,103.0,No Heart Disease
P01754,Female,43,graduate,1,5.0,0.0,no,0,0,250.0,110.0,70.0,21.14,64.0,85.0,No Heart Disease
P01755,Female,36,uneducated,1,15.0,0.0,no,0,0,164.0,100.0,64.0,19.87,85.0,65.0,No Heart Disease
P01756,Male,40,primaryschool,1,1.0,0.0,no,0,0,234.0,116.0,79.5,24.77,62.0,87.0,No Heart Disease
P01757,Female,44,uneducated,0,0.0,0.0,no,0,0,212.0,132.0,82.0,28.72,75.0,73.0,No Heart Disease
P01758,Female,45,graduate,1,8.0,0.0,no,0,0,195.0,111.0,79.0,23.22,86.0,85.0,No Heart Disease
P01759,Female,57,primaryschool,0,0.0,0.0,no,0,0,333.0,128.0,84.0,25.69,75.0,,No Heart Disease
P01760,Male,57,uneducated,1,9.0,0.0,no,1,0,274.0,173.0,102.0,27.26,69.0,75.0,No Heart Disease
P01761,Male,48,primaryschool,1,17.0,0.0,no,1,0,250.0,177.0,124.0,26.4,75.0,69.0,Heart Disease
P01762,Female,57,uneducated,0,0.0,0.0,no,0,0,207.0,161.0,97.0,36.46,75.0,67.0,No Heart Disease
P01763,Female,39,primaryschool,0,0.0,1.0,no,1,0,283.0,159.0,105.0,30.06,80.0,76.0,No Heart Disease
P01764,Female,51,uneducated,1,25.0,0.0,no,0,0,327.0,117.0,70.0,18.52,90.0,76.0,Heart Disease
P01765,Female,60,graduate,0,0.0,0.0,no,1,0,270.0,154.0,82.0,27.82,93.0,90.0,No Heart Disease
P01766,Male,61,primaryschool,0,0.0,0.0,no,1,0,260.0,148.0,74.0,26.84,66.0,91.0,No Heart Disease
P01767,Male,39,postgraduate,0,0.0,0.0,no,1,0,320.0,123.0,90.0,24.44,85.0,69.0,No Heart Disease
P01768,Female,51,primaryschool,0,0.0,0.0,no,0,0,285.0,136.5,86.5,24.81,70.0,83.0,No Heart Disease
P01769,Female,63,uneducated,0,0.0,1.0,no,1,0,281.0,135.0,83.0,24.91,63.0,68.0,No Heart Disease
P01770,Female,55,graduate,1,20.0,0.0,no,0,0,249.0,109.0,66.5,24.79,94.0,85.0,No Heart Disease
P01771,Female,47,graduate,0,0.0,0.0,no,1,0,250.0,167.0,96.5,23.79,65.0,,No Heart Disease
P01772,Male,57,uneducated,1,20.0,0.0,no,0,0,193.0,104.0,64.0,26.0,62.0,87.0,Heart Disease
P01773,Male,55,postgraduate,0,0.0,0.0,no,1,0,180.0,170.0,105.0,26.79,50.0,90.0,No Heart Disease
P01774,Male,48,graduate,0,0.0,0.0,no,0,0,235.0,150.5,98.0,32.4,75.0,92.0,No Heart Disease
P01775,Female,58,uneducated,0,0.0,0.0,no,0,0,295.0,138.0,78.0,23.45,70.0,81.0,No Heart Disease
P01776,Female,41,uneducated,0,0.0,0.0,no,0,0,197.0,121.0,84.0,23.07,80.0,,No Heart Disease
P01777,Male,37,primaryschool,1,15.0,0.0,no,0,0,158.0,129.0,87.0,24.66,62.0,67.0,No Heart Disease
P01778,Female,48,graduate,0,0.0,0.0,no,0,0,253.0,124.0,77.0,20.27,65.0,72.0,No Heart Disease
P01779,Female,43,primaryschool,0,0.0,0.0,no,0,0,190.0,111.0,74.0,24.47,72.0,,No Heart Disease
P01780,Male,43,postgraduate,1,40.0,0.0,no,0,0,226.0,103.5,60.0,26.11,90.0,67.0,Heart Disease
P01781,Female,51,graduate,0,0.0,0.0,no,0,0,230.0,134.0,84.0,23.54,80.0,78.0,No Heart Disease
P01782,Female,41,uneducated,0,0.0,0.0,no,1,0,235.0,158.0,93.0,22.18,78.0,70.0,No Heart Disease
P01783,Female,65,uneducated,0,0.0,0.0,no,1,0,245.0,171.0,89.0,23.07,82.0,93.0,No Heart Disease
P01784,Male,62,uneducated,1,10.0,0.0,no,0,0,157.0,134.0,84.0,25.95,105.0,76.0,Heart Disease
P01785,Male,42,primaryschool,1,20.0,0.0,no,0,0,204.0,110.0,73.0,23.72,60.0,75.0,No Heart Disease
P01786,Female,52,uneducated,0,0.0,0.0,no,0,0,,129.0,83.0,32.57,65.0,,No Heart Disease
P01787,Female,54,uneducated,0,0.0,0.0,no,1,0,293.0,132.0,84.0,26.81,80.0,,No Heart Disease
P01788,Female,45,graduate,1,20.0,0.0,no,0,0,184.0,147.0,88.0,23.48,66.0,76.0,No Heart Disease
P01789,Female,58,uneducated,1,20.0,0.0,no,0,0,215.0,119.5,73.0,29.86,67.0,93.0,Heart Disease
P01790,Female,46,primaryschool,0,0.0,0.0,no,1,0,264.0,150.0,99.0,26.67,80.0,102.0,No Heart Disease
P01791,Male,51,uneducated,1,43.0,0.0,no,1,0,176.0,140.0,88.0,27.56,110.0,83.0,No Heart Disease
P01792,Male,61,uneducated,1,30.0,0.0,no,1,0,170.0,132.0,94.0,22.16,53.0,82.0,No Heart Disease
P01793,Male,40,postgraduate,0,0.0,0.0,no,0,0,209.0,123.5,83.0,28.06,72.0,63.0,No Heart Disease
P01794,Male,56,primaryschool,1,20.0,0.0,no,0,0,189.0,120.0,70.0,21.41,70.0,70.0,No Heart Disease
P01795,Male,53,primaryschool,0,0.0,0.0,no,0,0,202.0,119.0,80.0,23.98,64.0,78.0,No Heart Disease
P01796,Male,42,primaryschool,1,35.0,0.0,no,1,0,211.0,138.0,90.0,25.49,69.0,73.0,No Heart Disease
P01797,Female,59,uneducated,0,0.0,0.0,no,1,0,240.0,155.5,100.5,33.54,72.0,116.0,Heart Disease
P01798,Female,40,postgraduate,1,3.0,0.0,no,0,0,188.0,105.0,65.0,21.15,58.0,70.0,No Heart Disease
P01799,Male,60,uneducated,0,0.0,0.0,no,0,0,275.0,132.0,82.0,23.53,75.0,62.0,No Heart Disease
P01800,Male,56,graduate,0,0.0,0.0,no,0,0,205.0,129.0,83.5,28.82,56.0,64.0,No Heart Disease
P01801,Male,37,primaryschool,0,0.0,0.0,no,0,0,178.0,127.0,81.0,33.07,82.0,,No Heart Disease
P01802,Male,40,uneducated,1,20.0,0.0,no,0,0,160.0,123.0,79.0,21.19,85.0,93.0,No Heart Disease
P01803,Male,43,graduate,1,15.0,0.0,no,0,0,224.0,97.0,64.0,23.05,75.0,68.0,No Heart Disease
P01804,Female,55,primaryschool,0,0.0,1.0,no,1,0,285.0,158.0,98.0,30.23,70.0,88.0,No Heart Disease
P01805,Female,49,primaryschool,0,0.0,0.0,no,0,0,275.0,155.0,89.0,25.01,74.0,85.0,No Heart Disease
P01806,Male,59,graduate,1,20.0,0.0,no,0,0,238.0,112.5,75.5,26.42,58.0,67.0,Heart Disease
P01807,Female,40,graduate,1,1.0,0.0,no,0,0,236.0,135.0,83.0,23.48,95.0,90.0,No Heart Disease
P01808,Female,38,uneducated,1,10.0,0.0,no,0,0,212.0,107.0,67.5,20.4,110.0,87.0,No Heart Disease
P01809,Male,44,primaryschool,0,0.0,1.0,no,1,0,228.0,178.0,123.0,31.55,78.0,,No Heart Disease
P01810,Female,55,graduate,0,0.0,0.0,no,0,0,195.0,135.0,80.0,32.91,100.0,75.0,No Heart Disease
P01811,Male,45,primaryschool,1,5.0,0.0,no,1,0,238.0,141.0,87.0,26.46,54.0,68.0,No Heart Disease
P01812,Male,43,uneducated,1,20.0,0.0,no,0,0,180.0,131.0,92.0,27.18,65.0,85.0,Heart Disease
P01813,Male,57,postgraduate,1,30.0,0.0,no,1,0,256.0,135.0,88.0,29.51,60.0,75.0,No Heart Disease
P01814,Male,38,primaryschool,1,20.0,0.0,no,0,0,225.0,125.0,79.0,26.23,70.0,74.0,No Heart Disease
P01815,Female,40,graduate,0,0.0,0.0,no,0,0,180.0,136.5,89.0,17.61,84.0,77.0,No Heart Disease
P01816,Male,50,uneducated,1,20.0,0.0,no,0,0,193.0,149.0,96.0,28.55,88.0,,No Heart Disease
P01817,Female,56,uneducated,0,0.0,0.0,no,1,0,206.0,158.0,70.0,28.34,60.0,88.0,Heart Disease
P01818,Female,64,postgraduate,1,9.0,0.0,no,0,0,342.0,128.0,71.0,20.52,60.0,62.0,No Heart Disease
P01819,Male,67,uneducated,0,0.0,0.0,no,1,0,234.0,130.0,83.0,27.78,75.0,74.0,No Heart Disease
P01820,Female,43,graduate,1,15.0,0.0,no,0,0,233.0,100.0,70.0,22.9,75.0,78.0,No Heart Disease
P01821,Female,55,uneducated,1,5.0,0.0,no,1,0,280.0,144.0,79.0,19.5,79.0,75.0,Heart Disease
P01822,Female,66,uneducated,0,0.0,0.0,no,1,0,275.0,132.5,85.0,34.36,70.0,,Heart Disease
P01823,Male,48,uneducated,1,35.0,0.0,no,0,0,188.0,120.0,82.5,31.67,80.0,68.0,No Heart Disease
P01824,Male,51,primaryschool,1,20.0,0.0,no,0,0,244.0,129.0,72.0,22.67,60.0,80.0,No Heart Disease
P01825,Male,57,primaryschool,1,1.0,0.0,no,0,0,245.0,122.0,69.0,24.17,65.0,92.0,No Heart Disease
P01826,Female,55,uneducated,0,0.0,0.0,no,1,0,200.0,141.0,92.0,23.48,65.0,84.0,No Heart Disease
P01827,Female,38,primaryschool,0,0.0,0.0,no,0,0,167.0,102.5,60.0,22.58,60.0,57.0,No Heart Disease
P01828,Male,39,primaryschool,0,0.0,0.0,no,1,0,196.0,124.5,99.0,28.41,83.0,73.0,No Heart Disease
P01829,Female,63,primaryschool,1,3.0,0.0,no,1,0,246.0,163.0,82.0,24.38,64.0,108.0,No Heart Disease
P01830,Female,46,uneducated,0,0.0,0.0,no,0,0,265.0,115.0,79.5,30.0,50.0,61.0,No Heart Disease
P01831,Female,41,postgraduate,1,5.0,0.0,no,0,0,209.0,122.5,90.0,20.79,90.0,,No Heart Disease
P01832,Female,49,graduate,0,0.0,0.0,no,0,0,203.0,128.0,72.0,24.87,75.0,82.0,No Heart Disease
P01833,Female,61,primaryschool,1,15.0,0.0,no,1,0,235.0,154.0,94.0,22.91,70.0,66.0,Heart Disease
P01834,Female,42,graduate,0,0.0,0.0,no,0,0,256.0,129.0,85.5,31.84,95.0,74.0,No Heart Disease
P01835,Female,58,uneducated,0,0.0,0.0,no,0,0,210.0,102.0,60.0,26.98,71.0,90.0,No Heart Disease
P01836,Female,41,graduate,0,0.0,0.0,no,0,0,233.0,115.0,70.0,25.03,68.0,97.0,No Heart Disease
P01837,Female,61,primaryschool,0,0.0,0.0,no,1,0,183.0,150.0,86.0,25.05,66.0,70.0,Heart Disease
P01838,Female,62,primaryschool,0,0.0,0.0,no,1,0,344.0,154.0,110.0,35.11,85.0,76.0,No Heart Disease
P01839,Male,44,uneducated,1,40.0,0.0,no,1,0,201.0,142.5,104.5,34.59,67.0,67.0,No Heart Disease
P01840,Female,61,graduate,0,0.0,0.0,no,0,0,340.0,121.0,78.0,23.33,65.0,73.0,No Heart Disease
P01841,Female,56,uneducated,0,0.0,0.0,no,0,0,227.0,140.0,88.0,24.59,95.0,78.0,No Heart Disease
P01842,Male,41,graduate,0,0.0,0.0,no,0,0,256.0,107.0,73.0,26.38,60.0,65.0,No Heart Disease
P01843,Male,49,primaryschool,1,50.0,0.0,no,0,0,252.0,156.0,91.0,25.35,70.0,114.0,Heart Disease
P01844,Male,56,uneducated,0,0.0,0.0,no,1,0,194.0,127.0,83.0,26.05,80.0,73.0,No Heart Disease
P01845,Male,35,graduate,1,15.0,0.0,no,0,0,196.0,107.5,66.5,22.64,45.0,79.0,No Heart Disease
P01846,Male,57,uneducated,0,0.0,0.0,no,1,0,263.0,146.0,94.0,29.08,63.0,,No Heart Disease
P01847,Male,40,primaryschool,0,0.0,0.0,no,0,0,190.0,121.5,74.5,29.35,73.0,93.0,No Heart Disease
P01848,Male,62,uneducated,0,0.0,0.0,no,0,0,232.0,120.0,67.5,23.24,60.0,62.0,No Heart Disease
P01849,Female,47,uneducated,0,0.0,0.0,no,0,0,289.0,126.5,84.0,21.71,69.0,70.0,No Heart Disease
P01850,Male,48,uneducated,1,60.0,0.0,no,0,0,252.0,104.0,73.5,23.03,70.0,77.0,No Heart Disease
P01851,Female,42,primaryschool,1,20.0,0.0,no,1,0,196.0,145.0,87.0,29.65,97.0,60.0,No Heart Disease
P01852,Female,42,primaryschool,0,0.0,0.0,no,0,0,211.0,134.0,82.0,20.93,75.0,80.0,Heart Disease
P01853,Female,50,graduate,0,0.0,0.0,no,0,0,229.0,105.0,72.5,26.25,90.0,79.0,No Heart Disease
P01854,Female,39,uneducated,0,0.0,0.0,no,0,0,214.0,123.0,78.0,38.06,66.0,62.0,No Heart Disease
P01855,Female,58,uneducated,0,0.0,1.0,no,1,1,294.0,195.0,90.0,27.73,72.0,127.0,No Heart Disease
P01856,Male,66,graduate,0,0.0,0.0,no,1,0,182.0,151.0,88.0,25.22,85.0,80.0,Heart Disease
P01857,Male,61,postgraduate,0,0.0,1.0,no,1,0,204.0,120.0,67.0,24.84,63.0,75.0,No Heart Disease
P01858,Male,56,uneducated,1,20.0,,no,0,0,191.0,130.0,70.0,26.09,75.0,97.0,No Heart Disease
P01859,Male,60,uneducated,0,0.0,0.0,no,0,0,241.0,119.5,79.0,24.66,60.0,78.0,No Heart Disease
P01860,Female,67,primaryschool,1,3.0,0.0,no,1,0,326.0,157.5,78.0,24.63,85.0,77.0,No Heart Disease
P01861,Female,39,graduate,1,5.0,0.0,no,0,0,184.0,96.0,72.0,18.16,100.0,,No Heart Disease
P01862,Female,60,uneducated,0,0.0,,no,1,0,273.0,176.0,84.0,22.17,66.0,79.0,No Heart Disease
P01863,Male,42,graduate,0,0.0,0.0,no,0,0,283.0,137.0,91.0,25.41,75.0,67.0,No Heart Disease
P01864,Female,50,primaryschool,1,20.0,0.0,no,0,0,235.0,121.0,78.0,23.01,52.0,78.0,No Heart Disease
P01865,Male,50,uneducated,0,0.0,0.0,no,0,0,227.0,114.0,87.0,33.1,92.0,120.0,No Heart Disease
P01866,Female,43,uneducated,0,0.0,0.0,no,0,0,249.0,155.0,93.5,21.99,85.0,115.0,No Heart Disease
P01867,Female,42,graduate,0,0.0,0.0,no,0,0,252.0,102.0,72.5,22.85,60.0,,No Heart Disease
P01868,Male,57,graduate,0,0.0,0.0,no,0,0,235.0,124.0,77.0,24.19,100.0,86.0,No Heart Disease
P01869,Female,56,graduate,0,0.0,0.0,no,0,0,344.0,119.0,82.0,26.82,80.0,105.0,No Heart Disease
P01870,Male,43,uneducated,0,0.0,0.0,no,0,0,126.0,152.0,96.5,25.65,86.0,,No Heart Disease
P01871,Female,47,primaryschool,1,,0.0,no,0,0,365.0,127.0,76.0,24.44,72.0,80.0,No Heart Disease
P01872,Female,56,primaryschool,1,5.0,0.0,no,0,0,310.0,128.5,82.0,25.36,70.0,85.0,No Heart Disease
P01873,Female,36,primaryschool,0,0.0,0.0,no,0,0,213.0,126.0,80.0,19.53,95.0,79.0,No Heart Disease
P01874,Male,63,primaryschool,0,0.0,0.0,no,0,0,233.0,130.0,81.0,25.82,80.0,81.0,No Heart Disease
P01875,Female,62,postgraduate,1,3.0,0.0,no,1,0,298.0,137.0,85.0,26.73,76.0,87.0,No Heart Disease
P01876,Female,44,uneducated,0,0.0,0.0,no,0,0,229.0,119.0,75.5,25.09,70.0,88.0,Heart Disease
P01877,Female,41,primaryschool,1,9.0,0.0,no,0,0,200.0,124.0,76.0,24.2,80.0,86.0,No Heart Disease
P01878,Female,56,uneducated,0,0.0,0.0,no,1,0,301.0,127.5,91.5,25.39,80.0,74.0,No Heart Disease
P01879,Male,56,uneducated,1,20.0,0.0,no,1,0,217.0,200.0,120.0,33.71,68.0,72.0,Heart Disease
P01880,Female,61,uneducated,0,0.0,0.0,no,0,0,,115.0,60.0,25.5,76.0,99.0,No Heart Disease
P01881,Female,50,uneducated,1,30.0,0.0,no,1,0,287.0,147.5,87.5,30.36,64.0,72.0,No Heart Disease
P01882,Female,55,uneducated,0,0.0,0.0,no,0,0,310.0,135.0,76.5,26.31,110.0,74.0,No Heart Disease
P01883,Female,38,primaryschool,0,0.0,0.0,no,0,0,251.0,126.0,76.0,29.19,60.0,66.0,No Heart Disease
P01884,Female,40,uneducated,0,0.0,0.0,no,0,0,236.0,98.0,75.0,26.63,70.0,,No Heart Disease
P01885,Female,47,uneducated,1,40.0,0.0,no,0,0,221.0,144.0,91.0,35.78,85.0,66.0,No Heart Disease
P01886,Male,49,uneducated,1,20.0,0.0,no,0,0,222.0,124.0,86.0,27.25,80.0,,No Heart Disease
P01887,Male,54,primaryschool,1,30.0,0.0,no,0,0,219.0,113.0,70.0,20.41,80.0,53.0,No Heart Disease
P01888,Female,40,uneducated,0,0.0,0.0,no,0,0,290.0,125.0,90.0,32.81,85.0,87.0,No Heart Disease
P01889,Male,63,uneducated,1,30.0,0.0,no,1,0,225.0,146.0,82.0,27.17,70.0,85.0,Heart Disease
P01890,Female,65,uneducated,0,0.0,0.0,no,0,0,288.0,146.0,94.5,26.54,80.0,74.0,No Heart Disease
P01891,Female,50,primaryschool,0,0.0,0.0,no,0,0,225.0,132.0,81.0,23.62,74.0,103.0,No Heart Disease
P01892,Male,54,primaryschool,1,20.0,0.0,no,0,0,215.0,120.0,85.0,29.93,62.0,75.0,No Heart Disease
P01893,Female,39,uneducated,1,15.0,0.0,no,1,0,280.0,152.0,104.0,24.22,90.0,82.0,No Heart Disease
P01894,Male,46,uneducated,0,0.0,0.0,no,1,0,235.0,136.5,92.0,22.92,68.0,89.0,No Heart Disease
P01895,Female,53,uneducated,1,3.0,0.0,no,0,0,239.0,112.5,67.0,25.63,77.0,74.0,No Heart Disease
P01896,Male,48,postgraduate,1,20.0,0.0,no,1,1,230.0,135.5,90.0,25.34,95.0,91.0,No Heart Disease
P01897,Female,51,uneducated,1,20.0,0.0,no,0,0,300.0,128.0,78.0,26.69,65.0,97.0,No Heart Disease
P01898,Male,64,primaryschool,0,0.0,0.0,no,0,0,283.0,113.0,77.0,22.73,75.0,67.0,No Heart Disease
P01899,Male,63,primaryschool,1,43.0,0.0,no,0,0,230.0,127.0,82.0,19.97,70.0,67.0,No Heart Disease
P01900,Female,55,graduate,0,0.0,0.0,no,0,0,238.0,137.5,87.0,26.89,67.0,107.0,No Heart Disease
P01901,Female,39,primaryschool,1,1.0,0.0,no,0,0,225.0,112.0,74.0,27.26,85.0,85.0,No Heart Disease
P01902,Female,59,uneducated,0,0.0,0.0,no,1,0,261.0,141.0,78.0,25.32,68.0,76.0,No Heart Disease
P01903,Female,52,uneducated,1,20.0,1.0,no,1,0,161.0,180.0,114.0,32.52,105.0,104.0,No Heart Disease
P01904,Female,48,uneducated,0,0.0,0.0,no,0,0,186.0,107.0,76.0,26.39,65.0,90.0,No Heart Disease
P01905,Male,64,uneducated,1,20.0,0.0,no,0,0,232.0,113.5,70.0,21.03,80.0,58.0,Heart Disease
P01906,Female,64,uneducated,0,0.0,0.0,no,1,0,229.0,145.0,85.0,29.67,70.0,74.0,Heart Disease
P01907,Female,54,graduate,0,0.0,0.0,no,0,0,286.0,110.0,74.0,26.28,65.0,90.0,No Heart Disease
P01908,Male,55,postgraduate,0,0.0,0.0,no,0,1,245.0,133.0,78.0,29.05,73.0,115.0,No Heart Disease
P01909,Female,47,uneducated,0,0.0,0.0,no,0,0,210.0,113.0,65.0,21.33,66.0,62.0,No Heart Disease
P01910,Male,42,graduate,1,20.0,0.0,no,0,0,220.0,119.0,73.5,23.31,67.0,63.0,No Heart Disease
P01911,Female,55,primaryschool,0,0.0,0.0,no,0,0,175.0,107.5,65.0,20.17,68.0,79.0,No Heart Disease
P01912,Female,42,primaryschool,1,18.0,0.0,no,0,0,219.0,126.0,73.0,22.65,80.0,65.0,Heart Disease
P01913,Female,47,uneducated,0,0.0,0.0,no,0,0,228.0,118.0,84.0,18.67,75.0,90.0,No Heart Disease
P01914,Male,51,uneducated,0,0.0,,no,0,0,166.0,115.0,82.5,26.69,64.0,67.0,No Heart Disease
P01915,Male,62,graduate,1,20.0,0.0,no,0,0,300.0,108.0,73.0,20.87,60.0,80.0,No Heart Disease
P01916,Male,40,primaryschool,1,5.0,0.0,no,0,0,282.0,120.0,87.0,22.98,60.0,,No Heart Disease
P01917,Male,37,uneducated,1,20.0,0.0,no,0,0,261.0,111.5,72.5,26.48,73.0,74.0,No Heart Disease
P01918,Male,58,uneducated,1,20.0,0.0,no,0,0,184.0,127.5,70.0,25.62,50.0,80.0,No Heart Disease
P01919,Male,51,graduate,0,0.0,0.0,no,0,0,215.0,147.0,96.0,28.59,65.0,100.0,No Heart Disease
P01920,Female,48,uneducated,1,10.0,0.0,no,1,0,188.0,170.0,110.0,26.03,90.0,118.0,No Heart Disease
P01921,Male,51,uneducated,1,20.0,0.0,no,0,0,256.0,130.0,75.0,28.76,60.0,83.0,No Heart Disease
P01922,Female,52,uneducated,0,0.0,0.0,no,0,0,223.0,132.0,82.0,26.06,75.0,63.0,No Heart Disease
P01923,Female,66,primaryschool,0,0.0,0.0,no,1,0,292.0,143.0,95.0,31.11,90.0,77.0,Heart Disease
P01924,Male,37,primaryschool,1,20.0,0.0,no,0,0,211.0,116.5,77.5,24.5,68.0,78.0,Heart Disease
P01925,Female,44,graduate,1,20.0,0.0,no,0,0,245.0,95.0,50.0,21.65,82.0,,No Heart Disease
P01926,Male,61,primaryschool,1,20.0,0.0,no,0,0,167.0,105.0,67.5,27.28,88.0,86.0,No Heart Disease
P01927,Female,58,uneducated,0,0.0,0.0,no,0,0,296.0,141.5,87.0,28.31,75.0,,No Heart Disease
P01928,Female,42,primaryschool,1,25.0,0.0,no,0,0,286.0,133.5,80.0,26.25,75.0,65.0,No Heart Disease
P01929,Female,42,graduate,1,20.0,0.0,no,0,0,193.0,129.0,91.5,27.78,95.0,74.0,No Heart Disease
P01930,Male,40,primaryschool,0,0.0,0.0,no,0,0,222.0,112.0,82.0,23.71,77.0,85.0,No Heart Disease
P01931,Female,59,uneducated,0,0.0,0.0,no,1,0,288.0,158.0,90.0,32.84,70.0,87.0,No Heart Disease
P01932,Female,58,primaryschool,0,0.0,0.0,no,1,1,240.0,150.0,80.0,26.45,66.0,255.0,Heart Disease
P01933,Female,63,uneducated,0,0.0,0.0,no,0,0,362.0,151.5,82.5,25.15,102.0,,No Heart Disease
P01934,Male,41,primaryschool,1,30.0,0.0,no,0,0,224.0,114.0,68.0,21.42,66.0,107.0,No Heart Disease
P01935,Female,51,uneducated,0,0.0,0.0,no,0,0,246.0,135.0,82.0,24.67,70.0,77.0,No Heart Disease
P01936,Male,62,graduate,0,0.0,0.0,no,0,0,202.0,111.0,79.5,27.91,80.0,100.0,No Heart Disease
P01937,Female,49,uneducated,0,0.0,0.0,no,0,0,307.0,112.5,70.0,23.86,60.0,72.0,No Heart Disease
P01938,Female,59,uneducated,0,0.0,0.0,no,1,0,410.0,142.0,79.0,25.58,78.0,90.0,No Heart Disease
P01939,Female,44,primaryschool,1,20.0,0.0,no,0,0,243.0,129.0,88.0,30.85,90.0,83.0,No Heart Disease
P01940,Male,64,uneducated,0,0.0,0.0,no,0,0,296.0,142.0,84.0,27.01,52.0,83.0,Heart Disease
P01941,Female,52,postgraduate,1,20.0,0.0,no,0,0,,110.0,70.0,22.52,75.0,,No Heart Disease
P01942,Female,45,graduate,0,0.0,0.0,no,0,0,237.0,118.0,84.0,22.53,68.0,78.0,No Heart Disease
P01943,Female,63,uneducated,0,0.0,0.0,no,1,0,237.0,155.0,92.5,31.5,62.0,83.0,No Heart Disease
P01944,Male,38,primaryschool,1,20.0,0.0,no,0,0,227.0,108.0,65.5,25.45,85.0,110.0,No Heart Disease
P01945,Female,39,graduate,0,0.0,0.0,no,1,0,220.0,137.5,101.5,22.85,60.0,88.0,No Heart Disease
P01946,Male,45,graduate,1,35.0,0.0,no,0,0,161.0,122.0,82.0,26.09,65.0,91.0,No Heart Disease
P01947,Female,55,uneducated,0,0.0,0.0,no,0,0,232.0,119.0,81.0,30.0,60.0,100.0,Heart Disease
P01948,Female,63,uneducated,1,10.0,1.0,no,1,0,213.0,182.0,92.0,26.87,52.0,63.0,No Heart Disease
P01949,Male,41,graduate,0,0.0,0.0,no,1,0,250.0,150.0,92.0,33.29,85.0,85.0,No Heart Disease
P01950,Female,46,uneducated,0,0.0,0.0,no,0,0,295.0,145.0,90.0,25.87,90.0,79.0,No Heart Disease
P01951,Female,58,graduate,0,0.0,0.0,no,1,0,232.0,145.0,94.0,26.38,66.0,80.0,No Heart Disease
P01952,Female,53,,0,0.0,0.0,no,0,0,185.0,96.0,72.0,21.35,60.0,82.0,No Heart Disease
P01953,Male,59,postgraduate,0,0.0,0.0,no,0,0,210.0,134.0,84.0,25.64,58.0,77.0,Heart Disease
P01954,Male,46,uneducated,0,0.0,0.0,no,0,0,222.0,120.5,73.5,27.23,77.0,60.0,No Heart Disease
P01955,Female,51,graduate,0,0.0,0.0,no,0,0,216.0,128.0,83.5,24.41,72.0,75.0,No Heart Disease
P01956,Female,42,graduate,0,0.0,0.0,no,0,0,190.0,121.0,85.5,22.19,87.0,85.0,No Heart Disease
P01957,Female,62,uneducated,0,0.0,0.0,no,1,0,262.0,175.0,85.0,30.91,68.0,72.0,No Heart Disease
P01958,Male,47,uneducated,1,30.0,0.0,no,0,0,260.0,111.0,70.0,23.46,66.0,71.0,No Heart Disease
P01959,Female,43,graduate,0,0.0,0.0,no,0,0,192.0,107.5,67.5,21.22,67.0,,No Heart Disease
P01960,Female,48,uneducated,1,15.0,0.0,no,0,0,229.0,111.0,85.0,24.1,75.0,74.0,No Heart Disease
P01961,Female,57,graduate,1,1.0,0.0,no,0,0,289.0,142.0,83.0,35.17,68.0,72.0,Heart Disease
P01962,Female,43,graduate,1,8.0,0.0,no,0,0,192.0,119.5,69.5,24.67,90.0,83.0,No Heart Disease
P01963,Male,64,graduate,0,0.0,0.0,no,0,0,229.0,105.0,72.5,26.76,84.0,77.0,No Heart Disease
P01964,Male,45,graduate,1,,0.0,no,1,0,170.0,145.5,99.0,26.74,83.0,85.0,No Heart Disease
P01965,Female,49,graduate,0,0.0,0.0,no,0,0,238.0,97.0,67.0,23.17,75.0,77.0,No Heart Disease
P01966,Female,45,uneducated,0,0.0,0.0,no,0,0,244.0,119.0,73.0,26.51,80.0,80.0,No Heart Disease
P01967,Male,53,postgraduate,1,30.0,0.0,no,1,0,226.0,139.0,80.0,23.62,72.0,69.0,No Heart Disease
P01968,Male,45,graduate,1,30.0,0.0,no,0,0,250.0,126.0,89.5,28.68,75.0,92.0,No Heart Disease
P01969,Female,52,graduate,1,9.0,0.0,no,0,0,249.0,112.0,75.0,22.54,72.0,71.0,Heart Disease
P01970,Female,61,uneducated,0,0.0,0.0,no,1,0,266.0,171.0,87.0,32.77,80.0,123.0,No Heart Disease
P01971,Female,46,primaryschool,0,0.0,0.0,no,0,0,212.0,132.0,82.0,34.52,80.0,72.0,No Heart Disease
P01972,Female,48,,0,0.0,0.0,no,1,0,249.0,174.0,101.5,28.69,74.0,76.0,No Heart Disease
P01973,Male,48,primaryschool,1,43.0,0.0,no,0,0,176.0,116.0,86.0,21.45,62.0,76.0,No Heart Disease
P01974,Male,48,postgraduate,1,20.0,0.0,no,0,0,236.0,112.5,75.0,30.43,72.0,67.0,No Heart Disease
P01975,Male,44,postgraduate,1,35.0,0.0,no,1,0,198.0,143.5,90.0,27.99,50.0,,Heart Disease
P01976,Male,63,uneducated,1,20.0,0.0,yes,1,0,213.0,163.0,94.0,,76.0,69.0,Heart Disease
P01977,Male,41,uneducated,1,40.0,0.0,no,0,0,224.0,126.0,79.0,22.94,53.0,68.0,No Heart Disease
P01978,Female,64,graduate,0,0.0,0.0,no,0,0,330.0,108.0,82.0,23.09,85.0,80.0,No Heart Disease
P01979,Female,53,primaryschool,1,20.0,0.0,no,0,0,317.0,123.0,81.0,20.33,80.0,,No Heart Disease
P01980,Male,53,graduate,1,43.0,0.0,no,0,0,238.0,126.0,72.0,23.4,62.0,73.0,No Heart Disease
P01981,Female,60,primaryschool,1,,0.0,no,0,0,228.0,112.0,74.0,24.51,63.0,,No Heart Disease
P01982,Male,42,uneducated,1,20.0,0.0,no,0,0,319.0,116.0,74.0,26.62,83.0,136.0,No Heart Disease
P01983,Female,38,graduate,0,0.0,0.0,no,0,0,162.0,105.0,70.0,21.35,72.0,71.0,No Heart Disease
P01984,Female,63,primaryschool,0,0.0,,no,1,0,283.0,164.0,86.0,24.64,80.0,82.0,No Heart Disease
P01985,Male,63,,0,0.0,0.0,no,1,0,240.0,136.0,94.0,29.17,64.0,57.0,No Heart Disease
P01986,Female,59,uneducated,1,3.0,,no,1,0,201.0,145.0,88.0,39.91,65.0,89.0,No Heart Disease
P01987,Female,59,uneducated,1,30.0,,no,0,0,316.0,110.0,70.0,19.83,80.0,74.0,Heart Disease
P01988,Male,59,uneducated,1,9.0,0.0,no,0,0,200.0,124.0,77.0,22.82,57.0,,No Heart Disease
P01989,Female,46,primaryschool,1,5.0,0.0,no,0,0,174.0,115.5,65.0,29.84,73.0,80.0,No Heart Disease
P01990,Male,61,uneducated,0,0.0,0.0,no,1,0,238.0,232.0,136.0,24.83,75.0,79.0,No Heart Disease
P01991,Female,48,uneducated,0,0.0,0.0,no,0,0,279.0,128.5,73.5,27.49,72.0,77.0,No Heart Disease
P01992,Male,57,primaryschool,0,0.0,0.0,no,0,0,198.0,119.0,80.0,30.05,70.0,79.0,No Heart Disease
P01993,Female,40,uneducated,0,0.0,0.0,no,0,0,144.0,122.5,80.0,27.46,72.0,123.0,Heart Disease
P01994,Female,49,uneducated,0,0.0,0.0,no,0,0,193.0,134.0,88.0,25.77,69.0,76.0,No Heart Disease
P01995,Male,43,primaryschool,0,0.0,1.0,no,1,0,234.0,173.0,96.0,27.99,100.0,76.0,No Heart Disease
P01996,Female,50,primaryschool,0,0.0,1.0,no,1,0,241.0,132.0,85.0,23.81,55.0,84.0,No Heart Disease
P01997,Female,51,primaryschool,0,0.0,0.0,no,0,0,224.0,111.5,77.0,24.08,63.0,74.0,No Heart Disease
P01998,Female,58,uneducated,0,0.0,0.0,no,0,1,260.0,85.5,51.0,20.76,87.0,206.0,Heart Disease
P01999,Female,51,,1,15.0,0.0,no,1,0,240.0,180.0,107.5,25.33,68.0,80.0,No Heart Disease
P02000,Female,40,primaryschool,0,0.0,0.0,no,0,0,195.0,132.0,81.0,24.26,80.0,86.0,No Heart Disease
P02001,Female,46,postgraduate,1,5.0,0.0,no,0,0,228.0,110.0,80.0,19.74,90.0,127.0,No Heart Disease
P02002,Male,44,uneducated,1,20.0,0.0,no,0,0,260.0,134.0,80.0,22.25,87.0,81.0,No Heart Disease
P02003,Female,59,uneducated,1,20.0,,no,0,0,225.0,110.0,64.0,28.1,66.0,64.0,No Heart Disease
P02004,Male,51,uneducated,1,20.0,0.0,no,0,0,,112.5,74.0,26.37,70.0,,No Heart Disease
P02005,Female,44,uneducated,0,0.0,0.0,no,0,0,192.0,112.0,62.0,30.47,75.0,82.0,No Heart Disease
P02006,Male,36,uneducated,1,15.0,0.0,no,0,0,300.0,102.0,66.5,25.68,100.0,100.0,No Heart Disease
P02007,Male,36,postgraduate,1,35.0,0.0,no,0,0,240.0,114.0,76.0,25.82,66.0,,No Heart Disease
P02008,Male,64,uneducated,1,15.0,1.0,no,1,0,266.0,191.0,81.0,25.33,95.0,78.0,Heart Disease
P02009,Male,50,graduate,1,30.0,0.0,no,1,0,,152.5,105.0,35.85,72.0,,No Heart Disease
P02010,Female,47,uneducated,1,9.0,0.0,no,0,0,261.0,133.0,77.0,27.96,87.0,105.0,No Heart Disease
P02011,Female,42,uneducated,1,9.0,0.0,no,1,0,274.0,135.0,90.0,22.19,70.0,,No Heart Disease
P02012,Female,54,graduate,0,0.0,0.0,no,1,0,227.0,168.0,94.0,22.7,75.0,70.0,No Heart Disease
P02013,Female,52,primaryschool,0,0.0,0.0,no,1,0,279.0,148.0,99.0,26.64,86.0,85.0,No Heart Disease
P02014,Male,52,postgraduate,1,15.0,0.0,no,0,0,190.0,118.0,80.0,24.47,50.0,88.0,No Heart Disease
P02015,Female,51,primaryschool,0,0.0,0.0,no,1,0,351.0,134.0,97.5,21.66,100.0,,No Heart Disease
P02016,Female,38,postgraduate,0,0.0,0.0,no,0,0,150.0,108.0,70.5,20.42,72.0,88.0,No Heart Disease
P02017,Male,45,uneducated,1,3.0,0.0,no,0,0,280.0,128.0,82.0,29.17,60.0,62.0,No Heart Disease
P02018,Male,42,uneducated,1,20.0,0.0,no,0,0,225.0,110.0,80.0,22.51,65.0,77.0,Heart Disease
P02019,Male,47,primaryschool,1,30.0,0.0,no,0,0,260.0,126.0,91.0,27.01,75.0,84.0,No Heart Disease
P02020,Female,43,postgraduate,0,0.0,0.0,no,1,0,240.0,141.5,93.0,38.43,72.0,77.0,No Heart Disease
P02021,Male,46,primaryschool,0,0.0,0.0,no,0,0,280.0,142.0,91.0,28.09,85.0,65.0,No Heart Disease
P02022,Female,42,primaryschool,0,0.0,0.0,no,0,0,233.0,132.0,82.0,26.81,69.0,71.0,No Heart Disease
P02023,Female,45,primaryschool,1,9.0,0.0,no,0,0,208.0,137.0,82.0,24.35,85.0,,No Heart Disease
P02024,Female,62,uneducated,0,0.0,0.0,no,1,0,273.0,150.5,97.0,22.01,76.0,74.0,No Heart Disease
P02025,Female,62,uneducated,0,0.0,0.0,no,1,1,390.0,184.5,83.0,18.99,87.0,47.0,No Heart Disease
P02026,Female,57,uneducated,0,0.0,0.0,no,1,0,207.0,175.0,80.0,20.86,83.0,75.0,Heart Disease
P02027,Male,35,primaryschool,1,3.0,0.0,no,1,0,282.0,111.0,84.0,29.42,80.0,,No Heart Disease
P02028,Female,39,uneducated,1,10.0,0.0,no,0,0,226.0,95.0,59.0,22.88,80.0,83.0,No Heart Disease
P02029,Male,36,graduate,1,15.0,0.0,no,0,0,245.0,122.0,74.5,24.27,79.0,85.0,No Heart Disease
P02030,Female,38,postgraduate,1,20.0,0.0,no,0,0,282.0,135.0,80.0,29.14,75.0,89.0,No Heart Disease
P02031,Male,67,primaryschool,0,0.0,0.0,no,1,0,287.0,145.0,92.0,36.04,80.0,77.0,No Heart Disease
P02032,Female,64,uneducated,0,0.0,0.0,no,1,0,173.0,144.0,82.0,22.54,60.0,77.0,Heart Disease
P02033,Female,38,uneducated,0,0.0,0.0,no,0,0,196.0,100.0,80.0,22.9,78.0,74.0,No Heart Disease
P02034,Male,38,graduate,0,0.0,0.0,no,0,0,244.0,118.5,88.0,28.68,77.0,65.0,Heart Disease
P02035,Female,43,primaryschool,1,15.0,0.0,no,0,0,165.0,113.0,79.0,28.96,75.0,72.0,No Heart Disease
P02036,Male,38,uneducated,0,0.0,0.0,no,0,0,221.0,130.0,87.0,26.43,72.0,55.0,No Heart Disease
P02037,Female,54,primaryschool,0,0.0,0.0,yes,0,0,321.0,150.0,93.0,22.5,75.0,131.0,No Heart Disease
P02038,Female,41,graduate,0,0.0,0.0,no,0,0,192.0,103.0,72.5,22.72,61.0,70.0,No Heart Disease
P02039,Male,39,uneducated,1,30.0,0.0,no,0,0,292.0,120.0,85.0,31.09,85.0,,No Heart Disease
P02040,Male,39,primaryschool,0,0.0,0.0,no,0,0,262.0,126.0,91.0,31.38,72.0,84.0,No Heart Disease
P02041,Female,50,primaryschool,0,0.0,0.0,no,0,0,216.0,100.0,70.0,23.88,70.0,73.0,No Heart Disease
P02042,Male,68,uneducated,0,0.0,0.0,no,1,1,184.0,157.0,97.0,33.16,110.0,148.0,Heart Disease
P02043,Male,54,postgraduate,0,0.0,0.0,no,1,0,225.0,134.5,92.5,30.62,78.0,69.0,No Heart Disease
P02044,Female,49,postgraduate,0,0.0,0.0,no,0,0,224.0,130.0,87.0,29.01,75.0,73.0,No Heart Disease
P02045,Female,40,graduate,1,20.0,0.0,no,0,0,237.0,112.5,77.5,23.58,75.0,84.0,No Heart Disease
P02046,Male,60,uneducated,0,0.0,0.0,no,0,0,261.0,122.0,74.0,23.77,70.0,,No Heart Disease
P02047,Male,38,primaryschool,1,7.0,0.0,no,0,0,229.0,116.0,70.0,26.65,77.0,71.0,No Heart Disease
P02048,Female,48,graduate,1,20.0,0.0,no,0,0,253.0,105.0,59.0,19.42,62.0,83.0,No Heart Disease
P02049,Female,35,primaryschool,0,0.0,0.0,no,0,0,274.0,104.0,61.0,,60.0,68.0,No Heart Disease
P02050,Female,52,uneducated,0,0.0,0.0,no,0,0,275.0,112.0,71.0,25.68,80.0,,No Heart Disease
P02051,Male,50,uneducated,1,30.0,0.0,no,0,0,234.0,122.0,81.5,29.64,64.0,76.0,No Heart Disease
P02052,Female,50,uneducated,0,0.0,0.0,no,0,0,281.0,107.5,74.0,23.44,85.0,79.0,No Heart Disease
P02053,Male,44,uneducated,0,0.0,0.0,no,0,0,273.0,120.0,80.0,29.89,76.0,87.0,No Heart Disease
P02054,Male,44,uneducated,1,20.0,0.0,no,0,0,163.0,105.0,72.5,21.02,67.0,62.0,No Heart Disease
P02055,Female,45,primaryschool,0,0.0,0.0,no,0,0,229.0,130.0,80.0,21.72,75.0,77.0,No Heart Disease
P02056,Female,52,uneducated,0,0.0,0.0,no,0,0,210.0,146.5,82.0,32.27,85.0,72.0,No Heart Disease
P02057,Male,51,graduate,1,20.0,0.0,no,0,0,163.0,126.0,78.0,26.56,63.0,78.0,No Heart Disease
P02058,Male,57,postgraduate,0,0.0,0.0,no,0,0,251.0,114.0,75.0,26.35,80.0,72.0,No Heart Disease
P02059,Male,60,primaryschool,1,20.0,0.0,no,0,0,305.0,112.5,75.0,22.7,75.0,98.0,Heart Disease
P02060,Male,40,uneducated,1,3.0,0.0,no,0,0,165.0,117.0,77.0,21.71,50.0,66.0,No Heart Disease
P02061,Male,38,,0,0.0,0.0,no,0,0,221.0,119.0,84.0,26.89,66.0,82.0,No Heart Disease
P02062,Male,57,graduate,1,20.0,0.0,no,0,0,257.0,138.5,90.0,25.14,87.0,101.0,No Heart Disease
P02063,Male,64,uneducated,0,0.0,0.0,no,0,0,203.0,120.0,73.0,27.08,92.0,81.0,No Heart Disease
P02064,Female,56,graduate,0,0.0,0.0,no,0,0,220.0,122.0,74.0,25.66,71.0,93.0,Heart Disease
P02065,Female,42,postgraduate,1,5.0,0.0,no,0,0,228.0,127.5,80.0,27.54,75.0,,No Heart Disease
P02066,Male,54,uneducated,1,30.0,0.0,no,1,0,255.0,149.0,86.0,20.12,98.0,65.0,No Heart Disease
P02067,Male,42,postgraduate,1,20.0,0.0,no,0,0,274.0,120.0,83.5,23.95,80.0,79.0,No Heart Disease
P02068,Female,58,uneducated,1,1.0,0.0,no,1,0,244.0,160.5,98.0,,86.0,69.0,No Heart Disease
P02069,Female,46,primaryschool,0,0.0,0.0,no,0,0,242.0,129.0,85.0,27.4,80.0,,Heart Disease
P02070,Male,36,primaryschool,1,25.0,0.0,no,0,0,210.0,117.0,84.0,28.35,75.0,96.0,No Heart Disease
P02071,Female,35,primaryschool,0,0.0,0.0,no,0,0,165.0,117.5,72.5,27.86,63.0,67.0,No Heart Disease
P02072,Female,54,graduate,0,0.0,0.0,no,0,0,288.0,124.0,77.0,29.88,79.0,92.0,No Heart Disease
P02073,Male,62,graduate,1,20.0,0.0,no,0,0,245.0,127.0,79.0,23.5,72.0,73.0,No Heart Disease
P02074,Female,39,primaryschool,1,15.0,0.0,no,0,0,216.0,116.0,72.0,24.25,76.0,71.0,No Heart Disease
P02075,Male,45,primaryschool,1,10.0,,no,1,0,232.0,136.0,85.0,30.29,70.0,66.0,No Heart Disease
P02076,Female,37,uneducated,1,20.0,0.0,no,0,0,166.0,112.0,73.5,21.64,75.0,93.0,Heart Disease
P02077,Male,64,primaryschool,0,0.0,0.0,no,0,0,287.0,121.0,70.0,23.64,68.0,75.0,No Heart Disease
P02078,Female,59,uneducated,0,0.0,0.0,no,1,0,220.0,145.0,86.0,25.9,90.0,77.0,No Heart Disease
P02079,Female,40,postgraduate,1,20.0,0.0,no,0,0,182.0,95.5,64.0,25.21,60.0,72.0,No Heart Disease
P02080,Male,43,postgraduate,1,30.0,0.0,no,1,0,,152.0,87.0,26.77,77.0,,Heart Disease
P02081,Male,52,uneducated,0,0.0,0.0,no,0,0,266.0,117.0,78.0,27.39,70.0,88.0,No Heart Disease
P02082,Male,48,graduate,1,25.0,0.0,no,0,0,200.0,126.5,91.5,30.34,75.0,,No Heart Disease
P02083,Female,40,uneducated,1,20.0,0.0,no,0,0,237.0,130.0,72.0,23.54,75.0,80.0,No Heart Disease
P02084,Female,62,uneducated,0,0.0,0.0,no,1,0,308.0,152.0,98.0,35.42,75.0,76.0,No Heart Disease
P02085,Female,48,uneducated,0,0.0,0.0,no,0,0,270.0,134.0,87.0,24.91,75.0,77.0,No Heart Disease
P02086,Female,46,uneducated,1,20.0,0.0,no,0,0,185.0,137.0,90.0,25.2,82.0,,No Heart Disease
P02087,Female,55,postgraduate,1,9.0,0.0,no,1,0,263.0,155.0,84.0,27.87,68.0,60.0,No Heart Disease
P02088,Male,57,graduate,0,0.0,0.0,no,0,0,213.0,141.0,90.0,30.77,60.0,77.0,Heart Disease
P02089,Male,50,postgraduate,0,0.0,0.0,no,1,0,259.0,171.0,120.0,29.38,72.0,85.0,Heart Disease
P02090,Male,50,postgraduate,1,35.0,0.0,no,0,0,236.0,102.0,69.0,21.98,70.0,73.0,No Heart Disease
P02091,Female,42,primaryschool,0,0.0,0.0,no,0,0,232.0,113.0,69.0,21.29,68.0,70.0,No Heart Disease
P02092,Male,65,uneducated,0,0.0,0.0,no,1,1,240.0,235.0,100.0,,68.0,297.0,Heart Disease
P02093,Female,42,primaryschool,1,9.0,0.0,no,0,0,185.0,123.0,74.0,24.41,83.0,92.0,No Heart Disease
P02094,Male,66,uneducated,1,20.0,0.0,no,1,0,228.0,188.0,128.0,29.58,84.0,67.0,No Heart Disease
P02095,Female,41,uneducated,0,0.0,0.0,no,0,0,177.0,107.0,76.0,22.37,75.0,65.0,No Heart Disease
P02096,Male,57,uneducated,1,20.0,0.0,no,0,0,265.0,124.0,81.0,28.18,73.0,100.0,No Heart Disease
P02097,Female,39,graduate,0,0.0,0.0,no,0,0,179.0,120.0,82.0,21.51,96.0,,No Heart Disease
P02098,Male,43,graduate,1,20.0,0.0,no,1,0,206.0,162.5,93.5,29.01,90.0,77.0,No Heart Disease
P02099,Female,39,graduate,0,0.0,0.0,no,0,1,209.0,104.0,72.0,23.96,90.0,103.0,No Heart Disease
P02100,Female,50,graduate,0,0.0,0.0,no,1,0,243.0,157.0,98.0,23.82,70.0,78.0,Heart Disease
P02101,Female,50,postgraduate,0,0.0,0.0,no,0,0,305.0,114.0,80.0,24.33,55.0,80.0,No Heart Disease
P02102,Female,33,primaryschool,1,5.0,0.0,no,0,0,200.0,119.0,74.0,23.8,75.0,74.0,No Heart Disease
P02103,Female,36,graduate,0,0.0,0.0,no,1,0,264.0,123.0,94.5,28.59,75.0,70.0,No Heart Disease
P02104,Female,44,uneducated,0,0.0,0.0,no,0,0,240.0,127.5,87.0,22.19,60.0,,No Heart Disease
P02105,Male,55,uneducated,1,20.0,0.0,no,1,0,244.0,125.0,93.0,24.5,75.0,,No Heart Disease
P02106,Female,53,uneducated,1,9.0,0.0,no,0,0,309.0,130.0,86.0,22.37,82.0,80.0,No Heart Disease
P02107,Male,67,graduate,0,0.0,0.0,no,0,0,250.0,120.0,83.0,22.36,65.0,78.0,Heart Disease
P02108,Male,50,postgraduate,0,0.0,0.0,no,0,0,227.0,132.0,59.0,25.12,57.0,,No Heart Disease
P02109,Female,57,graduate,1,20.0,0.0,no,0,0,267.0,102.0,62.0,20.34,60.0,,No Heart Disease
P02110,Female,40,primaryschool,1,10.0,0.0,no,0,0,169.0,123.5,77.5,23.09,71.0,,No Heart Disease
P02111,Male,41,primaryschool,0,0.0,0.0,no,1,0,248.0,140.0,87.0,30.34,96.0,,No Heart Disease
P02112,Female,55,graduate,1,35.0,0.0,no,0,0,275.0,144.5,88.5,27.05,72.0,79.0,Heart Disease
P02113,Male,56,uneducated,0,0.0,0.0,no,0,0,260.0,126.5,76.0,25.14,58.0,70.0,Heart Disease
P02114,Male,39,primaryschool,1,25.0,0.0,no,0,0,217.0,119.0,85.0,23.32,66.0,96.0,No Heart Disease
P02115,Male,62,uneducated,1,43.0,0.0,no,0,0,217.0,107.5,75.0,26.21,80.0,66.0,Heart Disease
P02116,Male,57,uneducated,0,0.0,0.0,no,0,0,258.0,146.0,76.0,24.94,63.0,87.0,No Heart Disease
P02117,Female,39,postgraduate,1,9.0,0.0,no,0,0,180.0,113.0,73.0,17.65,70.0,73.0,No Heart Disease
P02118,Male,56,uneducated,1,17.0,0.0,no,0,0,177.0,127.0,79.0,20.12,70.0,88.0,No Heart Disease
P02119,Female,56,uneducated,0,0.0,0.0,no,0,0,242.0,115.0,70.0,32.07,83.0,,No Heart Disease
P02120,Male,54,graduate,0,0.0,0.0,no,1,0,258.0,146.0,98.5,26.05,60.0,68.0,No Heart Disease
P02121,Female,61,uneducated,0,0.0,,no,0,0,218.0,148.0,80.0,37.04,82.0,78.0,No Heart Disease
P02122,Female,39,primaryschool,0,0.0,0.0,no,0,0,195.0,137.0,93.0,26.39,88.0,75.0,No Heart Disease
P02123,Female,37,postgraduate,1,3.0,0.0,no,0,0,160.0,104.0,61.0,20.22,85.0,100.0,No Heart Disease
P02124,Female,60,uneducated,0,0.0,0.0,no,0,0,266.0,135.0,87.0,26.72,75.0,82.0,No Heart Disease
P02125,Female,62,postgraduate,1,5.0,0.0,no,1,0,254.0,167.5,102.5,27.15,75.0,83.0,No Heart Disease
P02126,Male,58,uneducated,1,20.0,0.0,no,0,0,200.0,136.0,88.0,26.25,75.0,73.0,Heart Disease
P02127,Female,51,uneducated,1,20.0,0.0,no,1,0,195.0,154.0,96.0,28.38,75.0,75.0,No Heart Disease
P02128,Male,48,graduate,0,0.0,0.0,no,1,0,234.0,141.0,98.0,21.06,53.0,82.0,No Heart Disease
P02129,Female,58,uneducated,1,20.0,0.0,no,0,0,225.0,146.0,77.0,24.6,96.0,53.0,No Heart Disease
P02130,Male,54,uneducated,1,20.0,0.0,no,1,0,225.0,133.0,83.0,22.18,80.0,65.0,No Heart Disease
P02131,Female,63,primaryschool,0,0.0,0.0,no,0,0,276.0,134.0,85.0,23.64,70.0,86.0,No Heart Disease
P02132,Male,37,uneducated,1,30.0,0.0,no,0,0,179.0,125.0,82.0,19.53,60.0,70.0,Heart Disease
P02133,Female,59,graduate,1,3.0,0.0,no,1,0,216.0,205.0,92.5,25.86,66.0,84.0,No Heart Disease
P02134,Male,55,uneducated,0,0.0,0.0,no,0,0,298.0,169.5,104.5,27.51,76.0,78.0,No Heart Disease
P02135,Female,53,primaryschool,0,0.0,0.0,no,1,0,315.0,159.0,99.0,27.94,75.0,,No Heart Disease
P02136,Female,40,graduate,1,5.0,0.0,no,0,0,143.0,125.5,80.0,21.99,71.0,95.0,No Heart Disease
P02137,Female,56,primaryschool,0,0.0,0.0,no,1,0,290.0,185.0,107.5,26.45,82.0,84.0,Heart Disease
P02138,Female,41,graduate,1,15.0,0.0,no,0,0,195.0,120.5,76.0,22.91,75.0,70.0,Heart Disease
P02139,Male,45,,1,3.0,0.0,no,0,0,215.0,144.0,110.0,25.71,58.0,85.0,No Heart Disease
P02140,Female,37,primaryschool,1,20.0,0.0,no,0,0,164.0,96.5,67.0,24.99,68.0,67.0,No Heart Disease
P02141,Female,50,primaryschool,0,0.0,0.0,no,1,0,259.0,152.0,97.0,33.68,75.0,76.0,No Heart Disease
P02142,Female,41,postgraduate,0,0.0,0.0,no,0,0,206.0,130.0,88.0,22.25,85.0,79.0,No Heart Disease
P02143,Male,41,primaryschool,0,0.0,0.0,no,0,0,298.0,132.0,85.5,31.06,58.0,90.0,No Heart Disease
P02144,Female,49,primaryschool,1,20.0,0.0,no,0,0,283.0,127.0,86.0,23.68,95.0,78.0,No Heart Disease
P02145,Male,51,primaryschool,1,6.0,0.0,no,0,0,234.0,129.0,94.0,23.9,65.0,96.0,No Heart Disease
P02146,Male,62,primaryschool,0,0.0,0.0,no,0,0,202.0,149.5,85.0,25.42,65.0,80.0,No Heart Disease
P02147,Male,42,uneducated,0,0.0,0.0,no,0,0,258.0,110.0,69.0,26.25,60.0,73.0,No Heart Disease
P02148,Female,59,graduate,0,0.0,0.0,no,0,0,293.0,124.0,74.0,25.56,72.0,77.0,No Heart Disease
P02149,Female,52,uneducated,0,0.0,0.0,no,1,0,245.0,148.0,92.0,22.7,70.0,60.0,No Heart Disease
P02150,Female,37,primaryschool,1,20.0,0.0,no,0,0,154.0,106.0,59.5,22.71,72.0,50.0,No Heart Disease
P02151,Male,36,primaryschool,1,30.0,0.0,no,0,0,310.0,126.0,87.0,28.09,78.0,78.0,No Heart Disease
P02152,Male,36,primaryschool,0,0.0,0.0,no,0,0,186.0,121.0,79.5,27.08,56.0,65.0,No Heart Disease
P02153,Female,39,postgraduate,1,9.0,0.0,no,0,0,170.0,110.5,69.0,22.19,60.0,103.0,No Heart Disease
P02154,Female,55,primaryschool,0,0.0,0.0,no,0,0,271.0,146.5,80.0,20.69,100.0,89.0,No Heart Disease
P02155,Female,40,postgraduate,1,10.0,0.0,no,0,0,200.0,116.0,69.0,23.9,75.0,78.0,No Heart Disease
P02156,Male,38,graduate,0,0.0,0.0,no,0,0,305.0,130.0,95.0,23.1,65.0,78.0,Heart Disease
P02157,Female,44,postgraduate,1,5.0,0.0,no,0,0,265.0,110.0,78.0,20.88,60.0,68.0,No Heart Disease
P02158,Male,54,uneducated,0,0.0,0.0,no,0,0,260.0,116.0,77.0,28.56,57.0,61.0,No Heart Disease
P02159,Male,40,primaryschool,1,30.0,0.0,no,0,0,162.0,129.0,76.5,24.12,70.0,73.0,No Heart Disease
P02160,Female,42,graduate,1,15.0,0.0,no,0,0,212.0,115.0,72.0,23.72,73.0,100.0,No Heart Disease
P02161,Female,62,uneducated,0,0.0,0.0,no,1,0,242.0,130.0,91.0,31.12,80.0,,No Heart Disease
P02162,Male,48,uneducated,1,1.0,0.0,no,0,0,259.0,130.0,95.0,23.68,68.0,,No Heart Disease
P02163,Female,66,uneducated,0,0.0,0.0,no,1,0,212.0,220.0,96.0,44.71,110.0,95.0,No Heart Disease
P02164,Female,54,uneducated,1,20.0,0.0,no,0,0,274.0,116.0,79.0,24.77,72.0,65.0,No Heart Disease
P02165,Female,57,primaryschool,0,0.0,0.0,no,0,0,274.0,116.0,83.0,25.77,70.0,83.0,No Heart Disease
P02166,Male,38,postgraduate,0,0.0,0.0,no,0,0,328.0,124.0,82.0,29.08,82.0,69.0,No Heart Disease
P02167,Female,42,postgraduate,0,0.0,0.0,no,1,0,165.0,146.0,90.0,28.78,60.0,74.0,No Heart Disease
P02168,Female,42,uneducated,1,30.0,0.0,no,0,0,240.0,127.0,90.0,38.54,75.0,69.0,No Heart Disease
P02169,Female,45,primaryschool,1,20.0,0.0,no,0,0,255.0,111.0,72.0,17.32,88.0,65.0,No Heart Disease
P02170,Male,48,uneducated,0,0.0,0.0,no,0,0,210.0,134.0,83.0,25.08,75.0,107.0,No Heart Disease
P02171,Male,44,postgraduate,0,0.0,0.0,no,1,0,249.0,182.0,111.0,39.04,90.0,67.0,No Heart Disease
P02172,Female,62,uneducated,0,0.0,0.0,no,0,0,205.0,118.0,79.5,30.21,82.0,75.0,No Heart Disease
P02173,Female,41,uneducated,0,0.0,0.0,no,0,0,203.0,124.0,86.0,28.25,83.0,80.0,No Heart Disease
P02174,Female,62,graduate,0,0.0,,no,1,0,294.0,139.0,78.0,21.11,85.0,79.0,No Heart Disease
P02175,Female,58,uneducated,1,20.0,1.0,no,1,0,156.0,170.0,98.0,28.88,72.0,,Heart Disease
P02176,Male,49,uneducated,1,20.0,0.0,no,0,0,247.0,150.0,88.0,27.92,75.0,74.0,Heart Disease
P02177,Female,54,uneducated,0,0.0,0.0,no,0,0,205.0,107.5,67.5,20.26,75.0,88.0,No Heart Disease
P02178,Female,53,graduate,0,0.0,0.0,no,0,0,240.0,109.0,79.0,,92.0,80.0,Heart Disease
P02179,Female,43,uneducated,0,0.0,0.0,no,0,0,229.0,124.0,79.0,30.28,72.0,77.0,No Heart Disease
P02180,Female,61,primaryschool,0,0.0,0.0,no,1,0,273.0,210.0,120.0,25.11,88.0,83.0,Heart Disease
P02181,Male,63,uneducated,0,0.0,0.0,no,0,1,229.0,109.0,75.0,38.42,110.0,120.0,No Heart Disease
P02182,Female,56,uneducated,1,9.0,,no,1,0,320.0,142.0,84.0,27.9,74.0,95.0,Heart Disease
P02183,Male,38,primaryschool,1,50.0,0.0,no,0,0,300.0,120.0,74.0,28.74,70.0,78.0,No Heart Disease
P02184,Male,58,primaryschool,1,20.0,0.0,no,0,0,282.0,110.0,70.0,26.4,70.0,,No Heart Disease
P02185,Female,53,uneducated,0,0.0,0.0,no,0,0,279.0,132.0,81.0,26.18,67.0,77.0,No Heart Disease
P02186,Female,45,primaryschool,1,3.0,0.0,no,0,0,250.0,130.0,80.0,20.24,90.0,86.0,No Heart Disease
P02187,Female,51,primaryschool,1,20.0,0.0,no,1,0,293.0,151.0,92.0,30.67,80.0,77.0,No Heart Disease
P02188,Male,52,uneducated,1,30.0,1.0,no,1,0,238.0,184.0,102.0,28.88,90.0,94.0,Heart Disease
P02189,Male,40,uneducated,1,20.0,0.0,no,0,0,297.0,105.0,73.0,27.15,67.0,88.0,No Heart Disease
P02190,Male,42,uneducated,1,30.0,0.0,no,0,0,232.0,130.0,91.0,25.77,72.0,70.0,No Heart Disease
P02191,Male,37,primaryschool,1,1.0,0.0,no,1,0,165.0,134.5,91.0,27.97,86.0,80.0,No Heart Disease
P02192,Female,52,uneducated,1,20.0,0.0,no,0,0,232.0,115.0,80.0,28.79,72.0,68.0,No Heart Disease
P02193,Male,44,primaryschool,1,15.0,0.0,no,0,0,209.0,127.0,86.0,26.41,85.0,88.0,No Heart Disease
P02194,Male,44,primaryschool,1,30.0,0.0,no,0,0,339.0,97.0,62.0,22.19,90.0,85.0,No Heart Disease
P02195,Male,42,graduate,1,43.0,0.0,no,1,0,272.0,128.0,83.0,33.26,80.0,63.0,Heart Disease
P02196,Male,45,primaryschool,1,25.0,0.0,no,0,0,288.0,124.0,81.0,27.94,69.0,118.0,No Heart Disease
P02197,Male,39,uneducated,0,0.0,0.0,no,0,0,190.0,114.0,70.0,27.8,60.0,80.0,No Heart Disease
P02198,Female,63,uneducated,0,0.0,0.0,no,1,0,293.0,193.0,63.0,30.0,70.0,76.0,Heart Disease
P02199,Male,42,uneducated,1,20.0,0.0,no,0,0,190.0,121.5,79.0,24.2,92.0,77.0,No Heart Disease
P02200,Male,55,postgraduate,0,0.0,0.0,no,0,0,260.0,120.0,80.0,28.89,60.0,68.0,No Heart Disease
P02201,Female,46,graduate,0,0.0,0.0,no,1,0,230.0,154.0,98.0,28.23,75.0,90.0,No Heart Disease
P02202,Male,45,uneducated,0,0.0,0.0,no,0,0,258.0,128.0,79.0,32.03,70.0,75.0,No Heart Disease
P02203,Female,37,primaryschool,0,0.0,0.0,no,0,0,209.0,115.0,69.0,24.66,72.0,77.0,No Heart Disease
P02204,Female,50,primaryschool,0,0.0,0.0,no,0,0,232.0,120.0,75.0,23.88,60.0,74.0,No Heart Disease
P02205,Male,52,primaryschool,1,20.0,0.0,yes,1,0,260.0,158.0,96.0,21.17,74.0,82.0,No Heart Disease
P02206,Male,53,uneducated,1,20.0,0.0,no,0,0,260.0,120.0,80.0,29.35,64.0,73.0,No Heart Disease
P02207,Male,46,uneducated,1,15.0,0.0,no,1,0,405.0,181.5,102.5,26.33,98.0,97.0,Heart Disease
P02208,Female,35,primaryschool,0,0.0,0.0,no,0,0,197.0,109.0,73.0,26.38,71.0,95.0,No Heart Disease
P02209,Female,42,primaryschool,1,10.0,0.0,no,0,0,359.0,115.0,71.0,24.46,75.0,68.0,No Heart Disease
P02210,Female,48,uneducated,1,2.0,0.0,no,0,0,,129.0,90.0,16.61,80.0,,Heart Disease
P02211,Female,52,uneducated,0,0.0,0.0,no,0,0,234.0,130.0,75.0,28.35,82.0,72.0,No Heart Disease
P02212,Male,41,graduate,0,0.0,0.0,no,1,0,230.0,150.0,101.0,28.54,75.0,65.0,No Heart Disease
P02213,Female,48,uneducated,1,35.0,0.0,no,1,0,174.0,154.0,84.0,31.76,72.0,90.0,No Heart Disease
P02214,Male,62,uneducated,1,20.0,0.0,no,0,0,295.0,139.0,80.0,21.28,63.0,97.0,No Heart Disease
P02215,Female,53,postgraduate,0,0.0,0.0,no,1,0,243.0,188.5,106.5,29.82,68.0,70.0,No Heart Disease
P02216,Male,60,uneducated,1,20.0,0.0,no,0,0,260.0,127.5,72.5,25.06,65.0,75.0,Heart Disease
P02217,Male,45,postgraduate,1,20.0,0.0,no,0,0,202.0,99.0,76.0,24.61,94.0,,No Heart Disease
P02218,Male,39,uneducated,1,20.0,0.0,no,0,1,195.0,106.0,80.0,23.57,85.0,132.0,No Heart Disease
P02219,Male,43,primaryschool,1,20.0,0.0,no,0,0,226.0,132.5,85.0,26.64,72.0,58.0,No Heart Disease
P02220,Female,34,primaryschool,1,40.0,0.0,no,0,0,184.0,118.0,77.0,25.56,86.0,,No Heart Disease
P02221,Male,42,uneducated,1,20.0,0.0,no,0,0,182.0,120.0,83.0,27.26,85.0,87.0,No Heart Disease
P02222,Male,60,uneducated,1,30.0,0.0,no,0,0,288.0,122.5,68.5,22.13,80.0,88.0,No Heart Disease
P02223,Female,65,postgraduate,1,1.0,0.0,no,1,0,322.0,165.0,95.0,22.84,80.0,81.0,No Heart Disease
P02224,Female,45,uneducated,1,10.0,0.0,no,0,0,230.0,116.0,75.0,21.35,92.0,77.0,No Heart Disease
P02225,Female,38,primaryschool,1,10.0,0.0,no,0,0,309.0,113.0,68.0,21.35,60.0,75.0,Heart Disease
P02226,Male,38,postgraduate,0,0.0,0.0,no,0,0,240.0,122.5,80.0,23.97,60.0,43.0,No Heart Disease
P02227,Female,59,uneducated,0,0.0,0.0,no,0,0,205.0,142.5,74.5,25.63,85.0,83.0,No Heart Disease
P02228,Female,55,uneducated,0,0.0,0.0,no,1,0,232.0,170.0,92.0,26.09,96.0,74.0,Heart Disease
P02229,Male,62,primaryschool,0,0.0,0.0,no,0,0,193.0,132.5,80.0,27.2,70.0,78.0,No Heart Disease
P02230,Female,37,primaryschool,1,43.0,0.0,no,0,0,167.0,118.0,76.0,19.61,65.0,67.0,No Heart Disease
P02231,Male,38,graduate,1,20.0,0.0,no,0,0,238.0,119.0,83.5,24.18,68.0,71.0,No Heart Disease
P02232,Male,52,postgraduate,0,0.0,0.0,no,0,0,285.0,110.0,79.0,23.41,67.0,65.0,No Heart Disease
P02233,Female,45,postgraduate,1,15.0,0.0,no,0,0,239.0,112.0,70.0,23.48,68.0,95.0,No Heart Disease
P02234,Female,41,primaryschool,1,15.0,0.0,no,0,0,235.0,107.5,68.0,21.1,80.0,113.0,No Heart Disease
P02235,Male,52,uneducated,0,0.0,0.0,no,0,1,219.0,125.0,82.0,24.06,73.0,173.0,Heart Disease
P02236,Male,59,uneducated,1,20.0,0.0,no,0,0,207.0,111.5,67.0,20.12,55.0,84.0,No Heart Disease
P02237,Female,53,graduate,0,0.0,0.0,no,0,0,260.0,139.0,80.0,20.31,72.0,76.0,No Heart Disease
P02238,Female,48,uneducated,0,0.0,0.0,no,1,0,246.0,165.0,84.0,27.6,122.0,73.0,No Heart Disease
P02239,Male,54,graduate,1,43.0,0.0,no,0,0,288.0,145.0,92.5,26.2,72.0,98.0,Heart Disease
P02240,Male,39,postgraduate,1,30.0,0.0,no,0,0,255.0,108.0,75.0,23.9,67.0,70.0,No Heart Disease
P02241,Male,46,primaryschool,0,0.0,0.0,no,0,0,270.0,138.0,97.0,33.79,90.0,65.0,No Heart Disease
P02242,Male,45,primaryschool,1,20.0,0.0,no,0,0,239.0,116.0,68.0,26.0,78.0,79.0,No Heart Disease
P02243,Female,50,primaryschool,1,20.0,0.0,no,0,0,202.0,138.0,72.0,25.03,110.0,98.0,No Heart Disease
P02244,Male,46,postgraduate,1,20.0,0.0,no,0,0,233.0,108.0,74.0,23.97,85.0,82.0,No Heart Disease
P02245,Female,36,uneducated,0,0.0,0.0,no,0,0,200.0,108.0,62.0,20.79,75.0,69.0,No Heart Disease
P02246,Female,53,postgraduate,0,0.0,0.0,no,1,0,243.0,164.0,111.0,39.53,100.0,70.0,No Heart Disease
P02247,Male,50,postgraduate,1,20.0,0.0,no,1,0,250.0,148.0,108.0,24.0,80.0,86.0,No Heart Disease
P02248,Female,63,uneducated,0,0.0,0.0,no,1,0,235.0,131.5,91.0,24.69,80.0,68.0,No Heart Disease
P02249,Female,38,postgraduate,1,15.0,0.0,no,0,0,178.0,96.0,67.0,20.4,65.0,82.0,No Heart Disease
P02250,Female,56,graduate,0,0.0,0.0,no,0,0,207.0,120.0,60.0,22.89,75.0,71.0,No Heart Disease
P02251,Male,41,,0,0.0,0.0,no,0,0,260.0,128.0,84.0,31.61,66.0,48.0,No Heart Disease
P02252,Female,38,uneducated,1,10.0,0.0,no,0,0,220.0,114.0,73.5,27.06,68.0,67.0,No Heart Disease
P02253,Male,48,postgraduate,0,0.0,0.0,no,1,0,205.0,148.0,103.0,28.31,75.0,60.0,No Heart Disease
P02254,Male,56,uneducated,1,20.0,0.0,no,1,0,197.0,140.0,86.0,25.16,90.0,71.0,No Heart Disease
P02255,Female,55,uneducated,0,0.0,0.0,no,0,0,282.0,127.5,69.0,26.76,76.0,,No Heart Disease
P02256,Male,41,postgraduate,1,10.0,0.0,no,0,0,213.0,120.0,78.0,28.78,80.0,70.0,No Heart Disease
P02257,Male,48,uneducated,0,0.0,0.0,no,1,0,232.0,130.5,90.0,29.07,85.0,118.0,No Heart Disease
P02258,Male,57,graduate,0,0.0,0.0,no,0,0,238.0,128.5,87.5,25.38,80.0,89.0,No Heart Disease
P02259,Male,44,uneducated,1,20.0,0.0,no,0,0,258.0,116.0,67.0,28.3,75.0,79.0,No Heart Disease
P02260,Male,40,graduate,1,40.0,0.0,no,0,0,208.0,120.0,80.0,25.98,75.0,66.0,No Heart Disease
P02261,Female,45,graduate,1,5.0,0.0,no,0,0,268.0,100.0,70.0,23.45,73.0,87.0,No Heart Disease
P02262,Male,57,graduate,0,0.0,0.0,no,0,0,314.0,109.5,72.0,25.62,72.0,71.0,No Heart Disease
P02263,Female,65,uneducated,1,3.0,0.0,no,1,0,211.0,190.0,90.0,39.54,80.0,,No Heart Disease
P02264,Female,58,uneducated,1,8.0,1.0,no,1,0,,185.0,105.0,31.18,75.0,,No Heart Disease
P02265,Male,42,postgraduate,1,20.0,0.0,no,1,0,260.0,132.0,86.0,29.76,75.0,66.0,No Heart Disease
P02266,Male,38,primaryschool,0,0.0,0.0,no,0,0,148.0,115.0,75.0,26.49,75.0,74.0,No Heart Disease
P02267,Male,41,primaryschool,1,20.0,0.0,no,0,0,199.0,139.0,80.0,25.51,62.0,62.0,Heart Disease
P02268,Female,61,,0,0.0,0.0,no,0,0,270.0,136.5,89.0,30.65,63.0,87.0,No Heart Disease
P02269,Female,63,uneducated,0,0.0,0.0,no,1,0,275.0,148.0,75.0,28.87,70.0,83.0,Heart Disease
P02270,Male,43,postgraduate,0,0.0,0.0,no,0,0,179.0,125.0,80.0,23.05,63.0,,No Heart Disease
P02271,Male,43,primaryschool,1,15.0,0.0,no,0,0,240.0,137.0,86.0,26.32,100.0,,No Heart Disease
P02272,Male,52,postgraduate,1,30.0,0.0,no,0,0,346.0,133.0,96.0,25.95,65.0,126.0,Heart Disease
P02273,Female,48,primaryschool,0,0.0,0.0,no,0,0,237.0,124.5,66.5,33.29,80.0,91.0,No Heart Disease
P02274,Female,45,uneducated,0,0.0,0.0,no,0,0,285.0,107.5,80.0,28.06,74.0,,No Heart Disease
P02275,Male,44,uneducated,1,20.0,0.0,no,0,0,193.0,134.0,88.0,23.77,75.0,77.0,No Heart Disease
P02276,Female,49,primaryschool,1,30.0,1.0,no,1,0,350.0,174.0,90.0,18.44,110.0,78.0,No Heart Disease
P02277,Male,42,postgraduate,1,20.0,0.0,no,0,0,166.0,110.0,70.0,19.97,75.0,69.0,No Heart Disease
P02278,Female,42,postgraduate,1,6.0,0.0,no,0,0,219.0,120.0,70.0,24.1,57.0,73.0,No Heart Disease
P02279,Female,57,uneducated,1,20.0,1.0,no,1,0,281.0,192.0,105.0,27.04,64.0,75.0,No Heart Disease
P02280,Male,57,graduate,0,0.0,0.0,no,0,0,272.0,109.0,77.0,25.57,75.0,89.0,No Heart Disease
P02281,Female,54,primaryschool,0,0.0,0.0,no,0,0,243.0,138.0,79.0,21.93,75.0,95.0,No Heart Disease
P02282,Male,39,postgraduate,0,0.0,0.0,no,1,0,208.0,146.0,92.0,25.91,69.0,74.0,No Heart Disease
P02283,Female,50,graduate,1,10.0,0.0,no,1,0,240.0,176.5,115.0,27.71,70.0,83.0,No Heart Disease
P02284,Female,49,primaryschool,1,1.0,0.0,no,0,0,240.0,110.0,71.0,22.02,73.0,84.0,No Heart Disease
P02285,Male,49,uneducated,1,20.0,0.0,no,0,0,206.0,101.0,69.0,28.4,85.0,82.0,No Heart Disease
P02286,Male,48,primaryschool,0,0.0,0.0,no,1,0,251.0,148.0,91.0,25.79,75.0,83.0,No Heart Disease
P02287,Female,39,primaryschool,1,9.0,0.0,no,0,0,270.0,110.0,78.0,22.0,75.0,68.0,No Heart Disease
P02288,Female,54,graduate,0,0.0,0.0,no,0,0,292.0,137.0,84.0,24.96,60.0,94.0,No Heart Disease
P02289,Female,51,primaryschool,0,0.0,0.0,no,0,0,235.0,110.5,69.0,21.8,70.0,86.0,No Heart Disease
P02290,Male,54,primaryschool,1,30.0,0.0,no,1,0,212.0,153.0,100.0,27.03,52.0,82.0,No Heart Disease
P02291,Female,58,primaryschool,0,0.0,0.0,no,1,0,200.0,177.0,97.0,28.4,86.0,73.0,No Heart Disease
P02292,Female,45,uneducated,0,0.0,0.0,no,0,0,238.0,127.5,83.5,27.73,90.0,78.0,No Heart Disease
P02293,Male,60,postgraduate,0,0.0,0.0,no,0,0,227.0,119.0,76.0,24.8,71.0,92.0,No Heart Disease
P02294,Male,47,,1,1.0,0.0,no,0,0,183.0,112.5,73.0,24.27,68.0,80.0,No Heart Disease
P02295,Female,40,primaryschool,0,0.0,0.0,no,1,0,254.0,132.0,92.0,23.45,75.0,62.0,No Heart Disease
P02296,Female,64,uneducated,0,0.0,0.0,no,0,0,213.0,133.0,77.5,35.62,77.0,74.0,No Heart Disease
P02297,Female,47,uneducated,0,0.0,0.0,no,1,0,190.0,160.0,96.0,28.02,94.0,64.0,No Heart Disease
P02298,Male,54,postgraduate,1,30.0,0.0,no,0,0,195.0,113.5,72.0,21.78,65.0,67.0,No Heart Disease
P02299,Male,60,uneducated,1,40.0,0.0,no,1,0,230.0,149.0,95.0,26.68,67.0,92.0,Heart Disease
P02300,Male,48,primaryschool,0,0.0,1.0,no,1,0,336.0,183.0,108.0,28.11,106.0,96.0,No Heart Disease
P02301,Female,41,postgraduate,0,0.0,0.0,no,0,0,204.0,129.0,86.0,20.72,60.0,70.0,No Heart Disease
P02302,Female,36,uneducated,0,0.0,0.0,no,0,0,180.0,116.0,85.5,26.32,95.0,81.0,No Heart Disease
P02303,Male,37,postgraduate,0,0.0,0.0,no,1,0,230.0,123.0,92.0,28.61,71.0,80.0,No Heart Disease
P02304,Female,39,primaryschool,0,0.0,0.0,no,0,0,175.0,114.0,68.0,24.2,80.0,93.0,No Heart Disease
P02305,Male,63,uneducated,0,0.0,0.0,no,1,0,235.0,199.0,114.0,29.76,95.0,84.0,No Heart Disease
P02306,Male,66,primaryschool,1,3.0,0.0,no,1,0,199.0,159.0,92.0,26.35,66.0,74.0,No Heart Disease
P02307,Female,48,uneducated,0,0.0,0.0,no,1,0,202.0,171.0,97.0,32.67,95.0,78.0,No Heart Disease
P02308,Female,37,uneducated,1,1.0,0.0,no,1,0,274.0,197.5,125.0,43.48,68.0,94.0,No Heart Disease
P02309,Female,64,primaryschool,0,0.0,0.0,no,1,0,246.0,190.0,100.0,32.68,92.0,102.0,No Heart Disease
P02310,Female,46,primaryschool,0,0.0,0.0,no,0,0,275.0,116.0,88.5,28.04,70.0,70.0,No Heart Disease
P02311,Male,38,uneducated,0,0.0,0.0,no,0,0,203.0,116.0,81.0,30.19,62.0,80.0,Heart Disease
P02312,Female,43,uneducated,1,20.0,0.0,no,0,0,245.0,112.5,80.0,23.43,90.0,77.0,No Heart Disease
P02313,Female,44,uneducated,1,5.0,0.0,no,0,0,205.0,120.0,83.5,24.3,67.0,77.0,No Heart Disease
P02314,Male,44,uneducated,1,20.0,0.0,no,0,0,213.0,116.0,77.5,26.09,75.0,83.0,No Heart Disease
P02315,Female,63,uneducated,1,9.0,0.0,no,1,0,281.0,158.5,90.0,20.5,72.0,,No Heart Disease
P02316,Male,63,uneducated,0,0.0,0.0,no,1,0,219.0,145.5,80.0,26.6,72.0,,Heart Disease
P02317,Female,46,uneducated,0,0.0,0.0,no,1,0,233.0,174.0,100.0,26.72,85.0,73.0,No Heart Disease
P02318,Female,46,uneducated,0,0.0,0.0,no,0,0,200.0,133.0,84.0,26.15,70.0,83.0,No Heart Disease
P02319,Male,60,uneducated,1,20.0,0.0,no,0,0,195.0,107.5,72.0,26.53,70.0,80.0,No Heart Disease
P02320,Male,61,uneducated,1,13.0,0.0,no,0,0,312.0,110.0,66.0,26.28,68.0,96.0,No Heart Disease
P02321,Female,51,primaryschool,1,5.0,0.0,no,0,0,192.0,133.0,87.0,20.72,78.0,77.0,No Heart Disease
P02322,Male,63,graduate,1,9.0,0.0,no,0,0,176.0,116.0,83.0,27.8,65.0,75.0,No Heart Disease
P02323,Male,61,uneducated,1,15.0,0.0,no,1,0,157.0,195.0,108.0,25.08,75.0,78.0,No Heart Disease
P02324,Male,36,primaryschool,0,0.0,0.0,no,1,0,183.0,140.0,85.0,24.39,67.0,84.0,No Heart Disease
P02325,Male,43,uneducated,1,15.0,0.0,no,0,0,249.0,145.0,85.0,28.77,75.0,100.0,No Heart Disease
P02326,Male,60,postgraduate,1,12.0,0.0,no,0,0,233.0,135.0,75.0,22.17,75.0,60.0,Heart Disease
P02327,Male,46,postgraduate,1,20.0,0.0,no,0,0,259.0,101.0,71.0,20.1,80.0,73.0,No Heart Disease
P02328,Female,48,uneducated,1,20.0,0.0,no,1,0,252.0,143.0,81.0,24.0,85.0,101.0,No Heart Disease
P02329,Male,66,postgraduate,1,20.0,0.0,no,1,0,273.0,145.0,88.0,25.41,69.0,74.0,Heart Disease
P02330,Male,40,primaryschool,1,20.0,0.0,no,0,0,193.0,122.0,78.0,28.4,70.0,93.0,No Heart Disease
P02331,Female,42,uneducated,0,0.0,0.0,no,0,0,199.0,111.0,71.0,27.23,67.0,107.0,No Heart Disease
P02332,Female,44,uneducated,1,10.0,0.0,no,1,0,229.0,146.0,78.0,25.25,69.0,75.0,No Heart Disease
P02333,Male,46,primaryschool,1,20.0,0.0,no,1,0,181.0,122.0,87.5,29.15,80.0,83.0,No Heart Disease
P02334,Female,50,uneducated,1,15.0,0.0,no,0,0,168.0,120.0,80.0,25.26,96.0,60.0,Heart Disease
P02335,Female,40,primaryschool,0,0.0,0.0,no,0,0,267.0,150.0,93.0,31.77,93.0,74.0,No Heart Disease
P02336,Male,50,postgraduate,1,20.0,0.0,no,1,0,261.0,180.0,100.0,25.9,92.0,66.0,Heart Disease
P02337,Female,49,uneducated,1,9.0,0.0,no,0,0,235.0,109.0,70.0,28.66,74.0,73.0,Heart Disease
P02338,Female,42,primaryschool,1,9.0,0.0,no,0,0,281.0,115.5,79.0,22.9,80.0,71.0,No Heart Disease
P02339,Female,39,graduate,0,0.0,0.0,no,0,0,201.0,121.0,78.5,24.26,67.0,90.0,No Heart Disease
P02340,Male,49,primaryschool,0,0.0,0.0,no,0,0,215.0,132.0,85.0,33.14,81.0,75.0,Heart Disease
P02341,Female,50,graduate,0,0.0,0.0,no,1,0,,165.0,100.0,24.59,75.0,,Heart Disease
P02342,Female,58,graduate,0,0.0,0.0,no,1,0,,155.0,86.0,22.09,68.0,,No Heart Disease
P02343,Female,41,postgraduate,1,9.0,0.0,no,0,0,218.0,102.0,67.0,19.23,78.0,78.0,No Heart Disease
P02344,Male,37,postgraduate,0,0.0,0.0,no,0,0,266.0,110.0,72.5,26.09,77.0,73.0,Heart Disease
P02345,Male,43,postgraduate,0,0.0,0.0,no,0,0,217.0,115.0,80.0,28.82,52.0,70.0,No Heart Disease
P02346,Female,64,uneducated,1,30.0,0.0,no,0,0,241.0,136.5,85.0,26.42,70.0,77.0,No Heart Disease
P02347,Female,49,,0,0.0,0.0,no,0,0,246.0,107.0,73.0,29.36,79.0,80.0,No Heart Disease
P02348,Female,40,graduate,0,0.0,0.0,no,0,0,226.0,118.0,72.0,24.75,87.0,79.0,No Heart Disease
P02349,Male,48,postgraduate,1,25.0,0.0,no,1,0,216.0,144.0,79.0,25.09,67.0,85.0,No Heart Disease
P02350,Female,63,graduate,0,0.0,0.0,no,1,0,380.0,175.0,78.0,20.15,68.0,95.0,Heart Disease
P02351,Female,51,primaryschool,0,0.0,0.0,no,0,0,233.0,120.0,81.0,28.25,80.0,75.0,No Heart Disease
P02352,Female,64,graduate,0,0.0,0.0,no,0,0,270.0,146.0,106.0,27.96,75.0,77.0,No Heart Disease
P02353,Female,58,uneducated,0,0.0,0.0,no,1,0,281.0,150.0,101.0,36.91,72.0,97.0,Heart Disease
P02354,Female,48,postgraduate,1,17.0,0.0,no,0,0,299.0,132.0,81.0,24.35,75.0,70.0,No Heart Disease
P02355,Male,37,uneducated,1,25.0,0.0,no,0,0,243.0,125.0,75.0,29.19,60.0,78.0,No Heart Disease
P02356,Female,58,uneducated,1,20.0,0.0,no,1,0,260.0,180.0,100.0,25.56,100.0,,Heart Disease
P02357,Female,55,primaryschool,0,0.0,0.0,no,1,0,293.0,165.0,106.0,24.71,90.0,79.0,No Heart Disease
P02358,Female,42,graduate,0,0.0,0.0,no,0,0,270.0,126.0,86.0,23.98,80.0,77.0,No Heart Disease
P02359,Male,43,uneducated,1,30.0,0.0,no,0,0,262.0,105.0,72.5,28.36,82.0,70.0,No Heart Disease
P02360,Female,44,uneducated,1,9.0,0.0,no,0,0,212.0,128.0,81.5,27.51,80.0,87.0,No Heart Disease
P02361,Male,37,primaryschool,1,20.0,0.0,no,0,0,232.0,129.0,74.0,24.46,86.0,88.0,No Heart Disease
P02362,Female,50,graduate,0,0.0,0.0,no,1,0,254.0,132.0,96.0,29.35,90.0,67.0,No Heart Disease
P02363,Male,58,uneducated,0,0.0,0.0,no,0,0,200.0,128.0,83.0,29.63,68.0,80.0,Heart Disease
P02364,Male,42,primaryschool,1,5.0,0.0,no,0,0,355.0,113.0,81.0,26.17,90.0,71.0,No Heart Disease
P02365,Male,48,primaryschool,1,20.0,0.0,no,0,0,210.0,134.5,84.0,27.97,65.0,87.0,No Heart Disease
P02366,Female,32,primaryschool,1,15.0,0.0,no,0,0,242.0,111.0,70.0,29.84,80.0,88.0,No Heart Disease
P02367,Female,39,graduate,0,0.0,0.0,no,0,0,240.0,118.0,84.0,25.57,80.0,75.0,No Heart Disease
P02368,Female,57,postgraduate,0,0.0,,no,1,0,328.0,181.0,112.5,27.05,85.0,94.0,Heart Disease
P02369,Female,54,primaryschool,1,5.0,0.0,no,1,0,390.0,150.0,94.0,27.34,75.0,71.0,No Heart Disease
P02370,Female,50,primaryschool,0,0.0,0.0,no,1,0,190.0,148.0,92.5,22.99,80.0,90.0,No Heart Disease
P02371,Female,60,uneducated,0,0.0,0.0,no,1,0,212.0,146.0,80.0,28.53,95.0,72.0,Heart Disease
P02372,Female,54,uneducated,0,0.0,0.0,no,1,0,315.0,176.0,87.0,29.23,82.0,72.0,No Heart Disease
P02373,Female,46,graduate,0,0.0,0.0,no,0,0,230.0,115.0,75.0,22.9,58.0,79.0,No Heart Disease
P02374,Female,50,uneducated,0,0.0,0.0,no,0,0,189.0,144.0,88.0,39.08,60.0,87.0,Heart Disease
P02375,Male,45,uneducated,0,0.0,0.0,no,1,0,218.0,133.0,87.0,31.9,88.0,115.0,No Heart Disease
P02376,Male,63,graduate,0,0.0,0.0,no,0,0,210.0,124.0,81.0,24.38,67.0,,No Heart Disease
P02377,Male,60,uneducated,0,0.0,0.0,no,0,0,264.0,137.0,80.0,29.99,65.0,58.0,No Heart Disease
P02378,Female,52,uneducated,0,0.0,0.0,no,0,0,279.0,135.0,86.0,27.02,100.0,72.0,Heart Disease
P02379,Male,58,uneducated,0,0.0,0.0,no,1,1,287.0,145.0,72.5,26.27,88.0,206.0,Heart Disease
P02380,Female,38,primaryschool,1,10.0,0.0,no,0,0,186.0,166.0,96.0,33.14,75.0,75.0,No Heart Disease
P02381,Male,59,postgraduate,1,30.0,0.0,no,0,0,235.0,136.0,96.0,28.61,54.0,85.0,No Heart Disease
P02382,Female,41,uneducated,0,0.0,0.0,no,0,0,156.0,121.0,88.0,23.57,70.0,86.0,No Heart Disease
P02383,Male,46,primaryschool,1,20.0,0.0,no,0,0,275.0,137.0,88.0,29.28,110.0,88.0,No Heart Disease
P02384,Female,53,postgraduate,0,0.0,0.0,no,1,0,310.0,146.0,91.0,29.3,75.0,72.0,Heart Disease
P02385,Male,50,postgraduate,0,0.0,0.0,no,0,0,259.0,132.5,92.0,30.41,68.0,75.0,No Heart Disease
P02386,Female,57,uneducated,1,1.0,0.0,no,0,0,240.0,142.0,85.0,22.55,80.0,77.0,No Heart Disease
P02387,Male,40,uneducated,1,20.0,0.0,no,0,0,332.0,114.0,76.0,26.51,70.0,90.0,No Heart Disease
P02388,Female,41,graduate,0,0.0,0.0,no,0,0,228.0,108.0,62.0,23.92,63.0,99.0,No Heart Disease
P02389,Female,41,primaryschool,1,9.0,0.0,no,0,0,280.0,129.0,89.0,39.69,110.0,65.0,No Heart Disease
P02390,Female,56,graduate,0,0.0,0.0,no,0,0,254.0,113.0,61.0,25.5,79.0,87.0,No Heart Disease
P02391,Female,49,uneducated,0,0.0,0.0,no,1,0,205.0,137.0,95.0,25.29,100.0,74.0,Heart Disease
P02392,Male,47,uneducated,0,0.0,0.0,no,0,0,265.0,137.5,88.5,23.75,83.0,90.0,No Heart Disease
P02393,Male,64,graduate,0,0.0,0.0,no,0,0,227.0,102.0,61.0,23.29,70.0,81.0,No Heart Disease
P02394,Female,59,graduate,1,15.0,0.0,no,0,1,342.0,137.0,83.5,25.18,86.0,140.0,No Heart Disease
P02395,Male,40,graduate,1,8.0,0.0,no,1,0,302.0,122.0,95.0,23.81,80.0,82.0,No Heart Disease
P02396,Female,45,graduate,1,3.0,0.0,no,0,0,152.0,118.5,76.0,25.38,74.0,68.0,No Heart Disease
P02397,Female,46,graduate,0,0.0,0.0,no,0,0,193.0,110.0,68.0,22.19,68.0,65.0,No Heart Disease
P02398,Female,42,primaryschool,0,0.0,0.0,no,1,0,196.0,136.0,88.0,34.55,75.0,78.0,No Heart Disease
P02399,Male,62,uneducated,1,10.0,0.0,no,0,0,271.0,125.5,72.5,31.11,62.0,,No Heart Disease
P02400,Female,41,uneducated,1,20.0,0.0,no,0,0,326.0,124.0,78.0,25.27,88.0,67.0,No Heart Disease
P02401,Female,35,primaryschool,0,0.0,0.0,no,0,0,135.0,105.0,69.0,22.88,70.0,76.0,No Heart Disease
P02402,Female,37,postgraduate,1,10.0,0.0,no,0,0,156.0,120.0,87.0,21.8,66.0,89.0,No Heart Disease
P02403,Male,55,uneducated,1,30.0,0.0,no,0,0,230.0,130.0,85.0,30.16,72.0,108.0,No Heart Disease
P02404,Male,56,postgraduate,1,30.0,0.0,no,1,0,303.0,136.5,97.0,26.64,93.0,106.0,No Heart Disease
P02405,Male,51,uneducated,1,15.0,0.0,no,0,0,220.0,125.0,82.0,24.1,60.0,73.0,Heart Disease
P02406,Female,49,uneducated,1,,0.0,no,0,0,252.0,123.0,69.0,21.45,72.0,89.0,No Heart Disease
P02407,Female,62,uneducated,0,0.0,0.0,no,0,1,233.0,130.0,87.0,21.34,85.0,386.0,No Heart Disease
P02408,Female,49,uneducated,1,20.0,0.0,no,0,0,323.0,123.5,78.0,22.86,92.0,63.0,Heart Disease
P02409,Female,44,primaryschool,1,3.0,0.0,no,0,0,288.0,150.0,89.0,21.11,90.0,97.0,No Heart Disease
P02410,Male,47,primaryschool,1,15.0,0.0,no,1,0,225.0,137.0,97.0,27.31,66.0,,No Heart Disease
P02411,Male,39,primaryschool,1,20.0,0.0,no,0,0,190.0,118.0,70.0,23.57,64.0,69.0,No Heart Disease
P02412,Female,51,primaryschool,1,10.0,0.0,no,0,0,255.0,102.5,64.5,24.14,65.0,71.0,No Heart Disease
P02413,Male,48,primaryschool,1,17.0,0.0,no,0,0,218.0,113.0,79.0,27.33,62.0,73.0,No Heart Disease
P02414,Male,43,uneducated,1,20.0,0.0,no,0,0,179.0,129.0,81.0,19.05,63.0,77.0,No Heart Disease
P02415,Female,65,uneducated,0,0.0,0.0,no,0,0,212.0,94.0,62.0,25.83,80.0,88.0,No Heart Disease
P02416,Female,65,graduate,0,0.0,0.0,no,1,0,216.0,163.0,102.0,30.12,91.0,73.0,No Heart Disease
P02417,Male,56,primaryschool,1,20.0,0.0,no,1,0,205.0,210.0,130.0,25.49,95.0,127.0,Heart Disease
P02418,Female,61,uneducated,1,25.0,0.0,no,0,0,,147.5,72.5,26.58,83.0,,No Heart Disease
P02419,Male,45,primaryschool,1,9.0,0.0,no,1,0,188.0,132.0,91.0,28.04,70.0,77.0,No Heart Disease
P02420,Female,61,graduate,0,0.0,0.0,no,0,0,260.0,112.5,75.0,21.97,60.0,74.0,No Heart Disease
P02421,Female,53,uneducated,0,0.0,0.0,no,1,0,180.0,184.5,110.5,27.49,62.0,74.0,No Heart Disease
P02422,Female,65,uneducated,0,0.0,0.0,no,0,0,221.0,141.0,82.5,29.48,80.0,93.0,No Heart Disease
P02423,Female,34,primaryschool,1,10.0,0.0,no,0,0,159.0,92.5,70.0,22.15,65.0,68.0,No Heart Disease
P02424,Male,46,uneducated,1,9.0,0.0,no,1,0,216.0,126.0,85.0,30.1,80.0,70.0,No Heart Disease
P02425,Male,49,graduate,1,20.0,0.0,no,1,0,193.0,172.0,105.0,19.7,90.0,77.0,Heart Disease
P02426,Female,63,uneducated,0,0.0,0.0,no,0,0,229.0,120.0,82.0,25.58,78.0,73.0,No Heart Disease
P02427,Male,55,postgraduate,1,20.0,0.0,no,0,0,268.0,128.0,87.0,28.57,70.0,87.0,No Heart Disease
P02428,Male,42,primaryschool,1,9.0,0.0,no,0,0,205.0,110.0,73.0,22.4,61.0,66.0,No Heart Disease
P02429,Female,44,uneducated,1,5.0,0.0,no,0,0,214.0,102.0,68.0,32.82,88.0,80.0,No Heart Disease
P02430,Male,49,primaryschool,1,9.0,0.0,no,0,0,193.0,115.0,79.0,21.86,48.0,88.0,No Heart Disease
P02431,Male,60,,1,20.0,0.0,no,0,0,212.0,138.5,87.5,19.54,64.0,73.0,Heart Disease
P02432,Female,47,postgraduate,1,20.0,0.0,no,0,0,261.0,120.0,77.5,23.26,85.0,,No Heart Disease
P02433,Male,49,graduate,1,20.0,0.0,no,0,0,189.0,132.0,76.0,20.26,75.0,60.0,No Heart Disease
P02434,Female,52,graduate,1,20.0,0.0,no,0,0,248.0,128.0,74.0,21.84,65.0,79.0,No Heart Disease
P02435,Female,41,primaryschool,0,0.0,0.0,no,0,0,185.0,125.0,88.0,24.88,107.0,75.0,No Heart Disease
P02436,Male,36,postgraduate,1,20.0,0.0,no,0,0,155.0,127.5,77.5,30.2,56.0,61.0,No Heart Disease
P02437,Female,50,primaryschool,1,9.0,0.0,no,1,0,161.0,145.0,89.0,20.3,66.0,81.0,No Heart Disease
P02438,Male,59,primaryschool,1,20.0,0.0,no,1,0,266.0,165.0,99.0,29.07,96.0,82.0,Heart Disease
P02439,Male,44,postgraduate,1,43.0,0.0,no,0,0,275.0,127.0,82.5,27.43,77.0,76.0,No Heart Disease
P02440,Female,49,graduate,0,0.0,0.0,no,0,0,224.0,126.0,82.5,27.49,100.0,67.0,No Heart Disease
P02441,Male,51,primaryschool,0,0.0,0.0,no,0,0,223.0,117.5,77.5,27.78,68.0,97.0,No Heart Disease
P02442,Female,56,graduate,1,20.0,0.0,no,1,0,325.0,160.0,97.5,23.4,85.0,86.0,Heart Disease
P02443,Male,38,primaryschool,0,0.0,0.0,no,0,0,278.0,136.5,87.0,29.84,91.0,75.0,No Heart Disease
P02444,Male,66,primaryschool,0,0.0,0.0,no,1,0,124.0,138.0,91.0,32.33,75.0,96.0,Heart Disease
P02445,Female,54,primaryschool,0,0.0,0.0,no,0,0,253.0,127.0,68.5,22.54,70.0,76.0,No Heart Disease
P02446,Female,48,primaryschool,1,25.0,0.0,no,0,0,250.0,103.0,76.5,23.25,72.0,66.0,No Heart Disease
P02447,Female,63,primaryschool,1,30.0,1.0,no,1,0,213.0,172.0,95.0,27.68,50.0,67.0,No Heart Disease
P02448,Male,63,primaryschool,1,20.0,0.0,no,1,0,264.0,129.5,82.5,24.91,88.0,83.0,No Heart Disease
P02449,Female,50,postgraduate,1,30.0,0.0,no,1,0,214.0,176.0,113.0,22.17,68.0,71.0,No Heart Disease
P02450,Male,51,uneducated,0,0.0,0.0,no,1,0,205.0,125.0,94.0,29.11,72.0,90.0,No Heart Disease
P02451,Male,48,graduate,0,0.0,0.0,no,0,0,243.0,116.0,82.0,26.09,80.0,85.0,No Heart Disease
P02452,Female,60,uneducated,0,0.0,0.0,no,1,0,295.0,162.0,85.0,32.76,75.0,71.0,No Heart Disease
P02453,Male,48,graduate,1,20.0,0.0,no,0,0,187.0,102.0,69.0,24.24,68.0,72.0,No Heart Disease
P02454,Male,58,graduate,0,0.0,0.0,no,0,0,189.0,136.0,86.0,23.97,71.0,60.0,No Heart Disease
P02455,Female,44,uneducated,0,0.0,0.0,no,0,0,242.0,124.0,72.5,23.07,67.0,83.0,No Heart Disease
P02456,Female,39,primaryschool,1,20.0,0.0,no,0,0,236.0,127.0,78.0,17.51,75.0,76.0,No Heart Disease
P02457,Female,37,primaryschool,1,9.0,0.0,no,0,0,185.0,115.0,76.0,23.55,85.0,80.0,No Heart Disease
P02458,Male,56,primaryschool,1,20.0,0.0,no,0,0,270.0,109.0,75.0,24.58,67.0,64.0,No Heart Disease
P02459,Male,59,graduate,0,0.0,0.0,no,1,0,285.0,128.0,91.0,28.23,70.0,80.0,No Heart Disease
P02460,Female,53,primaryschool,0,0.0,0.0,no,1,0,185.0,202.5,85.0,24.65,107.0,104.0,No Heart Disease
P02461,Male,59,primaryschool,0,0.0,0.0,no,0,0,299.0,120.5,78.0,25.45,60.0,100.0,Heart Disease
P02462,Male,65,uneducated,0,0.0,0.0,yes,1,0,266.0,140.0,100.0,29.36,80.0,77.0,Heart Disease
P02463,Female,39,primaryschool,1,9.0,0.0,no,0,0,254.0,112.5,75.0,22.91,72.0,,No Heart Disease
P02464,Female,58,uneducated,0,0.0,1.0,no,1,0,290.0,145.0,88.0,36.65,60.0,86.0,No Heart Disease
P02465,Female,40,primaryschool,1,20.0,0.0,no,0,0,261.0,112.0,67.0,21.83,75.0,61.0,No Heart Disease
P02466,Male,37,primaryschool,1,9.0,0.0,no,0,0,237.0,102.0,72.0,19.68,67.0,83.0,No Heart Disease
P02467,Male,64,uneducated,0,0.0,0.0,no,1,0,189.0,156.0,69.0,21.68,66.0,100.0,No Heart Disease
P02468,Male,62,uneducated,0,0.0,1.0,no,1,0,208.0,140.0,97.5,27.27,70.0,121.0,No Heart Disease
P02469,Male,35,,0,0.0,0.0,no,0,0,275.0,132.5,79.0,34.04,75.0,80.0,No Heart Disease
P02470,Male,48,postgraduate,1,20.0,0.0,no,1,0,259.0,135.0,90.0,20.72,102.0,81.0,Heart Disease
P02471,Male,37,postgraduate,1,16.0,0.0,no,0,0,212.0,120.0,72.0,23.51,75.0,80.0,No Heart Disease
P02472,Male,52,primaryschool,0,0.0,0.0,yes,0,0,202.0,136.0,94.0,29.93,83.0,67.0,Heart Disease
P02473,Male,51,primaryschool,1,20.0,0.0,no,0,0,227.0,139.0,74.0,29.29,80.0,67.0,No Heart Disease
P02474,Female,66,uneducated,1,1.0,1.0,no,1,0,261.0,154.0,97.0,32.6,70.0,81.0,No Heart Disease
P02475,Female,54,graduate,0,0.0,0.0,no,1,0,239.0,142.5,83.5,30.47,83.0,84.0,No Heart Disease
P02476,Male,55,uneducated,0,0.0,0.0,no,1,0,165.0,166.0,101.0,24.8,65.0,90.0,Heart Disease
P02477,Male,57,uneducated,1,20.0,0.0,no,0,0,198.0,128.0,85.0,28.18,85.0,99.0,No Heart Disease
P02478,Male,39,uneducated,1,20.0,0.0,no,0,0,232.0,122.5,78.5,26.11,80.0,73.0,No Heart Disease
P02479,Male,59,uneducated,0,0.0,0.0,no,0,0,252.0,146.0,92.0,27.88,68.0,80.0,Heart Disease
P02480,Female,55,graduate,0,0.0,0.0,no,0,0,260.0,136.5,87.5,25.41,75.0,60.0,No Heart Disease
P02481,Male,42,graduate,1,20.0,0.0,no,0,0,230.0,112.0,66.0,25.31,80.0,69.0,No Heart Disease
P02482,Female,45,primaryschool,0,0.0,0.0,no,0,0,260.0,98.0,74.0,19.16,73.0,76.0,No Heart Disease
P02483,Female,48,primaryschool,1,20.0,0.0,no,0,0,271.0,130.0,84.0,21.97,120.0,85.0,No Heart Disease
P02484,Female,50,primaryschool,1,10.0,0.0,no,0,0,220.0,122.0,80.0,24.22,75.0,72.0,No Heart Disease
P02485,Female,37,uneducated,1,20.0,0.0,no,0,0,200.0,112.5,68.0,25.87,65.0,67.0,No Heart Disease
P02486,Female,57,uneducated,0,0.0,0.0,no,0,0,273.0,131.0,84.0,22.99,90.0,76.0,No Heart Disease
P02487,Male,57,uneducated,1,20.0,0.0,no,1,0,235.0,150.0,95.5,27.56,78.0,73.0,No Heart Disease
P02488,Female,42,primaryschool,1,30.0,0.0,no,0,0,201.0,141.0,84.5,26.58,90.0,97.0,No Heart Disease
P02489,Female,67,primaryschool,1,15.0,0.0,no,1,0,371.0,166.0,85.0,25.35,100.0,86.0,No Heart Disease
P02490,Male,44,postgraduate,0,0.0,0.0,no,0,0,201.0,120.0,81.0,26.49,70.0,78.0,No Heart Disease
P02491,Female,59,primaryschool,1,15.0,0.0,no,0,0,309.0,141.0,77.5,25.97,70.0,79.0,No Heart Disease
P02492,Male,47,postgraduate,0,0.0,0.0,no,0,0,190.0,120.0,81.0,24.54,60.0,73.0,No Heart Disease
P02493,Female,59,uneducated,1,10.0,1.0,no,1,0,312.0,175.0,82.0,39.82,120.0,85.0,Heart Disease
P02494,Male,46,graduate,0,0.0,0.0,no,1,0,300.0,146.0,98.5,30.41,60.0,79.0,No Heart Disease
P02495,Female,39,uneducated,0,0.0,0.0,no,0,0,227.0,138.0,89.0,26.74,95.0,60.0,No Heart Disease
P02496,Male,45,primaryschool,0,0.0,0.0,no,0,0,215.0,104.0,72.0,30.34,70.0,79.0,No Heart Disease
P02497,Male,53,uneducated,0,0.0,0.0,no,0,0,235.0,130.0,80.0,28.15,84.0,78.0,Heart Disease
P02498,Female,67,uneducated,1,3.0,0.0,no,1,0,270.0,137.5,72.5,35.01,85.0,73.0,No Heart Disease
P02499,Male,57,uneducated,0,0.0,0.0,no,0,1,300.0,121.0,74.0,28.09,80.0,155.0,Heart Disease
P02500,Female,46,primaryschool,1,15.0,0.0,no,0,0,232.0,115.0,70.0,25.18,75.0,59.0,Heart Disease
P02501,Male,45,uneducated,1,1.0,0.0,no,1,0,277.0,140.0,84.0,28.74,69.0,74.0,No Heart Disease
P02502,Male,60,uneducated,0,0.0,0.0,no,1,0,270.0,145.0,81.0,29.37,75.0,73.0,No Heart Disease
P02503,Male,53,uneducated,0,0.0,0.0,no,1,0,219.0,141.0,105.0,26.86,62.0,60.0,No Heart Disease
P02504,Male,43,uneducated,1,20.0,0.0,no,0,1,309.0,124.0,85.0,26.91,70.0,215.0,No Heart Disease
P02505,Female,45,primaryschool,1,7.0,0.0,no,0,0,199.0,124.0,78.0,21.94,85.0,78.0,No Heart Disease
P02506,Female,68,graduate,1,20.0,0.0,no,1,0,258.0,158.0,94.0,31.64,80.0,84.0,Heart Disease
P02507,Female,57,primaryschool,0,0.0,0.0,no,0,0,199.0,117.0,83.0,24.76,95.0,82.0,No Heart Disease
P02508,Male,59,primaryschool,0,0.0,0.0,no,1,0,242.0,144.0,87.5,28.7,72.0,,No Heart Disease
P02509,Female,54,primaryschool,0,0.0,1.0,no,1,0,199.0,159.0,102.0,22.91,66.0,93.0,No Heart Disease
P02510,Female,44,primaryschool,1,10.0,0.0,no,0,0,223.0,96.0,59.0,23.82,67.0,87.0,No Heart Disease
P02511,Female,50,uneducated,0,0.0,0.0,no,1,0,212.0,169.0,117.0,27.08,100.0,68.0,No Heart Disease
P02512,Female,39,primaryschool,1,20.0,0.0,no,0,0,206.0,102.5,65.0,19.8,80.0,85.0,No Heart Disease
P02513,Female,43,primaryschool,1,15.0,1.0,no,1,0,172.0,149.0,82.0,22.35,60.0,64.0,No Heart Disease
P02514,Male,42,uneducated,1,,0.0,no,0,0,226.0,119.0,80.0,25.29,62.0,98.0,No Heart Disease
P02515,Female,36,uneducated,0,0.0,0.0,no,0,0,211.0,100.0,61.5,22.19,60.0,73.0,No Heart Disease
P02516,Male,54,primaryschool,0,0.0,0.0,no,0,0,334.0,133.5,80.0,23.4,85.0,77.0,No Heart Disease
P02517,Female,41,primaryschool,0,0.0,0.0,no,0,0,197.0,113.0,70.0,23.78,65.0,90.0,No Heart Disease
P02518,Male,60,postgraduate,0,0.0,0.0,no,0,0,280.0,114.0,82.0,23.96,70.0,84.0,Heart Disease
P02519,Female,63,,0,0.0,0.0,no,1,0,246.0,151.0,88.0,25.94,69.0,73.0,No Heart Disease
P02520,Male,41,uneducated,0,0.0,0.0,no,0,0,181.0,125.0,79.0,19.09,60.0,70.0,No Heart Disease
P02521,Male,52,postgraduate,0,0.0,0.0,no,0,0,224.0,128.0,82.0,23.96,70.0,68.0,No Heart Disease
P02522,Male,53,uneducated,1,20.0,0.0,no,1,0,216.0,110.0,79.0,24.76,75.0,74.0,No Heart Disease
P02523,Female,37,graduate,1,15.0,0.0,no,0,0,222.0,110.0,71.0,18.3,80.0,67.0,No Heart Disease
P02524,Female,45,uneducated,1,5.0,0.0,no,1,0,228.0,191.5,95.5,27.94,95.0,,No Heart Disease
P02525,Male,47,uneducated,1,20.0,0.0,no,0,0,234.0,120.0,73.0,24.45,80.0,,No Heart Disease
P02526,Male,38,uneducated,1,20.0,0.0,no,0,0,113.0,120.0,83.5,30.34,78.0,85.0,No Heart Disease
P02527,Female,40,primaryschool,0,0.0,0.0,no,0,0,212.0,110.0,70.0,22.98,85.0,85.0,No Heart Disease
P02528,Male,37,primaryschool,1,20.0,0.0,no,0,0,309.0,107.5,80.0,25.23,65.0,84.0,No Heart Disease
P02529,Male,65,primaryschool,0,0.0,0.0,no,0,1,238.0,122.0,81.0,23.95,67.0,150.0,Heart Disease
P02530,Female,39,postgraduate,0,0.0,0.0,no,0,0,229.0,119.0,63.5,,76.0,83.0,No Heart Disease
P02531,Female,49,postgraduate,1,9.0,0.0,no,1,0,231.0,137.0,96.5,29.3,70.0,,No Heart Disease
P02532,Female,39,primaryschool,1,20.0,0.0,no,0,0,180.0,112.5,85.0,25.31,75.0,58.0,No Heart Disease
P02533,Female,41,uneducated,0,0.0,0.0,no,1,0,317.0,149.5,93.0,35.42,68.0,87.0,No Heart Disease
P02534,Male,48,uneducated,0,0.0,0.0,no,0,0,201.0,117.5,80.0,23.68,66.0,85.0,No Heart Disease
P02535,Male,50,uneducated,0,0.0,0.0,no,1,0,167.0,159.0,95.0,25.2,75.0,87.0,No Heart Disease
P02536,Female,67,uneducated,0,0.0,0.0,no,0,0,302.0,121.0,83.0,30.12,75.0,64.0,No Heart Disease
P02537,Male,41,primaryschool,1,30.0,0.0,no,0,0,228.0,113.0,82.5,25.67,67.0,70.0,No Heart Disease
P02538,Male,46,primaryschool,0,0.0,0.0,no,0,0,226.0,140.0,86.0,31.93,85.0,72.0,No Heart Disease
P02539,Female,43,graduate,0,0.0,0.0,no,0,0,232.0,126.0,73.0,20.43,72.0,75.0,No Heart Disease
P02540,Female,55,uneducated,0,0.0,0.0,no,0,0,215.0,122.0,86.0,30.61,79.0,87.0,No Heart Disease
P02541,Male,55,graduate,1,20.0,0.0,no,0,0,214.0,110.0,71.0,24.24,75.0,72.0,No Heart Disease
P02542,Female,48,graduate,1,9.0,0.0,no,1,0,266.0,155.0,100.0,27.86,75.0,84.0,No Heart Disease
P02543,Male,57,,1,,0.0,no,0,0,223.0,107.5,72.5,24.74,62.0,103.0,No Heart Disease
P02544,Female,48,uneducated,0,0.0,0.0,no,1,0,234.0,144.0,90.0,29.34,72.0,70.0,No Heart Disease
P02545,Female,38,graduate,0,0.0,0.0,no,0,0,155.0,122.0,81.0,27.14,64.0,70.0,No Heart Disease
P02546,Female,48,postgraduate,0,0.0,0.0,no,0,0,240.0,123.0,80.0,24.57,66.0,74.0,No Heart Disease
P02547,Female,40,primaryschool,0,0.0,0.0,no,0,0,178.0,119.0,78.5,23.28,72.0,75.0,No Heart Disease
P02548,Female,57,uneducated,0,0.0,0.0,no,1,0,254.0,182.5,97.0,27.38,77.0,72.0,No Heart Disease
P02549,Female,40,graduate,0,0.0,0.0,no,0,0,274.0,132.5,85.5,24.87,100.0,70.0,No Heart Disease
P02550,Female,64,primaryschool,0,0.0,0.0,no,1,0,266.0,166.0,90.0,23.33,82.0,87.0,No Heart Disease
P02551,Female,53,uneducated,0,0.0,0.0,no,0,0,237.0,126.0,84.0,27.04,66.0,88.0,Heart Disease
P02552,Male,46,postgraduate,1,9.0,0.0,no,1,0,260.0,137.5,94.0,32.37,78.0,78.0,No Heart Disease
P02553,Female,51,primaryschool,1,6.0,0.0,no,0,0,190.0,131.5,89.0,23.66,92.0,100.0,No Heart Disease
P02554,Female,40,graduate,0,0.0,0.0,no,0,0,188.0,123.0,76.5,28.0,58.0,76.0,No Heart Disease
P02555,Male,63,uneducated,0,0.0,0.0,no,0,0,270.0,118.0,78.0,27.06,72.0,,No Heart Disease
P02556,Male,52,uneducated,1,20.0,0.0,no,1,0,200.0,141.0,81.5,26.56,70.0,85.0,No Heart Disease
P02557,Female,41,uneducated,1,20.0,0.0,no,1,0,167.0,147.5,87.5,32.52,75.0,80.0,No Heart Disease
P02558,Female,50,uneducated,1,20.0,0.0,no,1,0,248.0,154.5,104.0,19.88,75.0,87.0,No Heart Disease
P02559,Male,36,primaryschool,0,0.0,0.0,no,0,0,176.0,125.0,85.0,25.88,70.0,83.0,No Heart Disease
P02560,Female,51,uneducated,0,0.0,0.0,no,0,0,226.0,105.0,71.0,27.73,68.0,79.0,No Heart Disease
P02561,Male,40,postgraduate,1,19.0,1.0,no,1,0,233.0,122.0,87.0,24.91,65.0,69.0,No Heart Disease
P02562,Female,45,postgraduate,0,0.0,0.0,no,0,0,253.0,135.0,85.0,24.35,78.0,84.0,No Heart Disease
P02563,Female,40,primaryschool,0,0.0,0.0,no,1,0,170.0,142.5,95.0,36.79,100.0,62.0,No Heart Disease
P02564,Female,43,primaryschool,0,0.0,0.0,no,0,0,273.0,119.0,72.0,24.59,90.0,75.0,No Heart Disease
P02565,Male,54,primaryschool,0,0.0,0.0,no,1,0,207.0,146.0,98.0,23.63,65.0,91.0,Heart Disease
P02566,Female,51,uneducated,0,0.0,1.0,no,1,0,227.0,160.0,90.0,23.48,88.0,57.0,No Heart Disease
P02567,Male,38,primaryschool,0,0.0,0.0,no,0,0,150.0,109.0,75.0,21.43,64.0,67.0,No Heart Disease
P02568,Female,60,primaryschool,1,20.0,0.0,no,0,0,282.0,124.0,68.0,21.07,80.0,,No Heart Disease
P02569,Female,36,primaryschool,1,15.0,0.0,no,0,0,204.0,112.0,78.0,28.74,85.0,82.0,No Heart Disease
P02570,Female,52,uneducated,0,0.0,0.0,no,1,0,215.0,180.0,108.0,37.02,60.0,89.0,No Heart Disease
P02571,Male,47,graduate,0,0.0,0.0,no,0,1,199.0,161.0,102.0,29.17,58.0,,No Heart Disease
P02572,Female,39,postgraduate,1,15.0,0.0,no,0,0,226.0,115.0,80.0,25.19,72.0,74.0,No Heart Disease
P02573,Male,58,uneducated,0,0.0,0.0,no,1,0,333.0,139.0,96.0,28.38,75.0,78.0,No Heart Disease
P02574,Female,40,primaryschool,1,20.0,0.0,no,0,0,235.0,120.0,80.0,22.37,85.0,,No Heart Disease
P02575,Male,49,uneducated,0,0.0,0.0,no,1,0,304.0,147.0,102.0,31.67,70.0,77.0,No Heart Disease
P02576,Female,52,graduate,0,0.0,0.0,no,1,0,350.0,175.0,85.0,30.99,92.0,63.0,No Heart Disease
P02577,Male,40,primaryschool,1,20.0,0.0,no,0,0,275.0,112.5,85.0,28.04,73.0,71.0,Heart Disease
P02578,Female,55,primaryschool,1,5.0,0.0,no,0,0,315.0,123.0,77.5,26.21,75.0,84.0,No Heart Disease
P02579,Male,58,postgraduate,1,3.0,0.0,no,0,0,290.0,116.5,83.0,23.27,75.0,85.0,No Heart Disease
P02580,Male,48,uneducated,0,0.0,0.0,no,0,0,251.0,112.0,77.0,30.28,80.0,88.0,No Heart Disease
P02581,Female,54,graduate,0,0.0,0.0,no,0,0,248.0,131.0,71.0,24.89,80.0,73.0,No Heart Disease
P02582,Male,60,primaryschool,1,19.0,0.0,no,0,0,231.0,122.0,78.0,28.09,80.0,67.0,No Heart Disease
P02583,Female,41,primaryschool,0,0.0,0.0,no,0,0,180.0,115.0,84.0,20.11,75.0,64.0,No Heart Disease
P02584,Female,40,primaryschool,1,3.0,0.0,no,0,0,,130.0,84.0,31.57,72.0,112.0,No Heart Disease
P02585,Female,43,uneducated,1,1.0,0.0,no,0,0,256.0,129.0,86.0,25.89,96.0,72.0,No Heart Disease
P02586,Female,54,uneducated,1,20.0,0.0,no,0,0,231.0,120.0,79.0,27.49,85.0,,No Heart Disease
P02587,Female,49,postgraduate,0,0.0,0.0,no,1,0,168.0,165.0,99.0,27.1,73.0,86.0,No Heart Disease
P02588,Male,53,postgraduate,0,0.0,0.0,no,0,0,207.0,102.5,72.5,26.5,72.0,95.0,No Heart Disease
P02589,Male,44,primaryschool,1,20.0,0.0,no,0,0,246.0,142.0,92.0,23.85,76.0,65.0,Heart Disease
P02590,Female,67,uneducated,0,0.0,0.0,no,1,0,,173.0,100.0,33.6,60.0,,No Heart Disease
P02591,Female,44,primaryschool,1,20.0,0.0,no,0,0,295.0,114.0,85.0,23.1,85.0,84.0,No Heart Disease
P02592,Female,42,primaryschool,1,15.0,0.0,no,0,0,216.0,119.0,75.0,27.01,70.0,73.0,No Heart Disease
P02593,Female,37,primaryschool,0,0.0,0.0,no,0,0,249.0,108.0,74.0,23.28,82.0,66.0,No Heart Disease
P02594,Female,53,graduate,1,9.0,0.0,no,0,0,304.0,119.0,72.5,22.91,53.0,,No Heart Disease
P02595,Male,45,postgraduate,0,0.0,0.0,no,0,0,221.0,105.0,70.0,23.95,52.0,83.0,No Heart Disease
P02596,Female,64,,0,0.0,0.0,no,1,0,270.0,155.0,93.0,35.35,83.0,112.0,No Heart Disease
P02597,Female,36,graduate,1,20.0,0.0,no,0,0,214.0,107.5,66.0,22.02,80.0,103.0,No Heart Disease
P02598,Male,64,uneducated,1,20.0,0.0,no,1,0,214.0,155.0,99.0,22.46,75.0,82.0,No Heart Disease
P02599,Female,54,graduate,1,2.0,0.0,no,0,0,213.0,144.0,82.0,29.45,63.0,72.0,No Heart Disease
P02600,Male,55,uneducated,1,5.0,0.0,no,1,0,240.0,135.0,95.0,28.69,75.0,108.0,No Heart Disease
P02601,Male,59,uneducated,1,3.0,0.0,no,1,1,230.0,182.0,102.0,25.91,66.0,147.0,Heart Disease
P02602,Male,55,graduate,1,20.0,0.0,no,1,0,252.0,129.0,84.0,23.55,80.0,72.0,No Heart Disease
P02603,Female,60,primaryschool,0,0.0,0.0,no,0,0,354.0,130.0,82.5,26.76,65.0,79.0,No Heart Disease
P02604,Female,57,uneducated,0,0.0,0.0,no,1,0,320.0,125.0,72.5,25.27,83.0,82.0,No Heart Disease
P02605,Female,42,uneducated,0,0.0,0.0,no,0,0,193.0,137.5,82.5,30.55,63.0,69.0,No Heart Disease
P02606,Male,59,graduate,1,40.0,0.0,no,1,0,243.0,162.0,91.0,33.0,85.0,81.0,Heart Disease
P02607,Female,58,uneducated,0,0.0,0.0,no,1,0,268.0,170.0,104.0,24.51,70.0,75.0,No Heart Disease
P02608,Female,57,uneducated,0,0.0,0.0,no,1,0,382.0,133.0,77.0,24.27,75.0,81.0,No Heart Disease
P02609,Female,52,uneducated,0,0.0,,no,1,0,252.0,208.0,136.0,25.79,92.0,82.0,No Heart Disease
P02610,Female,58,graduate,0,0.0,0.0,no,1,0,241.0,143.5,85.5,23.96,96.0,,Heart Disease
P02611,Male,51,postgraduate,1,10.0,0.0,no,0,0,231.0,110.0,72.0,21.19,75.0,81.0,No Heart Disease
P02612,Male,49,uneducated,1,20.0,0.0,no,0,0,288.0,128.0,89.0,35.96,73.0,75.0,No Heart Disease
P02613,Female,64,uneducated,1,10.0,0.0,no,1,0,,160.0,98.0,26.24,85.0,,No Heart Disease
P02614,Female,52,uneducated,0,0.0,0.0,no,0,0,211.0,129.0,73.0,29.09,62.0,117.0,No Heart Disease
P02615,Male,41,graduate,1,20.0,0.0,no,1,0,240.0,166.0,71.0,35.53,90.0,57.0,No Heart Disease
P02616,Female,47,uneducated,1,9.0,0.0,no,0,0,214.0,118.0,72.0,24.08,60.0,,No Heart Disease
P02617,Male,44,postgraduate,1,25.0,0.0,no,0,0,210.0,103.0,78.0,34.89,62.0,77.0,No Heart Disease
P02618,Male,40,primaryschool,1,30.0,1.0,no,1,0,287.0,141.0,86.0,27.42,80.0,94.0,No Heart Disease
P02619,Female,39,uneducated,0,0.0,0.0,no,0,0,205.0,139.5,87.0,20.7,67.0,85.0,No Heart Disease
P02620,Female,38,primaryschool,1,20.0,0.0,no,0,0,195.0,116.0,72.0,24.45,75.0,90.0,No Heart Disease
P02621,Male,64,uneducated,0,0.0,0.0,no,1,0,188.0,191.0,106.0,37.38,82.0,84.0,No Heart Disease
P02622,Male,44,primaryschool,1,30.0,0.0,no,0,0,240.0,134.0,88.0,31.62,70.0,61.0,No Heart Disease
P02623,Male,53,postgraduate,0,0.0,0.0,no,0,0,241.0,113.0,84.0,28.27,62.0,73.0,No Heart Disease
P02624,Female,43,primaryschool,0,0.0,0.0,no,0,0,308.0,110.0,70.0,24.83,55.0,83.0,No Heart Disease
P02625,Female,53,primaryschool,0,0.0,0.0,no,0,0,213.0,133.0,89.0,17.89,75.0,73.0,No Heart Disease
P02626,Female,60,graduate,0,0.0,0.0,no,1,0,232.0,152.5,85.0,23.03,85.0,123.0,Heart Disease
P02627,Female,48,primaryschool,1,20.0,0.0,no,0,0,211.0,130.0,73.0,19.72,82.0,,Heart Disease
P02628,Female,48,uneducated,0,0.0,0.0,no,0,0,225.0,132.0,80.0,21.35,60.0,74.0,No Heart Disease
P02629,Female,50,uneducated,0,0.0,0.0,no,1,0,312.0,165.0,90.0,30.47,72.0,83.0,No Heart Disease
P02630,Female,45,primaryschool,1,20.0,0.0,no,0,0,280.0,116.0,69.0,26.45,99.0,92.0,No Heart Disease
P02631,Female,56,primaryschool,1,30.0,0.0,no,0,0,288.0,123.0,70.0,18.62,72.0,96.0,No Heart Disease
P02632,Male,61,uneducated,1,5.0,0.0,no,0,0,222.0,139.0,67.0,22.01,92.0,72.0,No Heart Disease
P02633,Male,44,primaryschool,0,0.0,0.0,no,0,0,267.0,131.0,79.0,30.32,70.0,79.0,No Heart Disease
P02634,Female,43,primaryschool,0,0.0,0.0,no,0,0,202.0,121.5,86.5,20.82,92.0,77.0,Heart Disease
P02635,Female,59,primaryschool,1,35.0,0.0,no,1,0,345.0,182.5,103.0,31.52,83.0,76.0,Heart Disease
P02636,Female,41,uneducated,0,0.0,0.0,no,0,0,295.0,118.0,83.0,29.01,75.0,75.0,No Heart Disease
P02637,Female,42,primaryschool,1,10.0,0.0,no,0,0,173.0,105.0,70.0,21.98,60.0,79.0,No Heart Disease
P02638,Male,61,uneducated,1,20.0,0.0,no,0,0,215.0,114.0,72.5,25.86,65.0,61.0,Heart Disease
P02639,Male,61,uneducated,0,0.0,0.0,no,0,0,193.0,108.5,71.0,31.31,60.0,,No Heart Disease
P02640,Female,43,uneducated,0,0.0,0.0,no,0,0,260.0,127.0,79.5,26.01,63.0,77.0,No Heart Disease
P02641,Female,53,uneducated,0,0.0,0.0,no,1,0,342.0,144.0,96.0,32.6,75.0,,No Heart Disease
P02642,Female,47,postgraduate,1,4.0,0.0,no,0,0,243.0,121.0,61.0,20.32,84.0,110.0,No Heart Disease
P02643,Male,55,uneducated,0,0.0,0.0,no,1,0,246.0,147.0,86.5,24.8,75.0,76.0,No Heart Disease
P02644,Male,38,uneducated,0,0.0,0.0,no,0,0,205.0,125.0,85.0,28.03,60.0,84.0,No Heart Disease
P02645,Male,46,uneducated,1,20.0,0.0,no,0,0,219.0,118.0,79.0,24.17,70.0,90.0,No Heart Disease
P02646,Female,66,uneducated,0,0.0,,no,1,1,203.0,205.0,83.0,28.27,75.0,118.0,Heart Disease
P02647,Female,64,uneducated,0,0.0,0.0,no,1,0,262.0,160.0,82.0,21.11,108.0,90.0,No Heart Disease
P02648,Female,40,uneducated,1,5.0,0.0,no,0,0,155.0,120.0,73.5,21.32,65.0,78.0,No Heart Disease
P02649,Female,60,primaryschool,0,0.0,0.0,no,0,0,254.0,114.0,78.0,33.88,94.0,84.0,No Heart Disease
P02650,Female,63,uneducated,0,0.0,0.0,no,1,1,150.0,152.0,88.0,36.54,72.0,170.0,No Heart Disease
P02651,Female,64,uneducated,0,0.0,0.0,no,1,0,255.0,147.5,93.0,25.16,95.0,84.0,No Heart Disease
P02652,Male,45,primaryschool,0,0.0,0.0,no,0,0,279.0,143.5,90.0,21.07,90.0,87.0,No Heart Disease
P02653,Male,47,primaryschool,1,20.0,0.0,no,0,0,210.0,131.0,74.0,18.88,60.0,86.0,No Heart Disease
P02654,Male,54,postgraduate,0,0.0,0.0,no,0,0,226.0,122.5,77.5,27.93,92.0,71.0,No Heart Disease
P02655,Female,42,uneducated,1,20.0,0.0,no,0,0,171.0,111.0,81.0,29.47,75.0,77.0,No Heart Disease
P02656,Female,52,postgraduate,0,0.0,0.0,no,1,0,240.0,139.0,80.0,22.0,68.0,,No Heart Disease
P02657,Male,46,uneducated,0,0.0,0.0,no,0,0,220.0,119.0,80.0,25.86,75.0,95.0,No Heart Disease
P02658,Female,55,uneducated,0,0.0,0.0,no,1,0,208.0,190.0,130.0,56.8,90.0,86.0,Heart Disease
P02659,Female,40,primaryschool,1,20.0,0.0,no,0,0,250.0,104.0,74.0,18.75,90.0,,No Heart Disease
P02660,Male,44,primaryschool,1,20.0,0.0,no,0,0,211.0,145.0,88.0,23.39,60.0,79.0,No Heart Disease
P02661,Male,52,graduate,1,30.0,0.0,no,0,0,248.0,119.0,82.0,26.55,65.0,100.0,No Heart Disease
P02662,Female,65,graduate,0,0.0,0.0,no,0,0,344.0,120.0,75.0,25.41,87.0,98.0,No Heart Disease
P02663,Female,51,uneducated,0,0.0,0.0,no,1,0,285.0,151.5,79.0,26.91,84.0,76.0,No Heart Disease
P02664,Female,42,uneducated,0,0.0,0.0,no,0,0,158.0,127.5,90.0,31.75,120.0,92.0,No Heart Disease
P02665,Male,42,primaryschool,1,20.0,0.0,no,0,0,272.0,125.5,80.5,25.35,66.0,71.0,No Heart Disease
P02666,Male,58,uneducated,1,15.0,0.0,no,0,0,175.0,83.5,58.0,29.66,95.0,115.0,No Heart Disease
P02667,Female,40,uneducated,1,10.0,0.0,no,0,0,209.0,96.0,67.0,23.46,52.0,70.0,No Heart Disease
P02668,Male,41,graduate,1,30.0,0.0,no,1,0,292.0,152.0,73.0,25.21,75.0,112.0,No Heart Disease
P02669,Female,57,primaryschool,0,0.0,1.0,no,1,1,318.0,161.0,90.0,38.11,68.0,112.0,No Heart Disease
P02670,Male,55,,0,0.0,0.0,no,0,0,222.0,129.0,86.5,33.76,95.0,92.0,Heart Disease
P02671,Female,65,uneducated,0,0.0,1.0,no,1,0,230.0,159.0,87.0,22.91,70.0,65.0,Heart Disease
P02672,Female,59,primaryschool,0,0.0,0.0,no,0,0,364.0,142.0,84.0,26.24,67.0,70.0,No Heart Disease
P02673,Male,51,uneducated,1,15.0,0.0,no,0,0,339.0,137.5,81.0,24.22,80.0,85.0,Heart Disease
P02674,Male,36,uneducated,1,20.0,0.0,no,0,0,242.0,115.0,75.0,25.64,83.0,83.0,No Heart Disease
P02675,Male,63,uneducated,1,10.0,0.0,no,1,0,230.0,152.5,88.0,24.1,72.0,74.0,No Heart Disease
P02676,Male,37,primaryschool,1,30.0,0.0,no,0,0,179.0,131.5,81.0,24.99,64.0,68.0,No Heart Disease
P02677,Male,51,postgraduate,1,20.0,0.0,no,0,0,215.0,115.0,69.0,25.7,68.0,77.0,No Heart Disease
P02678,Male,52,primaryschool,0,0.0,0.0,no,0,0,210.0,128.0,87.0,26.25,67.0,61.0,No Heart Disease
P02679,Female,47,graduate,1,9.0,0.0,no,0,0,250.0,98.0,73.0,24.39,60.0,88.0,No Heart Disease
P02680,Female,56,uneducated,0,0.0,0.0,no,0,0,307.0,118.0,80.0,29.67,60.0,70.0,No Heart Disease
P02681,Female,39,primaryschool,0,0.0,0.0,no,0,0,253.0,127.0,68.0,23.29,85.0,75.0,No Heart Disease
P02682,Female,68,primaryschool,0,0.0,0.0,no,0,0,242.0,146.5,71.0,25.21,100.0,96.0,No Heart Disease
P02683,Female,52,uneducated,0,0.0,0.0,yes,1,0,291.0,150.0,94.0,28.68,67.0,74.0,No Heart Disease
P02684,Female,65,uneducated,0,0.0,0.0,no,1,0,295.0,210.0,135.0,24.73,72.0,93.0,Heart Disease
P02685,Male,47,graduate,1,25.0,0.0,no,0,0,173.0,117.5,77.5,20.23,68.0,75.0,No Heart Disease
P02686,Female,54,uneducated,0,0.0,0.0,no,0,0,248.0,131.5,83.0,26.84,67.0,63.0,No Heart Disease
P02687,Male,67,uneducated,1,10.0,0.0,no,1,0,194.0,171.0,84.0,21.64,75.0,88.0,No Heart Disease
P02688,Male,63,graduate,0,0.0,0.0,no,1,0,204.0,158.0,109.0,28.4,75.0,71.0,No Heart Disease
P02689,Female,58,primaryschool,0,0.0,0.0,no,0,0,220.0,121.0,75.0,25.33,73.0,76.0,No Heart Disease
P02690,Female,40,primaryschool,0,0.0,0.0,no,0,0,159.0,142.0,90.5,22.31,100.0,,No Heart Disease
P02691,Female,63,uneducated,0,0.0,0.0,no,0,0,246.0,116.0,69.0,23.44,65.0,78.0,Heart Disease
P02692,Male,58,primaryschool,1,20.0,0.0,no,0,0,207.0,110.0,80.0,23.55,78.0,78.0,No Heart Disease
P02693,Female,36,primaryschool,1,20.0,0.0,no,0,0,177.0,115.0,63.5,22.54,71.0,73.0,No Heart Disease
P02694,Female,46,uneducated,0,0.0,0.0,no,0,0,208.0,122.0,76.0,18.4,75.0,70.0,No Heart Disease
P02695,Male,64,uneducated,1,20.0,0.0,no,0,0,259.0,115.0,81.0,20.09,72.0,78.0,No Heart Disease
P02696,Female,41,graduate,0,0.0,0.0,no,0,0,180.0,124.0,75.5,24.2,68.0,,No Heart Disease
P02697,Female,43,uneducated,1,15.0,0.0,no,0,0,315.0,132.5,76.5,31.54,95.0,,No Heart Disease
P02698,Female,56,uneducated,0,0.0,0.0,no,1,0,262.0,150.0,89.0,40.21,75.0,86.0,No Heart Disease
P02699,Female,68,primaryschool,1,20.0,0.0,no,0,0,322.0,148.0,95.0,20.98,95.0,72.0,No Heart Disease
P02700,Female,48,graduate,1,5.0,0.0,no,0,0,172.0,114.0,80.0,21.33,60.0,,No Heart Disease
P02701,Female,63,uneducated,0,0.0,0.0,no,0,0,219.0,124.0,75.0,28.57,66.0,76.0,No Heart Disease
P02702,Female,49,uneducated,1,10.0,0.0,no,0,0,288.0,99.0,60.0,22.19,77.0,76.0,No Heart Disease
P02703,Male,40,primaryschool,1,25.0,0.0,no,0,0,335.0,136.5,84.0,23.6,85.0,76.0,No Heart Disease
P02704,Female,46,postgraduate,0,0.0,0.0,no,0,0,192.0,122.0,83.0,23.99,78.0,106.0,No Heart Disease
P02705,Female,51,uneducated,0,0.0,0.0,no,0,0,198.0,128.0,90.0,26.32,70.0,75.0,No Heart Disease
P02706,Male,44,uneducated,1,15.0,0.0,no,1,0,274.0,150.0,95.0,25.46,75.0,70.0,No Heart Disease
P02707,Female,67,uneducated,0,0.0,1.0,no,1,0,228.0,144.0,85.0,27.59,65.0,75.0,Heart Disease
P02708,Female,38,primaryschool,0,0.0,0.0,no,0,0,215.0,106.5,75.0,23.82,60.0,67.0,No Heart Disease
P02709,Male,43,uneducated,1,20.0,0.0,no,0,0,263.0,132.0,90.0,28.85,72.0,71.0,No Heart Disease
P02710,Male,46,uneducated,1,60.0,0.0,no,0,0,285.0,121.0,82.0,27.62,70.0,79.0,No Heart Disease
P02711,Male,49,primaryschool,1,60.0,0.0,no,0,0,213.0,123.0,75.0,24.84,70.0,,Heart Disease
P02712,Male,41,postgraduate,0,0.0,0.0,no,0,0,178.0,135.0,80.0,26.91,75.0,,No Heart Disease
P02713,Male,41,uneducated,1,3.0,0.0,no,0,0,309.0,113.0,74.0,25.4,75.0,64.0,No Heart Disease
P02714,Female,54,graduate,0,0.0,0.0,no,1,0,341.0,155.0,105.0,27.01,63.0,62.0,No Heart Disease
P02715,Male,41,uneducated,1,15.0,0.0,no,0,0,265.0,130.0,80.0,26.58,84.0,63.0,No Heart Disease
P02716,Female,48,uneducated,1,10.0,0.0,no,0,0,195.0,121.0,78.0,26.27,75.0,80.0,No Heart Disease
P02717,Male,62,postgraduate,0,0.0,0.0,no,1,0,240.0,152.0,95.0,25.37,63.0,70.0,Heart Disease
P02718,Female,58,uneducated,0,0.0,0.0,no,0,0,282.0,143.0,76.0,27.87,79.0,92.0,No Heart Disease
P02719,Male,67,uneducated,1,40.0,0.0,no,1,0,216.0,148.0,70.0,32.63,90.0,103.0,Heart Disease
P02720,Male,38,postgraduate,1,20.0,0.0,no,0,0,215.0,110.0,80.0,,100.0,73.0,No Heart Disease
P02721,Female,41,primaryschool,1,7.0,0.0,no,0,0,260.0,101.0,68.0,22.49,80.0,77.0,No Heart Disease
P02722,Male,37,graduate,1,20.0,0.0,no,0,0,205.0,142.0,80.0,27.93,100.0,103.0,No Heart Disease
P02723,Female,62,primaryschool,1,3.0,0.0,no,0,0,286.0,123.0,77.0,20.56,59.0,86.0,No Heart Disease
P02724,Male,44,postgraduate,1,20.0,0.0,no,0,0,225.0,130.0,77.5,21.19,92.0,82.0,No Heart Disease
P02725,Female,48,uneducated,0,0.0,0.0,no,1,0,275.0,177.0,101.0,25.22,75.0,82.0,Heart Disease
P02726,Female,44,uneducated,1,9.0,0.0,no,0,0,231.0,103.0,73.0,22.02,72.0,83.0,No Heart Disease
P02727,Female,42,graduate,0,0.0,0.0,no,0,0,212.0,116.0,68.0,21.49,72.0,79.0,No Heart Disease
P02728,Female,48,primaryschool,1,20.0,0.0,no,0,0,182.0,121.0,72.0,26.39,76.0,,No Heart Disease
P02729,Female,40,uneducated,1,5.0,0.0,no,0,0,220.0,113.0,78.0,24.29,68.0,,No Heart Disease
P02730,Male,46,primaryschool,1,20.0,0.0,no,1,0,238.0,140.5,92.5,26.97,75.0,83.0,No Heart Disease
P02731,Female,46,primaryschool,1,20.0,0.0,no,0,0,211.0,120.0,84.0,22.53,94.0,87.0,No Heart Disease
P02732,Male,56,uneducated,1,20.0,0.0,no,0,0,300.0,165.0,112.0,23.68,86.0,78.0,Heart Disease
P02733,Female,40,primaryschool,1,15.0,0.0,no,1,0,232.0,140.0,92.0,26.56,75.0,73.0,No Heart Disease
P02734,Male,53,graduate,1,30.0,1.0,no,1,0,190.0,141.0,115.0,21.01,115.0,86.0,Heart Disease
P02735,Female,63,uneducated,0,0.0,0.0,no,1,0,180.0,170.5,100.5,27.69,86.0,63.0,No Heart Disease
P02736,Male,41,primaryschool,1,20.0,0.0,no,1,0,236.0,127.0,84.0,31.12,80.0,83.0,Heart Disease
P02737,Male,55,uneducated,1,3.0,0.0,no,1,0,211.0,142.0,82.5,19.81,90.0,70.0,No Heart Disease
P02738,Male,45,primaryschool,1,20.0,0.0,no,0,0,212.0,119.0,72.0,22.33,60.0,91.0,No Heart Disease
P02739,Female,68,uneducated,0,0.0,,no,1,0,258.0,139.0,74.0,26.58,85.0,75.0,Heart Disease
P02740,Female,43,uneducated,1,10.0,0.0,no,0,0,249.0,108.0,76.0,27.49,80.0,76.0,No Heart Disease
P02741,Female,45,primaryschool,1,15.0,0.0,no,0,0,200.0,117.5,83.5,23.68,77.0,73.0,No Heart Disease
P02742,Female,38,primaryschool,0,0.0,0.0,no,0,0,159.0,132.0,85.0,28.21,69.0,76.0,No Heart Disease
P02743,Male,40,uneducated,1,20.0,0.0,no,0,0,228.0,131.0,80.0,26.77,64.0,74.0,No Heart Disease
P02744,Female,40,uneducated,1,20.0,0.0,no,0,0,187.0,107.0,74.0,22.37,60.0,67.0,No Heart Disease
P02745,Male,43,primaryschool,1,20.0,0.0,no,0,0,275.0,111.0,76.0,23.95,68.0,65.0,No Heart Disease
P02746,Male,58,uneducated,1,15.0,0.0,no,0,0,264.0,156.0,86.0,26.05,92.0,103.0,Heart Disease
P02747,Female,45,graduate,1,10.0,0.0,no,0,0,210.0,121.0,82.0,23.08,85.0,71.0,Heart Disease
P02748,Male,59,primaryschool,1,1.0,0.0,no,0,0,232.0,108.0,73.0,24.92,65.0,81.0,No Heart Disease
P02749,Female,39,,0,0.0,0.0,no,0,0,185.0,109.0,78.0,29.68,63.0,93.0,No Heart Disease
P02750,Female,64,uneducated,0,0.0,0.0,no,0,0,305.0,126.5,67.0,25.77,67.0,66.0,Heart Disease
P02751,Male,44,uneducated,0,0.0,0.0,no,0,0,229.0,132.0,94.0,34.39,110.0,80.0,Heart Disease
P02752,Male,39,primaryschool,1,20.0,0.0,no,0,0,285.0,120.0,77.5,28.33,95.0,79.0,No Heart Disease
P02753,Female,52,graduate,0,0.0,0.0,no,0,0,325.0,119.5,86.0,24.56,64.0,,Heart Disease
P02754,Female,47,postgraduate,1,10.0,0.0,no,0,0,205.0,107.0,68.0,23.29,90.0,108.0,No Heart Disease
P02755,Female,45,uneducated,0,0.0,0.0,no,0,0,175.0,114.0,74.0,30.53,72.0,105.0,No Heart Disease
P02756,Male,45,graduate,1,20.0,1.0,no,1,0,238.0,175.0,114.0,31.14,78.0,70.0,No Heart Disease
P02757,Female,41,primaryschool,1,9.0,1.0,yes,1,0,180.0,114.0,70.0,22.41,92.0,,No Heart Disease
P02758,Male,50,uneducated,1,35.0,0.0,no,0,0,293.0,150.0,85.0,26.09,67.0,68.0,Heart Disease
P02759,Female,54,uneducated,0,0.0,0.0,no,0,0,208.0,138.0,78.0,30.47,67.0,73.0,No Heart Disease
P02760,Female,41,uneducated,0,0.0,0.0,no,0,0,170.0,113.5,65.5,31.71,73.0,93.0,No Heart Disease
P02761,Female,44,graduate,0,0.0,0.0,no,0,0,244.0,132.5,87.0,24.17,58.0,86.0,No Heart Disease
P02762,Female,44,postgraduate,0,0.0,0.0,no,0,0,205.0,109.0,73.0,17.48,75.0,57.0,No Heart Disease
P02763,Male,45,uneducated,1,20.0,0.0,no,0,0,234.0,126.0,80.0,23.14,72.0,88.0,No Heart Disease
P02764,Male,46,uneducated,1,9.0,0.0,no,0,0,255.0,113.5,72.5,23.22,60.0,,No Heart Disease
P02765,Male,41,postgraduate,0,0.0,0.0,no,0,0,197.0,134.0,87.0,25.48,75.0,75.0,No Heart Disease
P02766,Female,41,uneducated,1,5.0,0.0,no,0,0,209.0,107.0,65.0,27.27,84.0,87.0,No Heart Disease
P02767,Female,58,primaryschool,1,20.0,0.0,no,1,0,231.0,165.0,94.5,27.02,100.0,80.0,No Heart Disease
P02768,Male,65,postgraduate,0,0.0,0.0,no,0,0,253.0,111.0,60.0,24.12,60.0,69.0,No Heart Disease
P02769,Female,44,primaryschool,0,0.0,0.0,no,0,0,226.0,123.0,82.0,24.67,72.0,70.0,No Heart Disease
P02770,Female,41,uneducated,0,0.0,0.0,no,0,0,228.0,93.0,71.0,31.57,50.0,85.0,No Heart Disease
P02771,Female,60,uneducated,0,0.0,0.0,no,0,0,261.0,123.5,79.0,29.28,70.0,103.0,No Heart Disease
P02772,Female,59,uneducated,0,0.0,0.0,no,1,0,267.0,190.0,90.0,26.23,75.0,,No Heart Disease
P02773,Female,40,primaryschool,1,9.0,0.0,no,0,0,240.0,115.0,72.0,18.82,80.0,68.0,No Heart Disease
P02774,Female,42,primaryschool,0,0.0,0.0,no,0,0,233.0,127.0,82.0,30.22,70.0,,No Heart Disease
P02775,Female,56,primaryschool,0,0.0,0.0,no,0,0,280.0,101.0,71.0,28.22,79.0,67.0,No Heart Disease
P02776,Female,52,primaryschool,0,0.0,0.0,no,1,0,260.0,171.0,118.0,28.33,69.0,80.0,Heart Disease
P02777,Male,54,uneducated,0,0.0,0.0,no,0,0,235.0,132.0,87.0,26.13,65.0,75.0,No Heart Disease
P02778,Female,42,postgraduate,0,0.0,0.0,no,0,0,278.0,118.5,72.0,21.99,72.0,78.0,No Heart Disease
P02779,Male,42,primaryschool,1,20.0,0.0,no,0,0,238.0,133.0,88.0,28.84,80.0,58.0,No Heart Disease
P02780,Male,43,uneducated,0,0.0,1.0,no,1,0,210.0,181.0,97.5,21.83,75.0,55.0,No Heart Disease
P02781,Female,49,primaryschool,0,0.0,0.0,no,1,0,239.0,143.0,93.0,28.38,75.0,87.0,No Heart Disease
P02782,Male,47,primaryschool,1,20.0,0.0,no,0,0,344.0,102.5,71.0,27.73,65.0,80.0,No Heart Disease
P02783,Male,53,graduate,1,43.0,0.0,no,1,0,193.0,142.5,100.0,24.15,82.0,69.0,No Heart Disease
P02784,Female,62,postgraduate,0,0.0,0.0,no,0,0,281.0,126.0,85.5,23.29,65.0,63.0,No Heart Disease
P02785,Female,55,,0,0.0,1.0,no,1,1,279.0,165.0,105.5,32.51,73.0,87.0,No Heart Disease
P02786,Female,41,primaryschool,1,1.0,0.0,no,0,0,189.0,113.5,61.0,23.08,55.0,73.0,No Heart Disease
P02787,Female,38,primaryschool,1,5.0,0.0,no,0,0,179.0,116.5,72.5,21.49,70.0,76.0,No Heart Disease
P02788,Female,50,postgraduate,1,30.0,0.0,no,0,0,243.0,128.0,76.0,25.65,69.0,80.0,No Heart Disease
P02789,Male,44,postgraduate,1,20.0,0.0,no,1,0,230.0,138.0,98.0,25.12,75.0,93.0,No Heart Disease
P02790,Male,55,uneducated,1,6.0,0.0,no,1,0,274.0,148.0,94.0,28.55,62.0,65.0,No Heart Disease
P02791,Female,53,uneducated,0,0.0,0.0,no,1,0,268.0,156.0,100.0,26.73,85.0,69.0,No Heart Disease
P02792,Female,54,primaryschool,0,0.0,0.0,no,1,0,220.0,142.5,83.5,25.09,72.0,84.0,No Heart Disease
P02793,Female,36,graduate,1,15.0,0.0,no,0,0,180.0,105.0,60.0,25.97,102.0,,No Heart Disease
P02794,Male,47,uneducated,1,20.0,0.0,no,1,0,286.0,148.0,98.0,29.98,80.0,93.0,Heart Disease
P02795,Male,51,uneducated,1,7.0,0.0,no,1,0,133.0,138.0,78.0,16.98,80.0,65.0,Heart Disease
P02796,Female,60,uneducated,0,0.0,0.0,no,1,0,295.0,149.0,103.5,22.69,80.0,52.0,No Heart Disease
P02797,Male,49,postgraduate,0,0.0,1.0,no,1,0,280.0,166.0,98.0,23.03,70.0,72.0,Heart Disease
P02798,Male,43,postgraduate,0,0.0,0.0,no,1,0,367.0,141.0,82.5,25.62,92.0,90.0,No Heart Disease
P02799,Male,57,uneducated,0,0.0,0.0,no,0,0,207.0,111.0,80.0,37.15,63.0,70.0,No Heart Disease
P02800,Female,61,primaryschool,0,0.0,0.0,no,1,0,224.0,155.0,71.0,25.98,75.0,86.0,No Heart Disease
P02801,Female,46,uneducated,0,0.0,0.0,no,0,0,284.0,147.0,82.0,25.6,80.0,,No Heart Disease
P02802,Female,47,uneducated,1,1.0,0.0,no,1,1,160.0,197.0,109.0,34.91,82.0,320.0,Heart Disease
P02803,Female,62,primaryschool,0,0.0,0.0,no,1,1,313.0,164.0,94.0,27.4,70.0,81.0,No Heart Disease
P02804,Male,62,uneducated,0,0.0,0.0,no,1,0,191.0,156.0,91.0,31.2,68.0,75.0,Heart Disease
P02805,Female,35,graduate,0,0.0,0.0,no,0,0,219.0,116.0,74.0,21.63,75.0,68.0,No Heart Disease
P02806,Female,48,uneducated,1,20.0,0.0,no,0,0,,117.5,67.5,28.62,75.0,68.0,Heart Disease
P02807,Male,51,uneducated,1,15.0,0.0,no,0,0,212.0,146.0,89.0,24.49,100.0,132.0,Heart Disease
P02808,Male,42,uneducated,1,20.0,0.0,no,0,0,241.0,118.0,85.0,30.03,68.0,74.0,Heart Disease
P02809,Female,40,primaryschool,0,0.0,0.0,no,0,0,215.0,110.0,70.0,19.64,70.0,87.0,No Heart Disease
P02810,Female,44,graduate,1,30.0,0.0,no,0,0,188.0,122.5,67.5,23.13,94.0,85.0,No Heart Disease
P02811,Female,46,primaryschool,0,0.0,0.0,no,1,0,214.0,144.0,79.0,23.62,96.0,80.0,No Heart Disease
P02812,Female,40,primaryschool,1,9.0,0.0,no,0,0,193.0,105.0,60.0,22.54,75.0,85.0,No Heart Disease
P02813,Male,40,uneducated,1,20.0,0.0,no,0,0,201.0,121.5,76.5,29.38,74.0,94.0,No Heart Disease
P02814,Male,48,primaryschool,1,15.0,0.0,no,0,0,214.0,114.0,80.0,26.27,95.0,99.0,No Heart Disease
P02815,Female,43,primaryschool,1,20.0,0.0,no,0,0,208.0,119.0,69.0,19.48,67.0,73.0,No Heart Disease
P02816,Male,48,primaryschool,1,20.0,0.0,no,0,0,194.0,102.5,69.0,18.55,79.0,83.0,No Heart Disease
P02817,Female,43,uneducated,0,0.0,0.0,no,0,0,230.0,116.0,86.0,27.78,62.0,78.0,No Heart Disease
P02818,Male,38,uneducated,1,20.0,0.0,no,0,0,265.0,123.0,86.0,28.88,85.0,80.0,No Heart Disease
P02819,Male,48,primaryschool,0,0.0,0.0,no,0,0,263.0,114.0,80.0,25.14,80.0,77.0,No Heart Disease
P02820,Male,58,uneducated,0,0.0,0.0,no,1,0,279.0,181.0,74.0,22.49,66.0,65.0,No Heart Disease
P02821,Female,51,graduate,0,0.0,0.0,no,1,0,304.0,132.0,80.0,25.15,85.0,106.0,No Heart Disease
P02822,Male,42,postgraduate,1,40.0,0.0,no,1,0,218.0,129.0,90.0,23.22,70.0,73.0,No Heart Disease
P02823,Male,46,primaryschool,1,43.0,0.0,no,1,0,272.0,145.0,88.0,28.12,103.0,65.0,No Heart Disease
P02824,Male,48,uneducated,1,20.0,0.0,no,0,0,285.0,116.0,81.0,23.1,100.0,58.0,No Heart Disease
P02825,Female,55,uneducated,1,1.0,0.0,no,0,0,240.0,107.5,70.0,18.06,71.0,140.0,No Heart Disease
P02826,Female,59,postgraduate,0,0.0,1.0,no,1,0,282.0,135.0,87.0,28.96,72.0,,No Heart Disease
P02827,Female,41,primaryschool,0,0.0,0.0,no,0,0,232.0,117.5,77.5,20.62,53.0,75.0,No Heart Disease
P02828,Female,57,uneducated,1,20.0,0.0,no,0,0,252.0,139.0,82.0,26.36,84.0,70.0,Heart Disease
P02829,Male,51,uneducated,0,0.0,0.0,no,0,0,237.0,135.0,87.5,24.87,65.0,63.0,No Heart Disease
P02830,Male,42,primaryschool,1,20.0,0.0,no,1,0,220.0,131.0,90.0,24.21,62.0,79.0,No Heart Disease
P02831,Female,41,primaryschool,0,0.0,0.0,no,0,0,177.0,108.0,73.0,24.73,80.0,72.0,No Heart Disease
P02832,Female,45,graduate,1,20.0,0.0,no,0,0,230.0,138.0,85.0,22.54,66.0,67.0,No Heart Disease
P02833,Female,61,primaryschool,0,0.0,0.0,no,0,0,219.0,102.0,59.0,18.14,72.0,62.0,No Heart Disease
P02834,Female,43,graduate,1,1.0,0.0,no,0,0,185.0,125.0,84.0,23.18,75.0,55.0,No Heart Disease
P02835,Male,54,uneducated,0,0.0,0.0,no,1,0,230.0,126.0,93.0,25.36,80.0,84.0,Heart Disease
P02836,Female,40,uneducated,1,50.0,,no,0,0,220.0,124.0,79.0,20.7,90.0,57.0,No Heart Disease
P02837,Female,59,uneducated,0,0.0,1.0,no,1,0,297.0,198.0,108.0,28.06,85.0,109.0,No Heart Disease
P02838,Male,40,graduate,1,15.0,0.0,no,0,0,203.0,123.0,82.0,24.74,75.0,78.0,No Heart Disease
P02839,Male,60,uneducated,0,0.0,1.0,no,1,0,173.0,135.0,97.5,30.71,63.0,86.0,No Heart Disease
P02840,Male,49,graduate,1,25.0,0.0,no,0,0,282.0,134.0,79.0,26.87,67.0,78.0,No Heart Disease
P02841,Female,52,uneducated,0,0.0,0.0,no,1,0,220.0,163.0,87.0,25.12,100.0,94.0,No Heart Disease
P02842,Male,51,uneducated,1,40.0,0.0,no,0,0,264.0,119.0,82.0,28.55,85.0,63.0,No Heart Disease
P02843,Female,49,uneducated,0,0.0,0.0,no,0,0,257.0,115.0,75.0,25.61,72.0,74.0,No Heart Disease
P02844,Female,52,uneducated,0,0.0,0.0,no,0,0,208.0,141.0,85.0,24.85,75.0,68.0,No Heart Disease
P02845,Male,42,primaryschool,1,20.0,0.0,no,0,0,184.0,114.5,76.0,29.89,66.0,59.0,No Heart Disease
P02846,Male,44,graduate,1,15.0,0.0,no,0,0,237.0,124.0,83.0,27.17,70.0,88.0,No Heart Disease
P02847,Male,50,,1,9.0,0.0,no,0,0,206.0,140.0,92.0,28.21,85.0,,Heart Disease
P02848,Female,50,primaryschool,1,30.0,0.0,no,1,0,308.0,145.5,96.0,25.61,72.0,,No Heart Disease
P02849,Female,54,uneducated,0,0.0,0.0,no,0,0,262.0,113.5,80.0,26.42,75.0,67.0,No Heart Disease
P02850,Male,48,primaryschool,1,20.0,0.0,no,0,1,172.0,131.0,79.0,35.12,75.0,108.0,No Heart Disease
P02851,Male,52,primaryschool,1,20.0,0.0,no,0,0,240.0,135.0,82.0,27.73,100.0,87.0,No Heart Disease
P02852,Female,42,primaryschool,0,0.0,0.0,no,1,0,263.0,150.0,88.0,23.68,96.0,78.0,No Heart Disease
P02853,Female,50,uneducated,0,0.0,0.0,no,0,0,280.0,126.0,76.0,21.82,65.0,74.0,No Heart Disease
P02854,Male,46,postgraduate,1,40.0,0.0,no,0,0,165.0,107.0,82.0,24.67,60.0,77.0,No Heart Disease
P02855,Male,59,uneducated,1,40.0,0.0,no,1,0,188.0,111.0,72.0,21.48,75.0,44.0,No Heart Disease
P02856,Male,59,postgraduate,0,0.0,0.0,no,0,1,314.0,135.0,77.5,22.17,75.0,170.0,No Heart Disease
P02857,Male,50,graduate,1,30.0,0.0,no,1,0,320.0,190.0,110.0,25.45,90.0,71.0,No Heart Disease
P02858,Female,39,uneducated,0,0.0,0.0,no,0,0,153.0,107.0,82.0,20.99,75.0,82.0,No Heart Disease
P02859,Female,48,uneducated,0,0.0,0.0,no,0,0,186.0,113.0,78.0,22.98,64.0,,No Heart Disease
P02860,Male,58,primaryschool,1,20.0,0.0,no,0,0,255.0,136.0,85.5,25.33,82.0,62.0,No Heart Disease
P02861,Female,47,graduate,0,0.0,0.0,no,0,0,205.0,106.0,75.0,23.44,75.0,97.0,No Heart Disease
P02862,Female,57,primaryschool,0,0.0,0.0,no,0,0,163.0,112.0,71.0,22.66,70.0,78.0,No Heart Disease
P02863,Female,63,graduate,0,0.0,0.0,no,0,0,281.0,125.0,80.0,21.35,75.0,99.0,No Heart Disease
P02864,Female,43,primaryschool,0,0.0,0.0,no,0,0,194.0,122.5,82.0,35.16,75.0,80.0,No Heart Disease
P02865,Male,56,uneducated,0,0.0,1.0,no,1,0,226.0,175.5,113.0,30.77,60.0,70.0,No Heart Disease
P02866,Male,50,primaryschool,1,20.0,0.0,no,0,0,163.0,96.5,72.5,20.72,75.0,77.0,No Heart Disease
P02867,Male,47,postgraduate,1,10.0,0.0,no,1,0,214.0,132.0,95.0,24.23,70.0,77.0,No Heart Disease
P02868,Female,48,graduate,1,20.0,0.0,no,0,0,215.0,114.0,64.0,21.51,74.0,64.0,No Heart Disease
P02869,Male,56,primaryschool,0,0.0,0.0,no,0,0,212.0,130.0,79.0,27.73,64.0,100.0,No Heart Disease
P02870,Male,40,primaryschool,1,20.0,0.0,no,0,0,152.0,119.0,86.0,23.35,75.0,66.0,No Heart Disease
P02871,Male,63,uneducated,1,43.0,0.0,no,1,0,253.0,172.0,82.0,24.19,66.0,137.0,Heart Disease
P02872,Female,52,uneducated,0,0.0,0.0,no,0,0,280.0,118.0,71.0,21.84,96.0,62.0,No Heart Disease
P02873,Female,61,uneducated,0,0.0,0.0,no,1,0,,185.0,121.0,35.22,80.0,,No Heart Disease
P02874,Female,59,graduate,0,0.0,0.0,no,1,0,240.0,149.0,88.0,27.48,80.0,82.0,No Heart Disease
P02875,Female,42,uneducated,1,20.0,0.0,no,0,0,228.0,122.0,85.0,23.99,69.0,68.0,No Heart Disease
P02876,Male,41,primaryschool,1,20.0,0.0,no,0,0,264.0,126.5,82.0,23.96,75.0,78.0,Heart Disease
P02877,Female,48,postgraduate,1,3.0,0.0,no,1,0,247.0,142.5,86.5,24.87,53.0,68.0,No Heart Disease
P02878,Male,49,primaryschool,1,20.0,0.0,no,1,0,291.0,160.0,99.0,29.91,85.0,88.0,No Heart Disease
P02879,Male,43,uneducated,1,20.0,0.0,no,0,0,175.0,103.0,64.5,17.81,86.0,78.0,No Heart Disease
P02880,Female,53,graduate,0,0.0,0.0,no,0,0,280.0,135.0,87.0,27.17,80.0,80.0,No Heart Disease
P02881,Male,49,primaryschool,1,17.0,0.0,no,0,0,211.0,128.0,89.0,31.07,75.0,76.0,Heart Disease
P02882,Female,67,graduate,0,0.0,0.0,no,1,0,260.0,140.0,88.0,24.67,55.0,65.0,No Heart Disease
P02883,Male,42,,1,15.0,1.0,no,1,0,222.0,143.0,92.0,27.38,78.0,89.0,No Heart Disease
P02884,Female,59,uneducated,0,0.0,1.0,no,1,0,234.0,181.0,107.0,39.4,80.0,90.0,Heart Disease
P02885,Male,46,postgraduate,1,20.0,0.0,no,1,0,238.0,163.5,102.0,28.65,73.0,100.0,No Heart Disease
P02886,Male,44,,0,0.0,0.0,no,0,0,253.0,152.5,87.5,26.84,56.0,,No Heart Disease
P02887,Female,47,uneducated,0,0.0,0.0,no,0,0,205.0,122.0,78.0,23.78,67.0,83.0,No Heart Disease
P02888,Female,36,primaryschool,1,43.0,0.0,no,0,0,201.0,124.0,73.0,25.25,95.0,100.0,No Heart Disease
P02889,Female,51,uneducated,0,0.0,0.0,no,1,0,292.0,166.0,89.0,27.51,68.0,88.0,No Heart Disease
P02890,Female,49,postgraduate,0,0.0,0.0,no,0,0,189.0,102.0,66.5,23.88,70.0,70.0,No Heart Disease
P02891,Female,54,graduate,0,0.0,0.0,no,0,0,241.0,103.0,66.0,22.73,85.0,66.0,No Heart Disease
P02892,Male,49,uneducated,0,0.0,0.0,no,0,1,248.0,130.5,82.0,27.29,52.0,254.0,No Heart Disease
P02893,Male,67,uneducated,1,2.0,0.0,no,0,0,144.0,113.0,62.0,22.9,58.0,69.0,No Heart Disease
P02894,Male,62,graduate,0,0.0,0.0,no,0,1,346.0,102.5,66.5,17.17,80.0,394.0,Heart Disease
P02895,Female,38,uneducated,1,9.0,0.0,no,0,0,224.0,90.0,70.0,18.18,75.0,57.0,No Heart Disease
P02896,Female,45,primaryschool,1,30.0,0.0,no,1,0,181.0,138.5,90.0,26.32,90.0,,No Heart Disease
P02897,Female,50,graduate,0,0.0,0.0,no,0,0,250.0,109.0,70.0,20.74,75.0,77.0,No Heart Disease
P02898,Female,45,uneducated,0,0.0,0.0,no,0,0,290.0,124.0,72.5,24.24,92.0,87.0,No Heart Disease
P02899,Male,48,postgraduate,1,30.0,0.0,no,0,0,178.0,132.5,73.0,24.67,80.0,70.0,No Heart Disease
P02900,Male,58,uneducated,1,40.0,0.0,no,1,0,231.0,171.0,95.0,26.11,85.0,77.0,Heart Disease
P02901,Female,36,primaryschool,0,0.0,0.0,no,0,0,203.0,112.5,73.5,24.47,70.0,73.0,No Heart Disease
P02902,Female,55,,0,0.0,0.0,no,0,0,270.0,117.0,71.0,23.79,71.0,72.0,No Heart Disease
P02903,Female,40,primaryschool,0,0.0,0.0,no,0,0,,119.0,81.0,24.6,75.0,,No Heart Disease
P02904,Female,57,uneducated,1,20.0,0.0,no,0,0,174.0,120.0,62.0,25.13,95.0,77.0,Heart Disease
P02905,Male,40,primaryschool,1,10.0,0.0,no,0,0,250.0,109.0,78.0,25.75,65.0,,No Heart Disease
P02906,Female,41,uneducated,1,20.0,0.0,no,0,0,190.0,135.0,81.0,24.38,65.0,,No Heart Disease
P02907,Male,43,uneducated,1,20.0,0.0,no,0,0,206.0,133.5,89.5,21.73,86.0,89.0,No Heart Disease
P02908,Female,63,uneducated,0,0.0,0.0,no,1,0,179.0,149.0,89.0,40.81,92.0,77.0,No Heart Disease
P02909,Female,59,primaryschool,1,9.0,0.0,no,0,0,229.0,127.5,76.0,23.65,74.0,70.0,No Heart Disease
P02910,Female,67,primaryschool,0,0.0,1.0,no,1,1,303.0,204.0,96.0,27.86,75.0,394.0,Heart Disease
P02911,Female,42,primaryschool,1,20.0,0.0,no,0,0,223.0,129.0,79.0,28.04,98.0,100.0,No Heart Disease
P02912,Male,52,,0,0.0,0.0,no,0,0,340.0,114.0,83.0,31.02,78.0,80.0,No Heart Disease
P02913,Female,39,primaryschool,0,0.0,0.0,no,0,0,252.0,125.0,86.0,20.74,75.0,93.0,No Heart Disease
P02914,Female,42,primaryschool,0,0.0,0.0,no,0,0,183.0,120.0,76.0,21.12,100.0,72.0,No Heart Disease
P02915,Female,43,primaryschool,1,15.0,0.0,no,0,0,230.0,118.0,70.5,26.24,100.0,67.0,No Heart Disease
P02916,Female,52,uneducated,0,0.0,0.0,no,0,0,263.0,132.5,87.0,30.42,75.0,64.0,No Heart Disease
P02917,Female,45,uneducated,0,0.0,0.0,no,0,0,210.0,120.0,72.0,22.01,75.0,93.0,No Heart Disease
P02918,Male,61,uneducated,0,0.0,0.0,no,1,0,243.0,142.0,89.0,27.3,65.0,67.0,Heart Disease
P02919,Female,56,graduate,0,0.0,0.0,no,0,0,192.0,122.0,82.5,28.61,68.0,58.0,No Heart Disease
P02920,Male,43,postgraduate,1,25.0,0.0,no,0,0,296.0,137.0,90.0,23.97,72.0,97.0,No Heart Disease
P02921,Male,56,postgraduate,1,20.0,0.0,no,1,0,228.0,151.5,103.0,23.58,65.0,66.0,No Heart Disease
P02922,Male,55,uneducated,1,45.0,0.0,no,0,0,345.0,134.0,89.0,27.38,72.0,60.0,No Heart Disease
P02923,Male,46,uneducated,1,20.0,0.0,no,0,0,273.0,132.5,69.0,26.83,120.0,88.0,No Heart Disease
P02924,Male,43,uneducated,1,30.0,0.0,no,0,0,252.0,112.0,78.0,24.25,90.0,65.0,Heart Disease
P02925,Male,43,primaryschool,0,0.0,0.0,no,0,0,206.0,107.5,73.5,24.17,60.0,71.0,Heart Disease
P02926,Male,64,primaryschool,1,20.0,0.0,no,0,0,225.0,120.0,75.0,,70.0,94.0,No Heart Disease
P02927,Female,50,uneducated,0,0.0,0.0,no,0,1,258.0,127.0,80.0,24.1,75.0,124.0,No Heart Disease
P02928,Male,48,primaryschool,1,20.0,0.0,no,1,0,230.0,140.5,89.0,23.34,66.0,80.0,Heart Disease
P02929,Female,49,,0,0.0,0.0,no,1,0,254.0,142.0,87.0,27.94,60.0,63.0,No Heart Disease
P02930,Male,46,uneducated,1,15.0,0.0,no,1,0,212.0,132.0,92.0,22.08,63.0,,No Heart Disease
P02931,Female,57,uneducated,1,43.0,0.0,no,1,0,283.0,207.5,118.0,38.61,100.0,83.0,Heart Disease
P02932,Male,51,graduate,0,0.0,0.0,no,0,0,218.0,115.0,75.0,25.62,82.0,62.0,No Heart Disease
P02933,Female,40,graduate,1,30.0,0.0,no,0,0,280.0,115.0,81.0,21.32,62.0,84.0,No Heart Disease
P02934,Male,51,uneducated,1,30.0,0.0,no,0,0,240.0,127.0,80.0,28.85,70.0,67.0,Heart Disease
P02935,Male,41,uneducated,1,20.0,0.0,no,0,0,163.0,102.0,59.5,22.27,67.0,82.0,No Heart Disease
P02936,Female,59,uneducated,0,0.0,0.0,no,1,0,254.0,181.0,101.0,24.67,76.0,68.0,No Heart Disease
P02937,Female,61,uneducated,0,0.0,0.0,no,0,0,295.0,191.0,97.0,31.27,62.0,90.0,No Heart Disease
P02938,Female,43,graduate,1,20.0,0.0,no,0,0,276.0,138.0,88.0,20.4,82.0,70.0,No Heart Disease
P02939,Female,65,uneducated,0,0.0,0.0,no,1,0,225.0,145.0,91.0,29.8,80.0,83.0,Heart Disease
P02940,Female,42,primaryschool,0,0.0,0.0,no,0,0,176.0,136.0,87.0,30.91,80.0,73.0,No Heart Disease
P02941,Male,41,graduate,1,20.0,0.0,no,0,0,217.0,110.0,79.0,21.27,100.0,95.0,No Heart Disease
P02942,Female,55,uneducated,0,0.0,0.0,no,0,0,328.0,106.0,77.0,29.65,75.0,,No Heart Disease
P02943,Male,56,uneducated,0,0.0,0.0,no,0,0,220.0,113.0,83.0,25.12,58.0,86.0,No Heart Disease
P02944,Female,56,primaryschool,0,0.0,,no,0,0,220.0,126.5,74.5,28.3,82.0,80.0,Heart Disease
P02945,Male,48,primaryschool,1,43.0,0.0,no,1,0,210.0,162.5,87.5,24.32,95.0,,No Heart Disease
P02946,Female,56,graduate,0,0.0,0.0,no,1,0,287.0,150.5,94.0,26.01,75.0,99.0,No Heart Disease
P02947,Female,51,graduate,0,0.0,0.0,no,0,0,250.0,148.5,90.0,24.58,80.0,,No Heart Disease
P02948,Female,59,primaryschool,0,0.0,0.0,no,0,0,279.0,132.0,88.0,26.48,78.0,88.0,No Heart Disease
P02949,Male,54,uneducated,0,0.0,0.0,no,0,0,217.0,116.0,72.0,22.49,80.0,77.0,No Heart Disease
P02950,Female,47,primaryschool,1,43.0,0.0,no,1,0,218.0,147.0,81.0,20.39,75.0,,No Heart Disease
P02951,Female,45,graduate,0,0.0,0.0,no,0,0,254.0,104.0,73.0,19.46,60.0,77.0,No Heart Disease
P02952,Female,53,uneducated,0,0.0,0.0,no,0,0,328.0,121.0,70.0,30.75,90.0,77.0,No Heart Disease
P02953,Female,54,uneducated,0,0.0,0.0,no,1,0,306.0,195.0,110.0,32.1,72.0,68.0,No Heart Disease
P02954,Female,59,uneducated,0,0.0,0.0,no,0,0,281.0,130.5,86.0,25.11,80.0,83.0,No Heart Disease
P02955,Male,41,uneducated,1,40.0,0.0,no,0,0,260.0,137.5,80.0,26.89,75.0,55.0,Heart Disease
P02956,Female,47,graduate,1,5.0,0.0,no,0,0,237.0,110.0,77.0,25.62,100.0,83.0,No Heart Disease
P02957,Female,65,uneducated,0,0.0,0.0,no,1,0,205.0,167.5,92.5,24.72,87.0,,No Heart Disease
P02958,Female,44,uneducated,1,20.0,0.0,no,0,0,160.0,131.0,81.5,25.71,75.0,70.0,No Heart Disease
P02959,Male,54,postgraduate,0,0.0,0.0,no,1,0,180.0,147.5,100.0,25.11,70.0,70.0,Heart Disease
P02960,Female,55,uneducated,0,0.0,0.0,no,1,0,180.0,165.0,88.0,22.57,68.0,77.0,Heart Disease
P02961,Male,53,uneducated,1,15.0,0.0,no,1,0,260.0,142.0,88.0,23.65,96.0,77.0,No Heart Disease
P02962,Male,52,uneducated,0,0.0,0.0,no,1,1,258.0,177.0,111.0,30.38,80.0,270.0,Heart Disease
P02963,Male,51,primaryschool,1,20.0,0.0,no,0,0,274.0,108.0,75.0,23.6,70.0,68.0,No Heart Disease
P02964,Female,49,graduate,0,0.0,0.0,no,0,0,228.0,124.0,72.0,21.18,74.0,88.0,No Heart Disease
P02965,Male,68,uneducated,1,15.0,0.0,no,0,0,193.0,145.0,67.0,23.13,75.0,72.0,Heart Disease
P02966,Male,39,uneducated,1,20.0,0.0,no,0,0,202.0,108.0,74.0,25.51,64.0,104.0,No Heart Disease
P02967,Male,54,graduate,0,0.0,0.0,no,1,0,248.0,155.0,92.5,29.86,85.0,66.0,No Heart Disease
P02968,Female,44,primaryschool,1,3.0,0.0,no,0,0,244.0,105.0,60.0,23.24,76.0,,No Heart Disease
P02969,Male,46,uneducated,1,43.0,0.0,no,0,0,237.0,105.0,72.5,33.49,67.0,79.0,No Heart Disease
P02970,Female,49,postgraduate,1,20.0,1.0,no,1,0,262.0,147.5,97.5,24.96,60.0,67.0,No Heart Disease
P02971,Female,46,uneducated,0,0.0,0.0,no,0,0,229.0,127.5,80.0,22.34,84.0,77.0,No Heart Disease
P02972,Female,63,primaryschool,1,9.0,0.0,no,1,0,219.0,162.0,91.0,33.66,70.0,,No Heart Disease
P02973,Female,51,uneducated,1,15.0,0.0,no,0,0,352.0,136.5,87.0,25.79,73.0,67.0,No Heart Disease
P02974,Male,55,primaryschool,1,20.0,0.0,no,0,0,280.0,134.0,85.5,29.86,80.0,75.0,No Heart Disease
P02975,Female,61,primaryschool,0,0.0,0.0,no,1,0,270.0,174.5,101.5,29.87,80.0,76.0,No Heart Disease
P02976,Male,38,primaryschool,1,20.0,0.0,no,0,0,220.0,126.0,88.0,24.46,77.0,74.0,No Heart Disease
P02977,Male,36,uneducated,1,20.0,0.0,no,0,0,252.0,126.0,77.0,25.23,75.0,63.0,No Heart Disease
P02978,Male,50,uneducated,1,30.0,0.0,no,0,0,225.0,133.5,86.0,29.38,79.0,106.0,Heart Disease
P02979,Male,42,uneducated,1,20.0,0.0,no,0,0,234.0,125.0,86.0,28.09,70.0,70.0,No Heart Disease
P02980,Female,45,primaryschool,0,0.0,0.0,no,1,0,258.0,148.5,88.0,23.46,85.0,90.0,No Heart Disease
P02981,Female,48,postgraduate,1,9.0,0.0,no,0,0,280.0,105.0,85.0,25.5,85.0,79.0,No Heart Disease
P02982,Male,50,uneducated,1,20.0,0.0,no,1,0,233.0,158.0,88.0,28.26,68.0,94.0,Heart Disease
P02983,Female,52,graduate,0,0.0,0.0,no,0,0,265.0,130.0,84.0,27.09,63.0,69.0,No Heart Disease
P02984,Male,50,uneducated,1,15.0,1.0,no,1,0,258.0,198.0,106.0,26.73,102.0,73.0,No Heart Disease
P02985,Male,58,uneducated,1,20.0,0.0,no,1,0,241.0,152.5,105.0,25.18,92.0,85.0,No Heart Disease
P02986,Female,57,uneducated,0,0.0,1.0,no,1,0,432.0,153.0,85.0,26.13,98.0,75.0,Heart Disease
P02987,Female,41,primaryschool,0,0.0,0.0,no,1,0,188.0,142.5,87.5,39.21,70.0,,No Heart Disease
P02988,Female,55,primaryschool,0,0.0,0.0,no,1,0,326.0,144.0,81.0,25.71,85.0,,No Heart Disease
P02989,Male,44,primaryschool,1,40.0,0.0,no,0,0,189.0,130.0,90.0,22.33,90.0,64.0,No Heart Disease
P02990,Female,40,postgraduate,1,3.0,0.0,no,0,0,230.0,107.5,75.0,26.38,75.0,76.0,No Heart Disease
P02991,Female,58,uneducated,1,5.0,0.0,no,1,0,240.0,150.0,84.0,26.85,75.0,94.0,Heart Disease
P02992,Female,45,postgraduate,0,0.0,0.0,no,1,0,252.0,160.0,105.0,31.72,65.0,83.0,No Heart Disease
P02993,Female,38,primaryschool,1,2.0,0.0,no,0,0,172.0,98.0,53.0,22.18,68.0,82.0,No Heart Disease
P02994,Male,61,uneducated,0,0.0,0.0,no,1,0,239.0,122.0,83.0,28.85,62.0,94.0,No Heart Disease
P02995,Female,57,primaryschool,0,0.0,0.0,no,0,0,245.0,134.0,84.0,29.28,100.0,,No Heart Disease
P02996,Female,62,primaryschool,0,0.0,0.0,no,0,0,317.0,126.0,75.0,23.29,71.0,86.0,No Heart Disease
P02997,Female,50,uneducated,0,0.0,0.0,no,0,0,229.0,121.0,85.5,23.09,63.0,75.0,No Heart Disease
P02998,Male,36,postgraduate,1,40.0,0.0,no,0,0,200.0,103.0,67.5,30.82,67.0,72.0,No Heart Disease
P02999,Male,44,uneducated,0,0.0,0.0,no,0,0,234.0,135.0,88.0,25.65,52.0,83.0,No Heart Disease
P03000,Male,44,uneducated,0,0.0,0.0,no,1,0,260.0,127.0,80.0,31.69,69.0,73.0,No Heart Disease
P03001,Male,44,primaryschool,1,40.0,0.0,no,0,0,232.0,125.0,86.0,23.23,72.0,80.0,No Heart Disease
P03002,Male,51,postgraduate,0,0.0,0.0,no,1,0,200.0,115.0,76.0,31.04,78.0,,Heart Disease
P03003,Female,55,graduate,1,20.0,0.0,no,0,1,216.0,125.0,80.0,27.18,86.0,244.0,No Heart Disease
P03004,Male,48,primaryschool,1,20.0,0.0,no,1,0,258.0,150.0,105.0,25.94,83.0,60.0,No Heart Disease
P03005,Male,64,uneducated,0,0.0,0.0,no,0,0,185.0,94.0,62.0,26.11,70.0,68.0,No Heart Disease
P03006,Female,53,uneducated,1,20.0,0.0,no,1,0,181.0,163.5,87.0,34.69,80.0,71.0,No Heart Disease
P03007,Female,37,primaryschool,0,0.0,0.0,no,0,0,217.0,126.0,80.0,25.91,75.0,62.0,No Heart Disease
P03008,Female,49,primaryschool,1,20.0,0.0,no,0,0,239.0,123.0,72.0,23.35,62.0,,No Heart Disease
P03009,Male,40,graduate,1,70.0,0.0,no,1,0,210.0,132.0,86.0,31.57,98.0,80.0,No Heart Disease
P03010,Male,45,uneducated,1,20.0,0.0,no,0,0,264.0,118.5,81.0,26.35,75.0,90.0,Heart Disease
P03011,Male,39,uneducated,0,0.0,0.0,no,0,0,188.0,105.0,65.0,22.85,63.0,76.0,No Heart Disease
P03012,Female,55,uneducated,0,0.0,0.0,no,0,0,204.0,131.0,87.0,24.68,63.0,70.0,No Heart Disease
P03013,Female,57,,1,20.0,0.0,no,1,0,246.0,160.0,92.5,30.74,84.0,76.0,No Heart Disease
P03014,Male,42,postgraduate,0,0.0,0.0,no,0,0,191.0,118.0,80.0,24.98,62.0,63.0,No Heart Disease
P03015,Male,52,postgraduate,1,20.0,0.0,no,1,0,200.0,131.0,94.0,26.77,70.0,82.0,No Heart Disease
P03016,Female,35,primaryschool,1,5.0,0.0,no,0,0,165.0,106.0,64.0,19.14,68.0,70.0,No Heart Disease
P03017,Female,39,postgraduate,0,0.0,0.0,no,0,0,216.0,126.0,86.0,22.72,90.0,70.0,No Heart Disease
P03018,Female,54,uneducated,0,0.0,0.0,no,0,0,195.0,122.0,88.5,24.11,76.0,67.0,No Heart Disease
P03019,Female,56,uneducated,1,20.0,0.0,no,0,0,240.0,125.0,79.0,27.38,80.0,82.0,No Heart Disease
P03020,Female,49,primaryschool,1,20.0,0.0,no,0,0,273.0,147.0,89.0,24.26,85.0,62.0,No Heart Disease
P03021,Male,39,primaryschool,1,9.0,0.0,no,0,0,273.0,148.0,103.0,28.62,75.0,74.0,No Heart Disease
P03022,Male,53,primaryschool,1,,0.0,no,0,0,276.0,130.0,86.0,24.21,58.0,82.0,No Heart Disease
P03023,Female,59,primaryschool,0,0.0,0.0,no,1,0,250.0,120.5,80.5,27.59,80.0,75.0,Heart Disease
P03024,Female,52,primaryschool,0,0.0,0.0,no,0,0,300.0,137.0,79.0,25.4,86.0,73.0,No Heart Disease
P03025,Male,45,graduate,1,15.0,0.0,no,0,0,266.0,109.0,70.0,23.72,75.0,71.0,No Heart Disease
P03026,Male,53,primaryschool,1,20.0,0.0,no,0,0,239.0,122.0,82.0,29.4,70.0,84.0,No Heart Disease
P03027,Female,66,uneducated,0,0.0,0.0,no,1,0,273.0,197.0,91.0,23.22,95.0,80.0,No Heart Disease
P03028,Female,41,postgraduate,1,17.0,0.0,no,1,0,261.0,147.5,97.0,31.65,75.0,73.0,No Heart Disease
P03029,Female,45,uneducated,0,0.0,0.0,no,0,0,282.0,115.0,71.0,22.54,60.0,96.0,No Heart Disease
P03030,Female,46,primaryschool,1,18.0,0.0,no,0,0,290.0,131.0,84.0,18.28,75.0,68.0,No Heart Disease
P03031,Female,41,graduate,1,3.0,0.0,no,0,0,232.0,125.0,80.0,25.38,72.0,79.0,No Heart Disease
P03032,Female,59,postgraduate,0,0.0,0.0,no,1,0,313.0,186.5,99.0,25.65,72.0,84.0,No Heart Disease
P03033,Female,44,uneducated,1,10.0,0.0,no,0,0,310.0,141.0,76.0,20.52,52.0,90.0,No Heart Disease
P03034,Female,56,,1,5.0,0.0,no,0,0,285.0,124.0,80.0,24.54,52.0,106.0,No Heart Disease
P03035,Female,57,,1,,0.0,no,0,0,229.0,115.0,69.0,24.43,80.0,93.0,No Heart Disease
P03036,Male,53,postgraduate,0,0.0,0.0,no,0,0,225.0,108.5,73.0,26.55,54.0,73.0,No Heart Disease
P03037,Female,34,primaryschool,0,0.0,0.0,no,0,0,226.0,112.5,77.5,24.99,100.0,72.0,No Heart Disease
P03038,Male,38,postgraduate,1,10.0,0.0,no,0,0,226.0,142.0,93.0,29.76,105.0,63.0,No Heart Disease
P03039,Male,44,uneducated,0,0.0,0.0,no,0,0,195.0,114.0,79.0,25.01,60.0,76.0,No Heart Disease
P03040,Female,45,graduate,0,0.0,0.0,no,0,0,271.0,121.0,77.0,23.96,68.0,82.0,No Heart Disease
P03041,Male,57,uneducated,0,0.0,0.0,no,1,0,287.0,149.0,86.0,26.33,62.0,65.0,No Heart Disease
P03042,Male,61,uneducated,0,0.0,0.0,no,0,0,257.0,124.5,80.0,23.84,64.0,76.0,Heart Disease
P03043,Female,38,postgraduate,1,3.0,0.0,no,0,0,177.0,126.0,80.0,23.84,90.0,79.0,No Heart Disease
P03044,Male,57,postgraduate,0,0.0,0.0,no,0,0,235.0,123.0,78.0,28.53,60.0,74.0,No Heart Disease
P03045,Female,47,uneducated,0,0.0,0.0,no,0,0,266.0,107.0,77.0,30.61,75.0,64.0,No Heart Disease
P03046,Male,39,postgraduate,1,15.0,0.0,no,0,0,208.0,135.0,80.0,20.71,70.0,,No Heart Disease
P03047,Female,54,uneducated,0,0.0,0.0,no,0,0,192.0,130.0,87.0,27.76,69.0,,No Heart Disease
P03048,Male,58,uneducated,0,0.0,0.0,no,1,0,239.0,147.0,98.0,26.51,65.0,68.0,No Heart Disease
P03049,Female,69,primaryschool,0,0.0,0.0,no,1,0,215.0,164.0,80.0,17.23,100.0,,No Heart Disease
P03050,Female,60,graduate,1,3.0,0.0,no,0,0,270.0,130.0,72.5,20.84,75.0,102.0,No Heart Disease
P03051,Female,63,graduate,0,0.0,0.0,no,1,0,241.0,153.0,89.0,32.57,65.0,75.0,Heart Disease
P03052,Female,50,graduate,1,9.0,0.0,no,0,1,210.0,134.0,80.0,18.26,64.0,,No Heart Disease
P03053,Male,56,uneducated,0,0.0,0.0,no,0,0,243.0,128.5,75.0,27.68,80.0,89.0,No Heart Disease
P03054,Female,54,graduate,0,0.0,0.0,no,0,0,278.0,127.5,83.0,23.08,63.0,78.0,No Heart Disease
P03055,Female,57,primaryschool,1,20.0,1.0,no,1,0,315.0,193.0,109.0,27.99,70.0,74.0,No Heart Disease
P03056,Female,48,primaryschool,1,5.0,0.0,no,1,0,150.0,175.0,110.0,26.4,100.0,,No Heart Disease
P03057,Female,44,uneducated,1,8.0,0.0,no,0,0,351.0,106.0,65.0,25.34,95.0,69.0,No Heart Disease
P03058,Male,60,uneducated,1,20.0,0.0,no,1,0,174.0,164.0,113.0,18.64,65.0,93.0,Heart Disease
P03059,Male,41,primaryschool,1,20.0,0.0,no,1,0,196.0,154.0,99.0,23.46,82.0,56.0,No Heart Disease
P03060,Female,50,primaryschool,1,20.0,0.0,no,0,0,275.0,123.0,83.0,24.29,90.0,64.0,No Heart Disease
P03061,Female,49,uneducated,0,0.0,0.0,no,1,0,254.0,131.0,92.0,29.22,75.0,65.0,No Heart Disease
P03062,Male,50,primaryschool,0,0.0,0.0,no,1,0,239.0,148.5,100.0,27.83,80.0,90.0,No Heart Disease
P03063,Male,61,uneducated,1,20.0,0.0,no,1,0,220.0,215.0,129.0,24.69,92.0,,Heart Disease
P03064,Female,52,uneducated,0,0.0,0.0,no,0,0,280.0,127.5,81.5,33.9,82.0,70.0,No Heart Disease
P03065,Male,33,postgraduate,0,0.0,0.0,no,0,0,165.0,136.0,75.0,24.95,88.0,90.0,No Heart Disease
P03066,Male,46,uneducated,0,0.0,0.0,no,1,0,328.0,130.0,86.5,27.17,65.0,82.0,No Heart Disease
P03067,Male,52,primaryschool,1,20.0,0.0,no,0,0,243.0,116.0,64.0,23.78,69.0,70.0,No Heart Disease
P03068,Male,45,primaryschool,1,5.0,0.0,no,0,0,217.0,130.0,82.0,26.95,50.0,85.0,No Heart Disease
P03069,Female,46,graduate,1,30.0,0.0,no,0,0,196.0,114.0,75.0,21.01,60.0,69.0,No Heart Disease
P03070,Male,63,uneducated,1,6.0,0.0,no,1,0,256.0,138.5,77.5,28.85,80.0,84.0,No Heart Disease
P03071,Female,41,uneducated,1,5.0,0.0,no,0,0,192.0,123.0,72.0,19.16,62.0,90.0,Heart Disease
P03072,Female,41,uneducated,0,0.0,0.0,no,0,0,193.0,127.0,83.0,21.49,60.0,80.0,No Heart Disease
P03073,Male,52,primaryschool,0,0.0,0.0,no,0,0,214.0,98.0,67.0,23.43,68.0,90.0,No Heart Disease
P03074,Male,46,graduate,0,0.0,0.0,no,0,0,297.0,133.0,92.0,25.98,69.0,64.0,No Heart Disease
P03075,Female,63,primaryschool,0,0.0,0.0,no,1,0,184.0,196.0,101.0,28.27,86.0,82.0,Heart Disease
P03076,Male,37,graduate,0,0.0,0.0,no,0,0,257.0,105.0,70.0,31.47,75.0,80.0,No Heart Disease
P03077,Female,43,uneducated,1,10.0,0.0,no,0,0,269.0,139.0,96.0,24.38,77.0,71.0,No Heart Disease
P03078,Female,67,uneducated,0,0.0,0.0,no,0,0,223.0,111.0,73.0,27.89,90.0,63.0,Heart Disease
P03079,Female,42,uneducated,0,0.0,0.0,no,0,0,245.0,117.5,90.0,22.65,85.0,96.0,No Heart Disease
P03080,Female,51,uneducated,0,0.0,0.0,no,1,0,177.0,141.0,92.0,29.64,72.0,130.0,Heart Disease
P03081,Female,63,uneducated,0,0.0,0.0,no,1,0,289.0,158.0,80.0,32.66,75.0,84.0,No Heart Disease
P03082,Male,36,primaryschool,0,0.0,0.0,no,0,0,163.0,111.0,73.0,30.18,70.0,90.0,No Heart Disease
P03083,Male,51,postgraduate,0,0.0,0.0,no,0,0,260.0,127.5,92.0,32.98,56.0,93.0,No Heart Disease
P03084,Male,43,primaryschool,0,0.0,0.0,no,1,0,177.0,147.5,92.0,24.81,64.0,90.0,No Heart Disease
P03085,Female,40,uneducated,1,15.0,0.0,no,0,0,220.0,131.5,82.5,24.35,80.0,78.0,No Heart Disease
P03086,Male,49,primaryschool,1,9.0,0.0,no,1,0,278.0,152.0,93.0,29.76,64.0,63.0,Heart Disease
P03087,Male,57,uneducated,1,30.0,0.0,no,0,0,167.0,127.0,69.0,28.13,83.0,107.0,No Heart Disease
P03088,Male,39,primaryschool,0,0.0,0.0,no,0,0,216.0,122.5,77.0,24.06,60.0,67.0,No Heart Disease
P03089,Female,58,uneducated,0,0.0,1.0,yes,1,0,274.0,159.0,90.0,28.4,72.0,81.0,No Heart Disease
P03090,Male,54,primaryschool,0,0.0,0.0,no,1,0,165.0,151.0,100.0,23.74,92.0,,No Heart Disease
P03091,Female,61,uneducated,0,0.0,0.0,no,1,0,300.0,150.5,89.0,,68.0,72.0,Heart Disease
P03092,Male,53,graduate,1,20.0,0.0,no,1,0,204.0,152.0,74.0,24.8,78.0,89.0,No Heart Disease
P03093,Female,60,primaryschool,0,0.0,0.0,no,1,0,298.0,133.0,89.0,25.09,83.0,81.0,No Heart Disease
P03094,Male,40,postgraduate,0,0.0,0.0,no,1,0,192.0,141.5,108.5,36.01,76.0,78.0,No Heart Disease
P03095,Female,49,uneducated,1,,0.0,no,1,0,214.0,172.0,111.0,40.51,80.0,70.0,Heart Disease
P03096,Female,52,postgraduate,1,20.0,0.0,no,0,0,254.0,114.0,80.0,16.59,75.0,74.0,No Heart Disease
P03097,Male,57,uneducated,1,30.0,0.0,no,1,0,249.0,139.0,83.0,23.81,85.0,76.0,No Heart Disease
P03098,Female,46,uneducated,1,30.0,0.0,no,0,0,303.0,115.0,78.0,22.5,70.0,67.0,No Heart Disease
P03099,Female,42,uneducated,1,43.0,0.0,no,0,0,290.0,136.0,88.0,34.71,110.0,,No Heart Disease
P03100,Female,40,primaryschool,0,0.0,0.0,no,0,0,230.0,127.0,72.0,29.62,85.0,70.0,No Heart Disease
P03101,Female,54,primaryschool,0,0.0,0.0,no,1,0,252.0,146.0,87.0,33.11,90.0,100.0,No Heart Disease
P03102,Female,51,primaryschool,0,0.0,0.0,no,1,0,262.0,150.5,95.0,30.79,75.0,77.0,No Heart Disease
P03103,Male,54,uneducated,1,30.0,0.0,no,1,0,177.0,162.5,99.5,22.97,65.0,93.0,Heart Disease
P03104,Female,51,uneducated,0,0.0,0.0,no,0,0,236.0,115.0,71.0,23.48,80.0,84.0,No Heart Disease
P03105,Female,39,primaryschool,0,0.0,0.0,no,0,0,337.0,120.0,79.5,23.07,68.0,77.0,No Heart Disease
P03106,Female,54,primaryschool,0,0.0,0.0,no,0,0,243.0,147.5,86.5,26.42,64.0,,No Heart Disease
P03107,Female,47,graduate,1,,0.0,no,0,0,321.0,132.0,88.0,28.14,90.0,74.0,No Heart Disease
P03108,Male,63,uneducated,0,0.0,0.0,no,1,0,248.0,130.0,73.5,23.5,98.0,83.0,No Heart Disease
P03109,Male,39,primaryschool,1,,0.0,no,0,0,285.0,121.0,82.0,27.62,85.0,65.0,No Heart Disease
P03110,Female,40,primaryschool,1,3.0,0.0,no,0,0,256.0,124.0,79.0,24.23,80.0,81.0,No Heart Disease
P03111,Male,45,uneducated,1,3.0,0.0,no,0,0,,126.0,85.0,28.24,72.0,,No Heart Disease
P03112,Female,63,primaryschool,0,0.0,0.0,no,0,0,,127.5,80.0,32.78,73.0,,No Heart Disease
P03113,Male,47,postgraduate,1,15.0,0.0,no,1,1,210.0,163.5,97.0,28.24,105.0,183.0,No Heart Disease
P03114,Male,42,,1,5.0,0.0,no,1,0,184.0,149.0,95.0,28.77,80.0,94.0,No Heart Disease
P03115,Male,38,postgraduate,1,30.0,0.0,no,0,0,275.0,117.5,85.0,28.94,72.0,74.0,No Heart Disease
P03116,Male,44,uneducated,0,0.0,0.0,no,0,0,238.0,132.0,86.0,27.22,75.0,85.0,No Heart Disease
P03117,Female,45,uneducated,0,0.0,0.0,no,0,0,195.0,129.5,83.0,25.74,77.0,74.0,No Heart Disease
P03118,Female,53,graduate,1,30.0,0.0,no,1,0,268.0,163.0,97.0,27.88,80.0,65.0,No Heart Disease
P03119,Female,43,postgraduate,1,15.0,0.0,no,0,0,205.0,128.5,96.0,22.34,100.0,,No Heart Disease
P03120,Male,54,graduate,1,6.0,0.0,no,0,0,260.0,116.0,86.0,24.05,85.0,85.0,No Heart Disease
P03121,Female,48,graduate,1,9.0,0.0,no,0,0,248.0,114.5,70.0,27.69,95.0,75.0,No Heart Disease
P03122,Female,38,postgraduate,1,15.0,0.0,no,1,0,267.0,179.5,97.0,20.44,76.0,67.0,No Heart Disease
P03123,Female,54,primaryschool,0,0.0,0.0,no,0,0,240.0,125.0,87.0,28.76,76.0,76.0,Heart Disease
P03124,Female,62,uneducated,0,0.0,0.0,no,0,0,224.0,121.5,77.5,28.66,75.0,,No Heart Disease
P03125,Female,51,graduate,0,0.0,0.0,no,1,0,198.0,142.5,80.0,23.86,76.0,100.0,No Heart Disease
P03126,Male,39,graduate,0,0.0,0.0,no,0,0,221.0,126.0,80.0,23.9,64.0,80.0,No Heart Disease
P03127,Male,46,uneducated,1,20.0,0.0,no,0,0,182.0,120.0,78.0,20.23,75.0,85.0,No Heart Disease
P03128,Female,44,graduate,0,0.0,0.0,no,0,0,213.0,126.0,76.0,19.05,85.0,84.0,No Heart Disease
P03129,Male,48,primaryschool,0,0.0,0.0,no,0,0,274.0,134.0,84.0,31.78,85.0,80.0,No Heart Disease
P03130,Female,42,graduate,0,0.0,0.0,no,0,0,260.0,118.5,74.5,22.19,60.0,75.0,No Heart Disease
P03131,Male,52,uneducated,0,0.0,0.0,no,0,0,222.0,125.0,76.0,25.23,60.0,77.0,No Heart Disease
P03132,Female,62,primaryschool,0,0.0,0.0,no,1,0,326.0,160.0,90.0,33.7,72.0,84.0,No Heart Disease
P03133,Male,54,primaryschool,1,3.0,0.0,no,1,0,279.0,155.0,105.0,26.47,78.0,66.0,No Heart Disease
P03134,Female,64,primaryschool,0,0.0,0.0,no,0,0,280.0,133.0,82.0,28.92,54.0,65.0,No Heart Disease
P03135,Male,65,postgraduate,0,0.0,0.0,no,0,0,272.0,137.0,81.0,25.74,90.0,97.0,No Heart Disease
P03136,Female,49,uneducated,0,0.0,0.0,no,0,0,286.0,144.0,91.0,29.35,65.0,67.0,No Heart Disease
P03137,Female,60,uneducated,1,15.0,0.0,yes,1,0,254.0,177.0,101.0,23.27,92.0,79.0,Heart Disease
P03138,Female,70,primaryschool,0,0.0,1.0,no,1,0,231.0,136.0,84.0,31.78,60.0,95.0,No Heart Disease
P03139,Male,44,uneducated,1,9.0,0.0,no,0,0,273.0,114.0,83.0,27.33,70.0,65.0,No Heart Disease
P03140,Female,40,uneducated,1,43.0,0.0,no,1,0,226.0,138.0,99.0,35.02,95.0,73.0,No Heart Disease
P03141,Female,47,primaryschool,0,0.0,0.0,no,0,1,221.0,140.0,94.0,28.84,80.0,85.0,No Heart Disease
P03142,Female,39,uneducated,0,0.0,0.0,no,0,0,243.0,116.0,79.0,22.44,85.0,82.0,No Heart Disease
P03143,Female,57,uneducated,0,0.0,0.0,no,0,0,257.0,133.0,94.0,17.71,143.0,75.0,No Heart Disease
P03144,Female,58,uneducated,1,15.0,0.0,no,1,0,275.0,140.0,78.0,19.18,78.0,74.0,Heart Disease
P03145,Female,67,primaryschool,0,0.0,1.0,no,1,0,295.0,170.0,89.0,35.35,66.0,63.0,No Heart Disease
P03146,Female,42,primaryschool,1,20.0,0.0,no,0,0,310.0,124.0,72.5,22.32,96.0,74.0,No Heart Disease
P03147,Female,60,primaryschool,1,9.0,0.0,no,1,0,280.0,150.5,90.0,33.45,90.0,,No Heart Disease
P03148,Female,52,primaryschool,0,0.0,0.0,no,0,0,246.0,136.0,84.0,20.15,101.0,86.0,No Heart Disease
P03149,Male,51,,0,0.0,0.0,no,1,0,275.0,159.0,99.0,28.57,60.0,88.0,Heart Disease
P03150,Female,44,primaryschool,1,9.0,0.0,no,1,0,,147.5,96.0,30.57,78.0,,Heart Disease
P03151,Female,50,graduate,0,0.0,0.0,no,1,0,305.0,151.0,106.5,25.38,100.0,75.0,No Heart Disease
P03152,Male,41,primaryschool,1,20.0,0.0,no,1,0,293.0,132.0,86.0,24.62,65.0,75.0,No Heart Disease
P03153,Female,38,primaryschool,1,5.0,0.0,no,0,0,193.0,107.0,73.0,20.73,85.0,72.0,No Heart Disease
P03154,Female,57,uneducated,0,0.0,0.0,no,0,0,219.0,125.0,83.0,23.22,65.0,115.0,No Heart Disease
P03155,Male,35,primaryschool,1,20.0,0.0,no,0,0,200.0,131.0,87.0,23.93,71.0,70.0,No Heart Disease
P03156,Male,42,uneducated,1,30.0,0.0,no,0,0,270.0,122.0,82.0,30.31,72.0,142.0,No Heart Disease
P03157,Male,37,graduate,1,,0.0,no,0,0,188.0,123.5,77.0,26.62,65.0,80.0,No Heart Disease
P03158,Male,45,primaryschool,0,0.0,0.0,no,0,0,201.0,107.5,64.5,23.85,88.0,,No Heart Disease
P03159,Female,58,primaryschool,0,0.0,0.0,no,1,0,200.0,161.0,96.0,25.02,80.0,,No Heart Disease
P03160,Male,35,primaryschool,1,20.0,0.0,no,0,0,234.0,122.5,76.5,25.16,75.0,85.0,No Heart Disease
P03161,Male,51,,1,9.0,0.0,no,1,0,696.0,157.0,87.0,24.44,95.0,84.0,No Heart Disease
P03162,Female,62,uneducated,0,0.0,0.0,no,1,0,240.0,154.0,92.0,29.49,55.0,67.0,No Heart Disease
P03163,Male,42,uneducated,1,20.0,0.0,no,0,0,234.0,103.0,71.0,21.88,68.0,82.0,Heart Disease
P03164,Female,44,primaryschool,1,8.0,0.0,no,0,0,179.0,122.0,70.0,24.37,72.0,,No Heart Disease
P03165,Male,39,primaryschool,1,30.0,0.0,no,1,0,292.0,153.0,100.0,28.09,110.0,69.0,Heart Disease
P03166,Male,44,graduate,1,30.0,0.0,no,0,0,363.0,140.0,87.0,26.44,95.0,79.0,No Heart Disease
P03167,Female,59,graduate,0,0.0,0.0,no,0,0,226.0,108.0,72.0,24.87,55.0,86.0,No Heart Disease
P03168,Male,60,uneducated,1,10.0,0.0,no,1,0,217.0,167.0,109.0,24.86,95.0,72.0,Heart Disease
P03169,Female,53,uneducated,0,0.0,0.0,no,0,0,265.0,132.0,80.0,26.25,67.0,76.0,Heart Disease
P03170,Female,40,graduate,1,9.0,0.0,no,0,0,189.0,115.0,81.0,22.73,80.0,103.0,No Heart Disease
P03171,Male,53,graduate,0,0.0,0.0,no,0,0,253.0,115.0,81.0,28.09,70.0,84.0,No Heart Disease
P03172,Male,41,primaryschool,1,20.0,0.0,no,0,0,201.0,122.0,76.5,23.81,70.0,73.0,No Heart Disease
P03173,Female,60,uneducated,0,0.0,0.0,no,1,0,279.0,140.5,89.0,22.43,80.0,69.0,No Heart Disease
P03174,Female,36,primaryschool,0,0.0,0.0,no,0,0,209.0,107.0,73.5,21.59,75.0,73.0,No Heart Disease
P03175,Female,45,primaryschool,1,20.0,0.0,no,0,0,311.0,117.5,76.0,26.27,68.0,67.0,Heart Disease
P03176,Female,50,postgraduate,1,9.0,0.0,no,0,0,256.0,136.5,81.0,23.07,75.0,78.0,No Heart Disease
P03177,Male,43,primaryschool,1,20.0,0.0,no,0,0,195.0,113.0,81.0,34.32,70.0,87.0,No Heart Disease
P03178,Male,45,primaryschool,1,,0.0,no,0,0,248.0,121.0,72.0,27.88,64.0,88.0,No Heart Disease
P03179,Female,49,graduate,0,0.0,0.0,no,0,0,278.0,131.0,93.0,31.4,80.0,66.0,No Heart Disease
P03180,Male,42,primaryschool,1,20.0,0.0,no,0,0,223.0,119.5,87.0,23.56,70.0,73.0,No Heart Disease
P03181,Female,55,uneducated,0,0.0,0.0,no,0,0,331.0,128.0,84.0,21.18,70.0,76.0,No Heart Disease
P03182,Male,45,postgraduate,1,20.0,0.0,no,1,0,271.0,164.0,98.0,26.05,94.0,81.0,Heart Disease
P03183,Female,53,uneducated,0,0.0,0.0,no,1,0,267.0,152.0,89.0,28.49,94.0,103.0,No Heart Disease
P03184,Female,39,primaryschool,1,5.0,0.0,no,0,0,188.0,113.0,81.0,26.44,85.0,87.0,No Heart Disease
P03185,Female,38,primaryschool,1,10.0,0.0,no,0,0,226.0,117.5,72.0,20.71,72.0,73.0,No Heart Disease
P03186,Male,42,graduate,0,0.0,0.0,no,1,0,252.0,151.5,95.0,25.74,78.0,73.0,No Heart Disease
P03187,Female,48,uneducated,1,5.0,0.0,no,0,0,235.0,120.0,81.0,23.36,86.0,80.0,No Heart Disease
P03188,Male,62,uneducated,0,0.0,0.0,no,0,0,164.0,126.0,79.0,27.89,66.0,69.0,No Heart Disease
P03189,Male,63,uneducated,0,0.0,0.0,no,1,0,190.0,148.0,90.0,27.13,72.0,86.0,No Heart Disease
P03190,Female,49,primaryschool,0,0.0,0.0,no,0,0,165.0,120.0,66.5,21.45,71.0,74.0,No Heart Disease
P03191,Female,46,postgraduate,1,10.0,0.0,no,0,0,229.0,97.5,72.0,18.99,80.0,,Heart Disease
P03192,Male,55,uneducated,1,30.0,0.0,no,0,0,175.0,150.0,88.0,22.72,56.0,,Heart Disease
P03193,Female,43,postgraduate,1,9.0,0.0,no,0,0,207.0,95.5,70.0,19.78,93.0,79.0,No Heart Disease
P03194,Female,45,primaryschool,0,0.0,0.0,no,0,0,155.0,116.0,81.5,25.56,72.0,82.0,No Heart Disease
P03195,Female,38,uneducated,1,9.0,0.0,no,0,0,220.0,105.0,69.0,24.69,110.0,87.0,No Heart Disease
P03196,Male,46,uneducated,1,30.0,0.0,no,1,0,187.0,140.0,94.0,24.3,100.0,67.0,Heart Disease
P03197,Male,48,postgraduate,0,0.0,0.0,no,0,0,195.0,124.0,80.0,23.96,52.0,73.0,No Heart Disease
P03198,Male,45,uneducated,1,20.0,0.0,no,0,0,218.0,130.0,87.0,24.1,72.0,64.0,No Heart Disease
P03199,Female,59,uneducated,0,0.0,0.0,no,0,0,225.0,132.0,80.0,28.41,58.0,88.0,No Heart Disease
P03200,Male,43,graduate,0,0.0,0.0,no,0,0,237.0,104.0,74.0,23.02,60.0,77.0,No Heart Disease
P03201,Female,45,primaryschool,1,20.0,0.0,no,1,0,297.0,142.0,91.0,35.02,87.0,86.0,No Heart Disease
P03202,Female,49,uneducated,1,20.0,0.0,no,0,0,277.0,120.0,80.0,19.72,60.0,75.0,No Heart Disease
P03203,Male,38,graduate,1,23.0,0.0,no,1,0,165.0,128.0,80.0,25.62,90.0,85.0,No Heart Disease
P03204,Female,47,uneducated,1,9.0,0.0,no,1,1,214.0,144.0,92.0,22.73,72.0,57.0,No Heart Disease
P03205,Male,45,uneducated,0,0.0,0.0,no,0,0,275.0,105.0,86.0,32.92,75.0,92.0,No Heart Disease
P03206,Female,49,uneducated,0,0.0,0.0,no,0,0,224.0,140.0,88.0,23.79,80.0,86.0,No Heart Disease
P03207,Male,37,postgraduate,0,0.0,0.0,no,0,0,253.0,122.0,81.0,27.98,75.0,93.0,No Heart Disease
P03208,Male,52,graduate,1,20.0,0.0,no,0,0,205.0,136.5,92.5,31.05,70.0,,Heart Disease
P03209,Female,37,uneducated,0,0.0,0.0,no,0,0,184.0,137.5,88.5,16.48,100.0,68.0,No Heart Disease
P03210,Male,45,uneducated,1,6.0,0.0,no,0,0,216.0,127.5,82.5,27.15,70.0,67.0,No Heart Disease
P03211,Male,57,uneducated,0,0.0,0.0,no,0,0,206.0,124.0,80.0,23.04,66.0,60.0,No Heart Disease
P03212,Female,46,uneducated,0,0.0,0.0,no,1,0,313.0,170.0,107.0,27.78,95.0,62.0,No Heart Disease
P03213,Male,48,primaryschool,1,30.0,0.0,no,0,0,208.0,138.5,85.5,23.85,82.0,64.0,No Heart Disease
P03214,Male,46,uneducated,1,40.0,0.0,no,0,0,210.0,154.0,91.0,26.25,88.0,82.0,No Heart Disease
P03215,Female,57,uneducated,0,0.0,0.0,no,0,0,194.0,199.5,107.0,26.84,60.0,69.0,Heart Disease
P03216,Female,55,uneducated,0,0.0,0.0,no,1,0,226.0,141.0,84.0,27.6,69.0,73.0,No Heart Disease
P03217,Female,39,uneducated,0,0.0,0.0,no,1,0,219.0,161.0,103.0,29.06,94.0,106.0,No Heart Disease
P03218,Female,40,primaryschool,0,0.0,0.0,no,0,0,196.0,126.0,85.0,22.81,73.0,96.0,No Heart Disease
P03219,Female,42,uneducated,1,20.0,0.0,no,0,0,225.0,111.0,71.0,23.43,95.0,85.0,No Heart Disease
P03220,Female,61,,0,0.0,0.0,no,0,0,260.0,137.0,70.0,24.83,92.0,78.0,No Heart Disease
P03221,Female,65,primaryschool,0,0.0,1.0,no,1,0,279.0,152.0,102.0,30.43,95.0,78.0,Heart Disease
P03222,Female,36,uneducated,1,5.0,0.0,no,0,0,195.0,109.0,69.0,23.24,70.0,70.0,No Heart Disease
P03223,Female,44,uneducated,0,0.0,0.0,no,0,0,200.0,128.0,82.0,23.24,80.0,73.0,No Heart Disease
P03224,Female,50,primaryschool,1,20.0,0.0,no,0,0,258.0,123.0,70.0,19.72,80.0,71.0,No Heart Disease
P03225,Female,43,uneducated,0,0.0,0.0,no,0,0,202.0,124.0,92.0,21.26,75.0,74.0,No Heart Disease
P03226,Female,50,uneducated,0,0.0,0.0,no,1,0,236.0,152.0,92.0,24.47,120.0,67.0,Heart Disease
P03227,Female,41,uneducated,1,20.0,,no,0,0,203.0,120.0,70.0,21.26,80.0,63.0,No Heart Disease
P03228,Female,43,primaryschool,1,15.0,0.0,no,0,0,300.0,120.0,78.0,28.18,75.0,106.0,Heart Disease
P03229,Female,41,uneducated,1,25.0,0.0,no,0,0,172.0,108.0,73.0,22.5,85.0,73.0,No Heart Disease
P03230,Female,55,uneducated,0,0.0,0.0,no,0,0,290.0,132.0,81.0,27.86,85.0,92.0,No Heart Disease
P03231,Male,58,primaryschool,1,3.0,0.0,no,0,0,187.0,136.5,84.0,25.08,63.0,68.0,No Heart Disease
P03232,Female,46,graduate,1,6.0,0.0,no,1,0,315.0,165.0,85.0,32.89,110.0,91.0,No Heart Disease
P03233,Female,45,postgraduate,0,0.0,0.0,no,0,0,201.0,128.5,73.0,24.56,85.0,82.0,No Heart Disease
P03234,Female,66,uneducated,0,0.0,0.0,no,1,0,263.0,193.0,95.0,27.07,115.0,94.0,Heart Disease
P03235,Female,47,,1,20.0,0.0,no,0,0,304.0,110.0,72.0,20.88,85.0,75.0,Heart Disease
P03236,Female,51,graduate,0,0.0,0.0,no,0,0,204.0,119.0,80.0,24.03,85.0,87.0,No Heart Disease
P03237,Female,46,postgraduate,0,0.0,0.0,no,0,0,255.0,117.0,77.0,26.35,90.0,76.0,No Heart Disease
P03238,Female,43,uneducated,1,20.0,0.0,no,0,0,200.0,115.0,80.0,26.66,60.0,81.0,No Heart Disease
P03239,Male,42,uneducated,0,0.0,0.0,no,1,0,327.0,134.0,93.0,25.14,70.0,72.0,Heart Disease
P03240,Female,64,uneducated,1,20.0,0.0,no,0,0,272.0,131.0,85.0,21.82,70.0,80.0,No Heart Disease
P03241,Male,39,primaryschool,1,20.0,0.0,no,0,0,230.0,134.0,92.0,28.44,75.0,56.0,No Heart Disease
P03242,Female,45,primaryschool,1,1.0,0.0,no,1,0,285.0,132.5,97.5,24.74,98.0,77.0,No Heart Disease
P03243,Male,52,graduate,1,35.0,0.0,no,1,1,281.0,133.0,93.0,32.27,115.0,80.0,No Heart Disease
P03244,Male,50,primaryschool,0,0.0,0.0,no,0,0,258.0,129.0,84.0,24.56,80.0,75.0,No Heart Disease
P03245,Male,60,uneducated,0,0.0,0.0,no,0,0,235.0,146.0,92.0,26.85,80.0,108.0,No Heart Disease
P03246,Male,62,uneducated,0,0.0,0.0,no,0,0,265.0,135.0,80.0,27.94,50.0,80.0,No Heart Disease
P03247,Male,51,postgraduate,0,0.0,0.0,no,0,0,230.0,115.5,85.0,30.75,48.0,85.0,No Heart Disease
P03248,Male,51,uneducated,1,40.0,0.0,no,0,0,212.0,122.5,73.0,22.34,75.0,74.0,No Heart Disease
P03249,Female,40,uneducated,1,20.0,0.0,no,0,0,272.0,123.0,75.0,23.08,80.0,63.0,No Heart Disease
P03250,Female,39,uneducated,0,0.0,0.0,no,0,0,275.0,131.0,80.0,25.79,94.0,84.0,No Heart Disease
P03251,Male,47,graduate,1,20.0,0.0,no,0,0,281.0,119.0,81.0,23.72,80.0,65.0,No Heart Disease
P03252,Female,48,graduate,1,20.0,0.0,no,0,0,259.0,129.0,81.0,21.08,75.0,65.0,No Heart Disease
P03253,Male,40,postgraduate,1,30.0,0.0,no,0,0,205.0,131.0,81.0,23.74,66.0,87.0,No Heart Disease
P03254,Female,43,graduate,1,20.0,0.0,no,0,0,202.0,114.0,78.0,26.61,82.0,87.0,No Heart Disease
P03255,Male,51,postgraduate,1,30.0,0.0,no,0,0,342.0,110.0,70.0,28.86,72.0,87.0,Heart Disease
P03256,Male,59,graduate,1,30.0,0.0,no,1,0,239.0,168.0,100.0,27.87,65.0,96.0,Heart Disease
P03257,Female,44,postgraduate,0,0.0,0.0,no,1,1,254.0,145.0,85.0,21.27,75.0,137.0,No Heart Disease
P03258,Female,64,postgraduate,1,6.0,0.0,no,1,0,239.0,143.0,84.0,20.06,55.0,73.0,No Heart Disease
P03259,Male,50,,0,0.0,0.0,no,0,0,268.0,108.0,69.0,25.14,65.0,67.0,No Heart Disease
P03260,Female,37,postgraduate,0,0.0,0.0,no,0,0,165.0,108.0,75.0,21.84,75.0,83.0,No Heart Disease
P03261,Male,54,postgraduate,0,0.0,0.0,no,0,0,265.0,121.0,82.0,23.52,60.0,67.0,No Heart Disease
P03262,Male,60,graduate,1,10.0,0.0,no,0,0,227.0,122.0,80.0,25.64,58.0,80.0,No Heart Disease
P03263,Female,69,graduate,0,0.0,0.0,no,0,0,286.0,117.0,73.0,20.92,85.0,103.0,No Heart Disease
P03264,Male,36,primaryschool,1,20.0,0.0,no,0,0,226.0,124.5,84.5,21.63,68.0,74.0,No Heart Disease
P03265,Female,51,uneducated,1,2.0,0.0,no,0,0,261.0,127.0,81.0,20.24,75.0,96.0,No Heart Disease
P03266,Female,40,primaryschool,1,43.0,0.0,no,0,0,224.0,106.0,72.0,23.59,82.0,71.0,No Heart Disease
P03267,Male,58,primaryschool,0,0.0,0.0,no,0,0,225.0,105.5,74.0,25.68,50.0,93.0,No Heart Disease
P03268,Male,44,uneducated,1,20.0,0.0,no,1,0,316.0,135.0,95.0,25.48,75.0,68.0,No Heart Disease
P03269,Male,44,graduate,0,0.0,0.0,no,0,0,216.0,113.5,77.0,28.23,64.0,77.0,No Heart Disease
P03270,Male,42,uneducated,1,5.0,0.0,no,0,0,197.0,102.0,70.5,24.68,83.0,45.0,No Heart Disease
P03271,Female,48,uneducated,1,30.0,0.0,no,0,0,305.0,118.5,73.0,20.99,70.0,84.0,No Heart Disease
P03272,Male,46,uneducated,0,0.0,0.0,no,1,0,185.0,121.0,85.0,31.31,80.0,97.0,No Heart Disease
P03273,Female,44,primaryschool,0,0.0,0.0,no,0,0,194.0,117.0,78.0,24.94,65.0,79.0,No Heart Disease
P03274,Female,47,graduate,1,20.0,0.0,no,0,0,167.0,115.0,70.0,22.71,75.0,100.0,No Heart Disease
P03275,Male,46,uneducated,1,43.0,0.0,no,0,0,270.0,116.5,87.0,28.53,75.0,71.0,No Heart Disease
P03276,Female,41,primaryschool,1,2.0,0.0,no,0,0,159.0,99.0,62.0,19.09,80.0,67.0,No Heart Disease
P03277,Male,61,uneducated,1,20.0,0.0,no,0,0,260.0,115.0,79.0,23.65,56.0,78.0,No Heart Disease
P03278,Female,42,primaryschool,0,0.0,0.0,no,0,0,218.0,122.0,75.0,18.11,100.0,85.0,No Heart Disease
P03279,Male,69,uneducated,1,4.0,0.0,no,1,0,232.0,151.0,74.0,24.14,75.0,62.0,No Heart Disease
P03280,Female,53,uneducated,0,0.0,0.0,no,0,0,307.0,142.0,94.0,25.7,85.0,60.0,No Heart Disease
P03281,Female,66,graduate,1,20.0,0.0,no,0,0,241.0,112.0,66.0,23.36,75.0,74.0,No Heart Disease
P03282,Male,45,primaryschool,1,20.0,0.0,no,0,0,229.0,117.0,78.0,22.79,85.0,86.0,No Heart Disease
P03283,Male,38,primaryschool,1,20.0,0.0,no,0,0,200.0,123.0,85.0,25.63,90.0,84.0,No Heart Disease
P03284,Male,58,graduate,1,30.0,0.0,no,0,0,200.0,112.0,74.5,23.37,75.0,62.0,No Heart Disease
P03285,Female,39,primaryschool,1,10.0,0.0,no,0,0,194.0,112.5,77.5,21.51,67.0,84.0,No Heart Disease
P03286,Female,47,primaryschool,1,20.0,0.0,no,0,0,,121.0,70.0,23.09,80.0,83.0,No Heart Disease
P03287,Female,56,uneducated,0,0.0,0.0,no,1,0,290.0,164.5,102.0,30.33,70.0,105.0,No Heart Disease
P03288,Female,44,primaryschool,1,5.0,0.0,no,0,0,175.0,130.0,80.0,19.18,75.0,117.0,No Heart Disease
P03289,Female,59,primaryschool,0,0.0,0.0,no,0,0,239.0,127.0,88.5,27.2,90.0,78.0,No Heart Disease
P03290,Female,63,uneducated,0,0.0,0.0,no,1,0,242.0,142.5,85.0,28.25,75.0,73.0,No Heart Disease
P03291,Female,65,,0,0.0,0.0,no,0,0,221.0,155.0,92.0,31.34,58.0,,No Heart Disease
P03292,Male,43,graduate,0,0.0,0.0,no,0,0,199.0,124.5,84.5,24.45,74.0,,No Heart Disease
P03293,Female,41,graduate,1,15.0,0.0,no,0,0,205.0,120.0,80.0,20.67,86.0,64.0,No Heart Disease
P03294,Male,55,primaryschool,1,20.0,0.0,no,0,0,283.0,137.0,82.0,28.49,75.0,85.0,No Heart Disease
P03295,Female,46,uneducated,0,0.0,0.0,no,0,0,193.0,124.5,72.0,26.84,75.0,80.0,No Heart Disease
P03296,Female,46,uneducated,1,20.0,0.0,no,0,0,250.0,112.5,60.0,22.72,82.0,74.0,No Heart Disease
P03297,Male,39,primaryschool,1,1.0,0.0,no,1,0,250.0,148.0,94.0,30.08,85.0,,No Heart Disease
P03298,Female,48,uneducated,0,0.0,0.0,no,0,0,215.0,128.0,86.5,22.72,89.0,85.0,No Heart Disease
P03299,Female,46,graduate,1,20.0,0.0,no,0,0,267.0,119.0,65.0,29.15,83.0,75.0,Heart Disease
P03300,Female,48,uneducated,1,4.0,0.0,no,0,0,253.0,120.0,77.5,24.53,70.0,98.0,No Heart Disease
P03301,Male,57,uneducated,0,0.0,0.0,no,0,1,213.0,136.5,87.0,25.51,58.0,119.0,No Heart Disease
P03302,Female,40,primaryschool,1,20.0,0.0,no,0,0,165.0,101.0,59.0,23.06,60.0,76.0,No Heart Disease
P03303,Male,61,uneducated,1,20.0,0.0,no,0,0,262.0,129.0,85.0,21.77,80.0,74.0,No Heart Disease
P03304,Male,47,uneducated,0,0.0,0.0,no,0,0,259.0,139.0,79.0,29.34,70.0,71.0,Heart Disease
P03305,Female,47,primaryschool,1,11.0,0.0,no,0,0,229.0,127.0,76.5,23.48,65.0,64.0,No Heart Disease
P03306,Female,42,uneducated,1,9.0,0.0,no,0,0,200.0,119.0,75.0,22.91,57.0,69.0,No Heart Disease
P03307,Male,56,graduate,0,0.0,0.0,no,0,0,193.0,114.0,80.0,28.41,60.0,88.0,No Heart Disease
P03308,Female,41,uneducated,0,0.0,0.0,no,0,0,225.0,110.0,60.0,25.54,75.0,58.0,No Heart Disease
P03309,Male,40,uneducated,1,43.0,0.0,no,0,0,216.0,138.0,91.0,22.67,72.0,,Heart Disease
P03310,Male,58,primaryschool,1,,0.0,no,0,0,235.0,127.5,76.0,21.02,81.0,135.0,No Heart Disease
P03311,Male,48,,1,40.0,0.0,no,0,0,247.0,133.0,77.5,33.99,81.0,95.0,Heart Disease
P03312,Male,65,uneducated,1,20.0,0.0,no,0,0,177.0,119.0,82.5,21.18,60.0,88.0,No Heart Disease
P03313,Female,61,uneducated,1,9.0,0.0,no,0,0,259.0,134.5,87.0,22.91,70.0,91.0,No Heart Disease
P03314,Female,52,graduate,1,9.0,,no,0,0,275.0,102.0,70.5,20.4,65.0,,No Heart Disease
P03315,Female,47,uneducated,0,0.0,0.0,yes,0,0,220.0,124.0,75.5,24.71,65.0,68.0,No Heart Disease
P03316,Female,41,primaryschool,1,16.0,0.0,no,1,0,243.0,159.0,100.0,27.78,78.0,71.0,No Heart Disease
P03317,Female,47,uneducated,0,0.0,0.0,no,0,0,346.0,118.5,81.0,34.56,70.0,,No Heart Disease
P03318,Male,60,uneducated,1,9.0,0.0,no,0,0,235.0,108.5,73.5,21.76,65.0,102.0,No Heart Disease
P03319,Female,37,graduate,1,20.0,0.0,no,0,0,254.0,119.0,62.5,28.78,70.0,69.0,No Heart Disease
P03320,Male,36,primaryschool,1,25.0,0.0,no,0,0,215.0,110.0,67.0,23.1,63.0,84.0,No Heart Disease
P03321,Female,52,postgraduate,0,0.0,1.0,no,1,0,264.0,181.0,112.5,24.8,74.0,77.0,Heart Disease
P03322,Female,58,primaryschool,0,0.0,0.0,no,1,1,265.0,143.5,85.0,21.68,91.0,107.0,No Heart Disease
P03323,Male,57,uneducated,1,3.0,0.0,no,1,0,225.0,177.5,120.0,25.48,72.0,96.0,Heart Disease
P03324,Female,45,graduate,1,20.0,0.0,no,0,0,198.0,119.0,80.0,22.18,78.0,79.0,No Heart Disease
P03325,Female,58,primaryschool,1,10.0,0.0,no,0,0,226.0,125.0,75.0,24.0,75.0,73.0,No Heart Disease
P03326,Male,62,uneducated,1,5.0,0.0,no,1,0,243.0,157.0,96.0,28.83,75.0,71.0,No Heart Disease
P03327,Female,61,graduate,0,0.0,0.0,no,0,0,235.0,102.0,74.5,19.22,67.0,83.0,No Heart Disease
P03328,Male,44,postgraduate,1,25.0,0.0,no,0,1,241.0,111.0,78.0,27.78,85.0,167.0,Heart Disease
P03329,Male,48,graduate,0,0.0,0.0,no,0,0,175.0,131.0,52.0,24.95,75.0,77.0,No Heart Disease
P03330,Male,65,uneducated,1,3.0,0.0,no,0,0,194.0,122.0,68.0,26.08,60.0,73.0,No Heart Disease
P03331,Male,52,uneducated,1,15.0,0.0,no,0,0,212.0,138.0,86.5,24.88,60.0,,No Heart Disease
P03332,Female,39,uneducated,0,0.0,0.0,no,0,0,186.0,124.0,80.0,29.7,75.0,102.0,No Heart Disease
P03333,Female,46,graduate,0,0.0,0.0,no,0,0,193.0,106.5,70.5,26.18,75.0,,No Heart Disease
P03334,Female,40,uneducated,1,3.0,0.0,no,0,0,173.0,125.0,75.0,25.67,65.0,102.0,No Heart Disease
P03335,Male,63,uneducated,1,20.0,0.0,no,1,0,228.0,141.0,82.0,25.84,82.0,81.0,Heart Disease
P03336,Female,39,primaryschool,0,0.0,0.0,no,1,0,200.0,141.0,87.0,24.04,75.0,70.0,No Heart Disease
P03337,Female,50,primaryschool,0,0.0,0.0,no,0,0,240.0,107.5,70.0,26.76,67.0,102.0,No Heart Disease
P03338,Male,46,uneducated,1,20.0,0.0,no,1,0,253.0,159.0,100.0,27.31,64.0,70.0,No Heart Disease
P03339,Female,47,primaryschool,1,30.0,0.0,no,0,0,198.0,143.0,87.0,20.86,85.0,79.0,Heart Disease
P03340,Female,61,primaryschool,0,0.0,1.0,no,1,0,209.0,133.0,93.0,,80.0,,Heart Disease
P03341,Female,64,uneducated,0,0.0,1.0,no,1,0,285.0,160.0,87.0,29.97,65.0,87.0,No Heart Disease
P03342,Female,59,primaryschool,1,20.0,0.0,no,1,0,254.0,154.5,93.0,21.82,85.0,89.0,No Heart Disease
P03343,Female,63,graduate,0,0.0,0.0,no,0,0,297.0,133.5,92.0,25.09,80.0,74.0,No Heart Disease
P03344,Female,51,primaryschool,1,20.0,0.0,no,0,0,326.0,112.0,83.0,20.82,104.0,70.0,Heart Disease
P03345,Male,47,uneducated,1,30.0,0.0,no,1,0,190.0,147.5,92.5,31.31,77.0,82.0,No Heart Disease
P03346,Male,38,primaryschool,1,15.0,0.0,no,0,0,150.0,123.0,76.0,20.39,60.0,82.0,No Heart Disease
P03347,Female,45,uneducated,0,0.0,0.0,no,0,0,288.0,135.0,88.0,25.23,85.0,79.0,No Heart Disease
P03348,Male,61,uneducated,0,0.0,0.0,no,0,0,195.0,113.0,77.0,25.51,80.0,96.0,No Heart Disease
P03349,Male,51,primaryschool,1,5.0,0.0,no,1,0,290.0,168.0,103.0,29.11,80.0,64.0,Heart Disease
P03350,Male,45,postgraduate,1,20.0,0.0,no,0,0,257.0,117.5,82.5,24.62,58.0,86.0,No Heart Disease
P03351,Female,54,uneducated,0,0.0,0.0,no,0,0,197.0,138.0,80.0,31.82,72.0,73.0,No Heart Disease
P03352,Female,64,primaryschool,1,15.0,0.0,no,1,0,259.0,195.0,110.0,20.09,75.0,63.0,Heart Disease
P03353,Female,49,postgraduate,0,0.0,0.0,no,0,0,232.0,125.0,83.0,22.17,70.0,77.0,No Heart Disease
P03354,Female,59,graduate,0,0.0,1.0,no,1,0,223.0,159.0,102.0,28.3,62.0,83.0,No Heart Disease
P03355,Male,48,uneducated,1,15.0,0.0,no,0,0,240.0,126.0,84.0,25.82,73.0,60.0,No Heart Disease
P03356,Male,48,uneducated,0,0.0,0.0,no,1,0,306.0,140.0,94.0,23.95,65.0,70.0,No Heart Disease
P03357,Male,63,graduate,1,20.0,0.0,no,0,0,291.0,134.5,80.0,22.49,77.0,70.0,No Heart Disease
P03358,Male,55,postgraduate,0,0.0,0.0,no,0,0,275.0,115.0,78.0,28.52,73.0,79.0,Heart Disease
P03359,Female,42,uneducated,1,9.0,0.0,no,0,0,231.0,110.0,80.0,19.12,78.0,70.0,No Heart Disease
P03360,Male,59,uneducated,0,0.0,0.0,no,0,0,274.0,144.5,91.5,26.08,67.0,63.0,No Heart Disease
P03361,Female,64,primaryschool,0,0.0,0.0,no,1,0,272.0,149.5,86.0,26.91,85.0,62.0,No Heart Disease
P03362,Female,51,primaryschool,0,0.0,0.0,no,1,0,261.0,142.0,90.0,28.58,95.0,84.0,No Heart Disease
P03363,Male,54,graduate,1,40.0,0.0,no,0,0,250.0,114.0,82.0,24.39,65.0,62.0,No Heart Disease
P03364,Female,66,uneducated,0,0.0,0.0,no,1,0,312.0,150.0,74.0,25.59,72.0,90.0,Heart Disease
P03365,Male,52,uneducated,1,15.0,0.0,no,1,0,253.0,159.0,89.0,23.68,100.0,,Heart Disease
P03366,Male,36,uneducated,0,0.0,0.0,no,0,0,233.0,128.0,86.5,35.31,83.0,76.0,No Heart Disease
P03367,Female,54,primaryschool,0,0.0,0.0,no,1,0,320.0,165.0,84.0,38.31,80.0,99.0,No Heart Disease
P03368,Female,47,graduate,0,0.0,0.0,no,0,0,231.0,102.5,66.0,23.4,70.0,78.0,No Heart Disease
P03369,Female,41,uneducated,0,0.0,0.0,no,0,0,181.0,112.0,75.5,25.14,72.0,95.0,No Heart Disease
P03370,Male,62,postgraduate,1,40.0,0.0,no,0,0,260.0,127.5,75.0,25.35,65.0,103.0,Heart Disease
P03371,Female,65,uneducated,0,0.0,0.0,no,0,0,274.0,143.5,93.0,26.82,79.0,63.0,No Heart Disease
P03372,Female,50,uneducated,0,0.0,0.0,no,1,0,234.0,143.0,90.0,29.36,70.0,86.0,Heart Disease
P03373,Male,55,graduate,1,15.0,0.0,no,0,0,215.0,121.5,81.5,28.45,71.0,98.0,No Heart Disease
P03374,Male,51,postgraduate,0,0.0,,no,0,0,154.0,98.0,66.0,22.86,63.0,82.0,No Heart Disease
P03375,Male,37,postgraduate,1,30.0,0.0,no,0,0,210.0,120.0,72.0,23.8,75.0,97.0,No Heart Disease
P03376,Female,68,primaryschool,0,0.0,,no,0,0,257.0,144.0,95.0,29.25,80.0,77.0,No Heart Disease
P03377,Male,60,uneducated,1,20.0,0.0,no,1,0,253.0,141.0,92.0,24.1,75.0,76.0,No Heart Disease
P03378,Female,47,uneducated,0,0.0,0.0,no,0,0,205.0,133.0,93.0,27.82,68.0,60.0,No Heart Disease
P03379,Male,38,uneducated,0,0.0,0.0,no,0,0,184.0,102.0,73.0,25.69,86.0,78.0,No Heart Disease
P03380,Female,47,graduate,1,20.0,0.0,no,0,0,221.0,116.5,81.0,25.85,65.0,75.0,No Heart Disease
P03381,Female,48,uneducated,1,5.0,0.0,no,0,0,262.0,141.0,88.0,25.21,80.0,,No Heart Disease
P03382,Male,51,primaryschool,0,0.0,0.0,no,1,0,227.0,158.0,105.0,27.22,60.0,96.0,Heart Disease
P03383,Female,61,uneducated,0,0.0,0.0,no,1,0,254.0,168.0,92.0,31.63,80.0,90.0,No Heart Disease
P03384,Male,56,uneducated,1,43.0,0.0,no,1,0,240.0,128.5,87.5,31.5,80.0,,No Heart Disease
P03385,Male,41,primaryschool,0,0.0,0.0,no,0,0,245.0,139.0,84.0,28.76,95.0,68.0,No Heart Disease
P03386,Male,47,uneducated,1,15.0,0.0,no,0,0,206.0,125.0,72.0,21.14,80.0,74.0,No Heart Disease
P03387,Female,50,primaryschool,1,25.0,0.0,no,0,0,330.0,119.0,86.0,26.3,86.0,,No Heart Disease
P03388,Male,37,primaryschool,1,30.0,0.0,no,0,0,249.0,112.0,70.0,22.79,56.0,76.0,No Heart Disease
P03389,Male,59,uneducated,1,20.0,0.0,no,0,0,163.0,138.0,80.0,31.08,70.0,70.0,No Heart Disease
P03390,Male,50,uneducated,1,20.0,0.0,no,0,0,265.0,110.0,65.0,24.45,69.0,70.0,No Heart Disease
P03391,Female,44,uneducated,0,0.0,0.0,no,0,0,178.0,113.0,78.0,31.93,64.0,74.0,No Heart Disease
P03392,Female,61,uneducated,0,0.0,0.0,no,1,0,217.0,182.0,86.0,26.98,105.0,113.0,No Heart Disease
P03393,Female,43,graduate,1,5.0,0.0,no,0,0,214.0,121.0,84.0,24.68,80.0,74.0,No Heart Disease
P03394,Male,62,uneducated,0,0.0,0.0,no,0,0,157.0,130.0,87.0,28.73,72.0,47.0,No Heart Disease
P03395,Female,57,postgraduate,1,9.0,0.0,no,0,0,382.0,140.0,94.0,21.2,98.0,70.0,No Heart Disease
P03396,Male,39,uneducated,1,20.0,0.0,no,0,0,228.0,122.5,87.0,31.6,100.0,73.0,No Heart Disease
P03397,Male,46,primaryschool,1,20.0,0.0,no,0,0,179.0,111.0,80.0,20.87,72.0,76.0,No Heart Disease
P03398,Male,49,uneducated,1,20.0,0.0,no,1,0,270.0,160.5,106.5,30.33,75.0,65.0,No Heart Disease
P03399,Female,44,primaryschool,1,3.0,0.0,no,0,0,239.0,103.0,67.0,26.58,66.0,73.0,No Heart Disease
P03400,Female,62,postgraduate,0,0.0,0.0,no,0,0,288.0,118.5,71.0,26.18,68.0,87.0,No Heart Disease
P03401,Male,55,uneducated,1,20.0,0.0,no,1,0,281.0,165.0,108.0,24.14,75.0,66.0,No Heart Disease
P03402,Male,58,postgraduate,1,9.0,0.0,no,0,0,229.0,140.0,89.5,25.96,80.0,83.0,No Heart Disease
P03403,Male,53,uneducated,1,11.0,1.0,no,1,0,228.0,132.5,55.0,19.97,90.0,83.0,Heart Disease
P03404,Male,46,primaryschool,1,30.0,0.0,no,0,0,250.0,123.0,76.0,21.66,55.0,78.0,No Heart Disease
P03405,Female,62,uneducated,0,0.0,0.0,no,1,0,258.0,162.0,97.5,30.53,76.0,87.0,No Heart Disease
P03406,Male,52,postgraduate,0,0.0,0.0,no,0,0,225.0,132.0,88.0,23.35,72.0,69.0,No Heart Disease
P03407,Male,41,primaryschool,1,20.0,0.0,no,0,0,212.0,112.0,63.5,25.2,80.0,76.0,Heart Disease
P03408,Male,44,uneducated,1,40.0,0.0,no,0,0,158.0,150.5,87.0,21.44,75.0,98.0,Heart Disease
P03409,Female,59,uneducated,0,0.0,0.0,no,0,0,280.0,135.5,72.5,22.38,96.0,,No Heart Disease
P03410,Female,58,uneducated,0,0.0,0.0,no,1,0,241.0,153.0,106.0,26.94,98.0,84.0,No Heart Disease
P03411,Female,51,postgraduate,1,10.0,0.0,no,0,0,240.0,112.0,83.0,24.1,75.0,77.0,No Heart Disease
P03412,Male,63,uneducated,1,9.0,0.0,no,0,0,188.0,113.0,82.0,29.01,74.0,93.0,No Heart Disease
P03413,Female,42,graduate,0,0.0,0.0,no,0,0,204.0,108.0,70.5,27.71,75.0,65.0,No Heart Disease
P03414,Male,44,uneducated,0,0.0,0.0,no,1,0,229.0,142.0,92.0,25.21,72.0,76.0,No Heart Disease
P03415,Female,57,primaryschool,0,0.0,0.0,no,0,0,286.0,153.0,87.0,27.64,75.0,83.0,No Heart Disease
P03416,Female,49,primaryschool,1,20.0,0.0,no,0,0,346.0,130.0,80.0,22.54,83.0,77.0,No Heart Disease
P03417,Female,53,postgraduate,0,0.0,0.0,no,0,0,219.0,108.0,65.0,22.19,70.0,76.0,No Heart Disease
P03418,Male,54,uneducated,0,0.0,0.0,no,0,0,250.0,123.0,75.0,25.91,65.0,71.0,No Heart Disease
P03419,Female,63,uneducated,0,0.0,0.0,no,1,0,361.0,167.0,100.0,27.31,85.0,103.0,Heart Disease
P03420,Male,63,uneducated,1,20.0,0.0,no,0,0,197.0,113.0,70.0,23.72,67.0,67.0,No Heart Disease
P03421,Female,42,postgraduate,0,0.0,0.0,no,0,0,238.0,125.0,77.5,22.9,95.0,77.0,No Heart Disease
P03422,Male,41,primaryschool,1,25.0,0.0,no,0,0,232.0,129.0,83.0,28.08,75.0,68.0,No Heart Disease
P03423,Female,66,uneducated,0,0.0,0.0,no,1,0,260.0,167.0,96.0,29.04,65.0,82.0,No Heart Disease
P03424,Male,52,uneducated,0,0.0,0.0,no,1,0,220.0,151.0,102.0,25.82,95.0,85.0,No Heart Disease
P03425,Female,48,graduate,0,0.0,0.0,no,0,0,281.0,127.0,79.5,22.83,84.0,80.0,No Heart Disease
P03426,Female,53,primaryschool,1,20.0,0.0,no,1,0,256.0,128.0,90.0,23.65,105.0,102.0,No Heart Disease
P03427,Female,45,postgraduate,0,0.0,0.0,no,0,0,333.0,122.0,80.0,24.39,75.0,80.0,No Heart Disease
P03428,Male,40,uneducated,1,20.0,0.0,no,1,0,208.0,119.0,66.0,28.09,75.0,66.0,No Heart Disease
P03429,Male,39,uneducated,1,40.0,0.0,no,1,0,215.0,145.5,92.5,28.35,75.0,94.0,No Heart Disease
P03430,Female,51,uneducated,0,0.0,0.0,no,1,0,230.0,168.5,97.0,26.36,57.0,77.0,No Heart Disease
P03431,Male,45,uneducated,1,25.0,0.0,no,1,0,232.0,165.0,86.0,23.86,78.0,68.0,No Heart Disease
P03432,Male,44,primaryschool,0,0.0,0.0,no,0,0,210.0,133.0,85.5,25.14,75.0,90.0,No Heart Disease
P03433,Female,55,uneducated,1,,0.0,no,1,0,213.0,163.0,91.0,28.66,69.0,66.0,No Heart Disease
P03434,Female,56,postgraduate,1,3.0,0.0,no,0,0,266.0,114.0,72.0,22.64,65.0,83.0,No Heart Disease
P03435,Male,51,uneducated,1,9.0,0.0,no,0,0,255.0,115.0,67.0,26.97,83.0,58.0,No Heart Disease
P03436,Male,42,primaryschool,0,0.0,0.0,no,0,0,240.0,132.0,89.5,29.35,75.0,103.0,No Heart Disease
P03437,Male,52,uneducated,0,0.0,0.0,no,0,0,285.0,135.0,86.0,27.78,88.0,93.0,No Heart Disease
P03438,Male,36,uneducated,1,20.0,0.0,no,0,0,203.0,101.5,67.0,24.43,65.0,74.0,No Heart Disease
P03439,Male,42,postgraduate,0,0.0,0.0,no,0,0,236.0,124.0,80.0,21.5,65.0,60.0,No Heart Disease
P03440,Male,48,uneducated,1,20.0,0.0,no,0,0,170.0,122.0,70.0,23.62,90.0,73.0,Heart Disease
P03441,Female,50,graduate,1,3.0,0.0,no,0,0,271.0,112.5,60.0,23.29,60.0,61.0,No Heart Disease
P03442,Female,36,uneducated,1,5.0,0.0,no,0,0,180.0,118.0,80.0,29.59,75.0,84.0,No Heart Disease
P03443,Male,62,uneducated,1,20.0,0.0,no,0,0,263.0,112.0,61.0,24.46,68.0,95.0,No Heart Disease
P03444,Female,61,primaryschool,0,0.0,0.0,no,1,0,194.0,148.0,89.0,23.48,100.0,101.0,No Heart Disease
P03445,Female,36,uneducated,1,5.0,0.0,no,1,0,222.0,147.0,94.0,26.79,76.0,71.0,No Heart Disease
P03446,Female,58,uneducated,1,2.0,0.0,no,0,0,271.0,146.0,92.0,23.07,75.0,83.0,Heart Disease
P03447,Male,57,postgraduate,0,0.0,0.0,no,1,0,310.0,147.5,90.0,32.09,67.0,73.0,Heart Disease
P03448,Female,49,primaryschool,0,0.0,0.0,no,1,0,221.0,136.0,90.0,28.3,100.0,80.0,No Heart Disease
P03449,Female,48,postgraduate,0,0.0,0.0,no,0,0,241.0,129.0,86.0,20.41,65.0,67.0,No Heart Disease
P03450,Female,56,uneducated,1,10.0,1.0,no,1,1,241.0,174.0,97.0,29.22,90.0,135.0,Heart Disease
P03451,Female,61,primaryschool,1,20.0,0.0,no,1,0,231.0,128.0,87.0,26.3,82.0,93.0,No Heart Disease
P03452,Female,51,graduate,0,0.0,0.0,no,0,0,242.0,108.0,77.0,22.91,68.0,80.0,No Heart Disease
P03453,Female,42,primaryschool,1,9.0,0.0,no,0,0,195.0,126.0,81.0,22.26,84.0,77.0,No Heart Disease
P03454,Female,58,primaryschool,1,20.0,0.0,no,1,0,206.0,159.5,93.5,18.53,75.0,58.0,No Heart Disease
P03455,Male,47,postgraduate,0,0.0,0.0,no,1,0,254.0,138.0,96.0,29.73,63.0,69.0,No Heart Disease
P03456,Male,50,uneducated,1,20.0,0.0,no,0,0,231.0,126.0,76.0,20.17,100.0,,No Heart Disease
P03457,Female,52,graduate,1,20.0,0.0,no,1,0,287.0,139.0,88.0,26.55,110.0,,Heart Disease
P03458,Female,52,postgraduate,0,0.0,0.0,no,0,0,216.0,125.0,72.0,24.98,75.0,95.0,No Heart Disease
P03459,Male,57,graduate,1,15.0,0.0,no,0,1,245.0,132.0,77.0,23.01,76.0,207.0,No Heart Disease
P03460,Female,61,primaryschool,0,0.0,0.0,no,0,0,219.0,120.0,72.5,22.35,76.0,92.0,No Heart Disease
P03461,Female,62,uneducated,0,0.0,0.0,no,1,0,312.0,156.0,105.0,22.35,77.0,82.0,No Heart Disease
P03462,Male,56,primaryschool,1,15.0,0.0,no,1,0,214.0,142.0,66.0,24.47,95.0,94.0,No Heart Disease
P03463,Male,57,uneducated,0,0.0,0.0,no,0,0,178.0,123.0,79.0,26.36,74.0,78.0,Heart Disease
P03464,Male,60,uneducated,1,30.0,0.0,no,0,0,248.0,135.0,85.0,23.06,80.0,61.0,No Heart Disease
P03465,Male,50,uneducated,1,20.0,0.0,no,0,0,259.0,108.0,81.0,22.81,80.0,72.0,No Heart Disease
P03466,Female,54,uneducated,1,5.0,0.0,no,0,0,267.0,115.0,72.5,20.72,70.0,,No Heart Disease
P03467,Male,52,uneducated,0,0.0,0.0,no,0,0,248.0,128.0,83.5,25.88,68.0,75.0,No Heart Disease
P03468,Female,54,graduate,0,0.0,0.0,no,0,0,230.0,135.0,85.0,19.18,86.0,89.0,No Heart Disease
P03469,Female,44,postgraduate,1,1.0,0.0,no,0,0,253.0,118.0,68.0,22.72,68.0,110.0,No Heart Disease
P03470,Female,59,uneducated,0,0.0,0.0,no,0,0,249.0,138.0,72.0,25.02,60.0,70.0,No Heart Disease
P03471,Female,62,,0,0.0,0.0,no,1,0,282.0,175.0,79.0,28.24,57.0,67.0,No Heart Disease
P03472,Female,45,graduate,0,0.0,0.0,no,0,0,230.0,128.5,87.5,23.75,82.0,62.0,No Heart Disease
P03473,Male,40,postgraduate,1,25.0,0.0,no,0,0,258.0,112.0,78.0,28.57,80.0,70.0,No Heart Disease
P03474,Male,43,primaryschool,0,0.0,0.0,no,1,0,245.0,144.5,95.0,27.15,70.0,45.0,No Heart Disease
P03475,Male,42,primaryschool,1,15.0,0.0,no,1,0,453.0,158.0,108.0,28.89,90.0,110.0,No Heart Disease
P03476,Female,40,uneducated,0,0.0,0.0,no,0,0,156.0,110.0,74.0,20.79,56.0,76.0,No Heart Disease
P03477,Male,48,primaryschool,0,0.0,0.0,no,0,0,165.0,115.0,80.0,26.79,75.0,78.0,No Heart Disease
P03478,Female,43,primaryschool,0,0.0,0.0,no,0,0,232.0,127.0,79.0,30.79,75.0,54.0,No Heart Disease
P03479,Male,59,postgraduate,1,20.0,0.0,no,1,0,232.0,151.5,110.0,26.89,68.0,69.0,No Heart Disease
P03480,Male,60,postgraduate,0,0.0,0.0,no,0,0,250.0,133.0,89.5,27.13,90.0,,No Heart Disease
P03481,Male,63,uneducated,0,0.0,0.0,no,1,0,222.0,159.0,90.0,21.9,80.0,95.0,Heart Disease
P03482,Female,50,uneducated,1,3.0,0.0,no,1,0,238.0,158.0,74.0,35.68,69.0,98.0,No Heart Disease
P03483,Male,38,primaryschool,0,0.0,0.0,no,1,0,256.0,123.0,92.0,25.42,62.0,82.0,No Heart Disease
P03484,Female,35,primaryschool,1,1.0,0.0,no,0,0,194.0,100.5,69.0,17.92,75.0,73.0,No Heart Disease
P03485,Male,56,uneducated,0,0.0,0.0,no,1,0,254.0,166.0,107.0,21.97,75.0,83.0,No Heart Disease
P03486,Male,45,,1,20.0,0.0,no,0,0,200.0,113.0,75.5,21.51,88.0,72.0,No Heart Disease
P03487,Female,40,primaryschool,0,0.0,0.0,no,0,0,185.0,111.0,79.0,22.9,75.0,81.0,No Heart Disease
P03488,Female,35,primaryschool,1,20.0,0.0,no,0,0,168.0,83.5,55.0,16.71,79.0,63.0,Heart Disease
P03489,Female,67,primaryschool,0,0.0,0.0,no,0,0,292.0,144.0,89.0,21.93,96.0,,No Heart Disease
P03490,Female,62,primaryschool,0,0.0,1.0,no,1,0,298.0,248.0,130.0,37.1,96.0,77.0,Heart Disease
P03491,Female,61,postgraduate,0,0.0,0.0,no,0,0,233.0,126.0,73.0,23.16,74.0,62.0,No Heart Disease
P03492,Male,54,uneducated,1,3.0,0.0,no,0,0,173.0,121.0,79.0,26.21,75.0,68.0,No Heart Disease
P03493,Male,38,uneducated,1,30.0,0.0,no,0,0,281.0,111.0,72.5,27.22,95.0,80.0,No Heart Disease
P03494,Female,63,uneducated,0,0.0,0.0,yes,1,0,273.0,152.0,70.0,19.69,80.0,79.0,Heart Disease
P03495,Female,60,graduate,0,0.0,0.0,no,0,0,259.0,155.0,90.0,27.94,68.0,95.0,No Heart Disease
P03496,Female,49,uneducated,1,1.0,0.0,no,0,0,185.0,108.0,70.0,20.13,107.0,58.0,No Heart Disease
P03497,Male,53,primaryschool,0,0.0,0.0,no,1,0,325.0,172.5,112.5,28.47,75.0,74.0,No Heart Disease
P03498,Male,50,uneducated,0,0.0,0.0,no,0,0,204.0,122.0,81.0,32.22,63.0,73.0,No Heart Disease
P03499,Male,62,uneducated,1,6.0,0.0,no,1,0,237.0,163.0,94.0,25.62,85.0,84.0,Heart Disease
P03500,Female,55,uneducated,0,0.0,0.0,no,0,0,235.0,123.0,81.0,31.44,75.0,78.0,No Heart Disease
P03501,Female,46,primaryschool,0,0.0,0.0,no,0,0,221.0,108.0,73.0,20.06,73.0,85.0,No Heart Disease
P03502,Female,40,primaryschool,1,20.0,0.0,no,0,0,242.0,112.5,62.5,27.65,75.0,70.0,No Heart Disease
P03503,Male,38,uneducated,1,15.0,0.0,no,0,0,183.0,107.5,71.0,23.74,57.0,74.0,No Heart Disease
P03504,Female,55,primaryschool,0,0.0,0.0,no,1,0,256.0,143.0,82.5,23.81,90.0,90.0,No Heart Disease
P03505,Female,40,uneducated,1,20.0,0.0,no,0,0,231.0,129.0,87.0,23.29,89.0,99.0,No Heart Disease
P03506,Male,58,primaryschool,0,0.0,0.0,no,1,0,149.0,98.0,60.0,24.73,105.0,71.0,Heart Disease
P03507,Female,49,graduate,0,0.0,0.0,no,0,0,210.0,116.0,76.0,28.86,65.0,71.0,No Heart Disease
P03508,Male,50,primaryschool,1,16.0,0.0,no,0,0,214.0,114.0,72.0,22.93,66.0,83.0,No Heart Disease
P03509,Male,45,uneducated,0,0.0,0.0,no,0,0,252.0,124.0,89.0,22.82,82.0,71.0,No Heart Disease
P03510,Male,42,uneducated,1,20.0,0.0,no,1,0,306.0,196.0,109.0,27.72,102.0,87.0,No Heart Disease
P03511,Male,51,postgraduate,1,9.0,0.0,no,1,0,251.0,160.0,98.0,24.63,98.0,85.0,No Heart Disease
P03512,Female,56,graduate,0,0.0,0.0,no,0,0,267.0,122.5,85.0,24.22,92.0,100.0,No Heart Disease
P03513,Female,53,graduate,0,0.0,0.0,no,0,0,294.0,156.0,95.0,26.05,94.0,115.0,No Heart Disease
P03514,Female,38,graduate,0,0.0,0.0,no,0,0,240.0,126.5,75.5,24.38,71.0,64.0,No Heart Disease
P03515,Female,59,,0,0.0,0.0,no,0,0,281.0,139.0,82.0,29.51,80.0,75.0,No Heart Disease
P03516,Male,48,uneducated,1,30.0,0.0,no,0,0,205.0,108.0,75.0,17.5,63.0,70.0,No Heart Disease
P03517,Male,40,graduate,1,15.0,0.0,no,0,0,211.0,122.0,81.0,30.55,75.0,91.0,No Heart Disease
P03518,Female,62,uneducated,0,0.0,1.0,no,1,0,186.0,176.5,92.0,22.53,79.0,60.0,Heart Disease
P03519,Male,36,primaryschool,0,0.0,0.0,no,0,0,197.0,115.0,65.0,20.42,68.0,77.0,No Heart Disease
P03520,Male,43,graduate,1,30.0,0.0,no,0,0,218.0,121.0,69.0,24.21,65.0,103.0,No Heart Disease
P03521,Female,56,graduate,0,0.0,0.0,no,0,0,246.0,131.0,79.0,27.69,90.0,65.0,No Heart Disease
P03522,Male,59,uneducated,0,0.0,0.0,no,0,0,190.0,127.0,77.0,28.47,80.0,100.0,No Heart Disease
P03523,Female,43,uneducated,1,25.0,0.0,no,1,0,258.0,161.5,96.0,38.96,88.0,84.0,No Heart Disease
P03524,Male,43,graduate,1,10.0,0.0,no,0,0,285.0,100.5,66.0,22.05,65.0,75.0,No Heart Disease
P03525,Female,50,uneducated,1,20.0,0.0,no,0,0,195.0,131.5,83.0,24.61,75.0,78.0,No Heart Disease
P03526,Female,46,uneducated,0,0.0,0.0,no,0,0,217.0,131.5,77.0,20.25,65.0,76.0,No Heart Disease
P03527,Female,60,uneducated,0,0.0,,no,1,0,231.0,174.0,110.0,25.05,85.0,82.0,No Heart Disease
P03528,Male,43,uneducated,1,15.0,0.0,no,0,0,175.0,125.0,76.0,24.92,80.0,95.0,No Heart Disease
P03529,Male,61,postgraduate,1,15.0,0.0,no,0,0,217.0,131.0,83.0,26.46,62.0,81.0,Heart Disease
P03530,Male,60,graduate,0,0.0,0.0,no,0,0,224.0,143.5,77.5,26.13,65.0,81.0,No Heart Disease
P03531,Female,48,graduate,0,0.0,0.0,no,0,0,309.0,136.0,90.0,26.83,70.0,75.0,No Heart Disease
P03532,Female,38,uneducated,1,5.0,0.0,no,0,0,201.0,123.5,78.0,27.14,79.0,77.0,No Heart Disease
P03533,Male,44,graduate,1,3.0,0.0,no,1,0,352.0,164.0,119.0,28.92,73.0,72.0,Heart Disease
P03534,Female,49,uneducated,0,0.0,0.0,no,1,0,233.0,149.0,91.5,26.03,68.0,,No Heart Disease
P03535,Male,52,uneducated,1,30.0,0.0,no,0,0,223.0,133.0,82.0,21.18,66.0,77.0,No Heart Disease
P03536,Female,60,primaryschool,1,20.0,0.0,no,0,0,260.0,139.0,81.0,24.68,74.0,70.0,No Heart Disease
P03537,Male,62,uneducated,1,20.0,0.0,no,0,0,185.0,124.0,84.0,24.53,66.0,70.0,No Heart Disease
P03538,Male,58,postgraduate,0,0.0,0.0,no,1,0,320.0,139.0,81.5,23.65,80.0,82.0,Heart Disease
P03539,Female,48,primaryschool,1,20.0,0.0,no,0,0,246.0,113.0,87.0,18.01,60.0,63.0,No Heart Disease
P03540,Female,44,uneducated,1,20.0,0.0,no,0,0,302.0,116.0,77.0,22.67,75.0,98.0,No Heart Disease
P03541,Male,47,uneducated,1,43.0,1.0,no,1,0,237.0,182.0,110.0,28.88,72.0,83.0,No Heart Disease
P03542,Female,44,postgraduate,0,0.0,0.0,no,0,0,216.0,113.0,74.0,22.19,80.0,76.0,No Heart Disease
P03543,Female,46,primaryschool,1,20.0,0.0,no,0,0,275.0,126.0,71.0,24.91,80.0,71.0,No Heart Disease
P03544,Female,37,uneducated,0,0.0,0.0,no,0,0,192.0,112.0,67.0,24.61,80.0,58.0,No Heart Disease
P03545,Male,57,uneducated,0,0.0,0.0,no,0,0,242.0,130.0,74.0,28.9,60.0,53.0,No Heart Disease
P03546,Male,55,primaryschool,0,0.0,0.0,no,0,0,202.0,104.0,76.0,31.68,62.0,74.0,No Heart Disease
P03547,Female,54,uneducated,0,0.0,0.0,no,0,0,241.0,106.0,77.0,27.64,78.0,74.0,No Heart Disease
P03548,Female,55,primaryschool,0,0.0,0.0,no,1,0,309.0,177.5,110.0,22.89,63.0,73.0,No Heart Disease
P03549,Female,46,uneducated,1,43.0,0.0,no,0,0,262.0,121.0,78.0,24.24,75.0,72.0,No Heart Disease
P03550,Female,39,primaryschool,0,0.0,0.0,no,0,0,197.0,134.0,78.0,30.36,100.0,83.0,No Heart Disease
P03551,Female,37,uneducated,0,0.0,0.0,no,0,0,209.0,110.0,77.5,17.93,77.0,80.0,No Heart Disease
P03552,Female,43,postgraduate,1,30.0,0.0,no,0,0,235.0,128.5,80.0,18.83,90.0,70.0,No Heart Disease
P03553,Male,46,uneducated,1,30.0,0.0,no,0,1,217.0,115.0,72.0,21.34,90.0,73.0,No Heart Disease
P03554,Female,68,graduate,0,0.0,0.0,no,1,0,241.0,154.0,96.0,30.12,103.0,70.0,No Heart Disease
P03555,Female,46,uneducated,1,7.0,1.0,no,1,0,280.0,202.0,124.0,28.06,66.0,63.0,Heart Disease
P03556,Male,41,uneducated,1,20.0,0.0,no,1,0,260.0,151.0,85.0,33.08,95.0,91.0,Heart Disease
P03557,Female,55,primaryschool,1,9.0,0.0,no,1,0,265.0,154.0,87.0,20.92,96.0,66.0,No Heart Disease
P03558,Male,39,primaryschool,1,30.0,0.0,no,1,0,186.0,162.0,109.0,29.72,90.0,129.0,No Heart Disease
P03559,Female,41,primaryschool,1,9.0,0.0,no,0,0,206.0,122.0,78.0,22.54,85.0,,No Heart Disease
P03560,Female,46,uneducated,1,15.0,0.0,no,0,0,210.0,117.0,78.5,22.54,72.0,115.0,No Heart Disease
P03561,Male,48,postgraduate,1,5.0,0.0,no,0,0,150.0,123.0,72.5,25.1,78.0,,No Heart Disease
P03562,Female,53,uneducated,1,20.0,0.0,no,0,0,222.0,123.0,82.0,25.52,72.0,67.0,No Heart Disease
P03563,Female,58,uneducated,0,0.0,0.0,no,0,0,292.0,110.0,83.0,26.98,65.0,73.0,No Heart Disease
P03564,Male,57,primaryschool,1,15.0,0.0,no,0,0,221.0,117.0,72.0,25.51,75.0,83.0,Heart Disease
P03565,Male,40,postgraduate,0,0.0,0.0,no,0,0,161.0,122.0,85.0,30.8,75.0,85.0,Heart Disease
P03566,Female,49,graduate,0,0.0,0.0,no,0,0,273.0,154.0,80.0,20.26,75.0,63.0,No Heart Disease
P03567,Female,43,primaryschool,1,20.0,0.0,no,0,0,291.0,106.0,65.0,23.83,68.0,82.0,No Heart Disease
P03568,Male,37,primaryschool,0,0.0,0.0,no,0,0,212.0,114.5,77.0,31.22,87.0,68.0,No Heart Disease
P03569,Female,43,primaryschool,1,20.0,0.0,no,0,0,276.0,99.0,62.0,22.17,60.0,80.0,No Heart Disease
P03570,Female,46,graduate,1,25.0,0.0,no,0,0,165.0,99.5,66.0,21.67,72.0,66.0,No Heart Disease
P03571,Female,62,primaryschool,0,0.0,0.0,no,1,0,276.0,185.0,95.0,26.21,80.0,110.0,Heart Disease
P03572,Female,53,primaryschool,0,0.0,0.0,no,1,0,366.0,148.0,88.0,32.52,85.0,,No Heart Disease
P03573,Female,61,primaryschool,0,0.0,0.0,no,0,0,310.0,108.0,70.0,30.23,60.0,65.0,No Heart Disease
P03574,Male,35,primaryschool,0,0.0,0.0,no,1,0,245.0,159.0,95.5,26.23,110.0,,No Heart Disease
P03575,Female,49,uneducated,0,0.0,1.0,no,1,0,184.0,121.0,82.0,21.14,60.0,78.0,Heart Disease
P03576,Male,56,primaryschool,1,20.0,0.0,no,0,0,186.0,116.0,67.0,24.62,70.0,83.0,No Heart Disease
P03577,Female,67,uneducated,1,9.0,0.0,no,1,0,,185.0,110.0,19.53,100.0,,No Heart Disease
P03578,Female,54,uneducated,0,0.0,0.0,no,1,0,207.0,158.0,89.0,31.44,67.0,112.0,No Heart Disease
P03579,Female,39,graduate,1,20.0,0.0,no,0,0,190.0,85.0,70.0,22.43,88.0,60.0,No Heart Disease
P03580,Male,42,uneducated,1,,0.0,no,0,0,196.0,123.0,73.0,22.06,66.0,,No Heart Disease
P03581,Female,65,uneducated,1,3.0,0.0,no,0,0,217.0,169.0,111.0,32.54,65.0,78.0,No Heart Disease
P03582,Female,40,uneducated,1,5.0,0.0,no,0,0,209.0,130.0,84.5,39.94,77.0,104.0,Heart Disease
P03583,Female,41,uneducated,0,0.0,0.0,no,0,0,199.0,117.0,86.0,34.54,72.0,84.0,No Heart Disease
P03584,Female,36,graduate,1,15.0,0.0,no,0,0,202.0,105.5,67.0,22.66,90.0,63.0,No Heart Disease
P03585,Male,48,uneducated,0,0.0,0.0,no,0,0,235.0,135.0,88.0,27.61,92.0,137.0,No Heart Disease
P03586,Female,52,primaryschool,0,0.0,0.0,no,0,0,193.0,146.0,89.0,25.37,115.0,84.0,No Heart Disease
P03587,Male,63,uneducated,1,15.0,0.0,no,1,0,207.0,165.0,100.0,21.33,72.0,77.0,No Heart Disease
P03588,Male,61,uneducated,0,0.0,0.0,no,1,0,206.0,143.0,96.0,27.04,70.0,87.0,Heart Disease
P03589,Female,44,,1,30.0,0.0,no,0,0,292.0,110.0,65.0,22.55,62.0,78.0,No Heart Disease
P03590,Male,53,uneducated,1,43.0,0.0,no,1,0,246.0,176.0,109.0,32.32,72.0,59.0,No Heart Disease
P03591,Female,44,uneducated,1,9.0,0.0,no,0,0,140.0,118.0,74.0,26.51,80.0,82.0,No Heart Disease
P03592,Female,39,primaryschool,0,0.0,0.0,no,0,0,205.0,104.0,74.0,20.55,68.0,,No Heart Disease
P03593,Male,44,uneducated,1,20.0,0.0,no,1,0,246.0,136.0,94.0,24.56,85.0,86.0,No Heart Disease
P03594,Female,48,uneducated,0,0.0,0.0,no,0,0,244.0,117.0,81.5,28.96,67.0,78.0,No Heart Disease
P03595,Female,45,uneducated,1,5.0,0.0,no,1,0,268.0,130.0,94.0,34.27,85.0,93.0,No Heart Disease
P03596,Female,58,uneducated,1,10.0,0.0,no,1,0,252.0,135.0,84.0,28.24,85.0,79.0,No Heart Disease
P03597,Male,40,primaryschool,1,15.0,0.0,no,0,0,200.0,122.5,75.0,20.25,60.0,67.0,No Heart Disease
P03598,Male,39,postgraduate,1,3.0,0.0,no,1,0,230.0,140.0,97.0,25.31,72.0,,No Heart Disease
P03599,Female,47,primaryschool,1,30.0,0.0,no,0,0,175.0,107.0,69.0,23.64,92.0,70.0,No Heart Disease
P03600,Female,44,primaryschool,1,20.0,0.0,no,1,0,270.0,167.5,92.5,21.28,85.0,77.0,No Heart Disease
P03601,Female,47,uneducated,1,20.0,0.0,no,1,0,226.0,122.5,80.0,24.62,72.0,68.0,No Heart Disease
P03602,Female,57,primaryschool,1,10.0,0.0,no,1,0,238.0,133.0,72.0,18.09,100.0,115.0,No Heart Disease
P03603,Female,60,uneducated,0,0.0,0.0,no,0,0,275.0,138.0,87.0,29.64,85.0,86.0,No Heart Disease
P03604,Male,41,,0,0.0,0.0,no,0,0,280.0,117.5,80.0,28.68,65.0,65.0,No Heart Disease
P03605,Female,42,primaryschool,0,0.0,0.0,yes,0,0,206.0,101.0,75.0,18.73,55.0,84.0,No Heart Disease
P03606,Male,58,graduate,0,0.0,0.0,no,0,0,250.0,109.0,78.5,25.26,90.0,83.0,No Heart Disease
P03607,Male,45,postgraduate,0,0.0,0.0,no,0,1,189.0,132.0,78.0,28.4,75.0,177.0,No Heart Disease
P03608,Female,40,primaryschool,1,15.0,0.0,no,0,0,,131.5,80.0,24.73,100.0,,No Heart Disease
P03609,Female,63,uneducated,0,0.0,0.0,no,0,0,238.0,123.0,66.0,28.6,70.0,98.0,No Heart Disease
P03610,Male,49,graduate,1,40.0,0.0,no,0,0,167.0,119.0,67.0,25.83,79.0,83.0,No Heart Disease
P03611,Female,51,primaryschool,1,15.0,0.0,no,0,0,220.0,137.0,79.0,21.66,80.0,74.0,No Heart Disease
P03612,Male,40,primaryschool,0,0.0,0.0,no,0,0,193.0,130.0,89.0,28.32,96.0,84.0,No Heart Disease
P03613,Female,49,primaryschool,0,0.0,0.0,no,0,0,308.0,128.0,78.0,24.82,80.0,70.0,No Heart Disease
P03614,Female,41,graduate,0,0.0,0.0,no,0,0,166.0,128.5,74.5,21.02,81.0,,No Heart Disease
P03615,Female,55,uneducated,0,0.0,0.0,no,1,0,212.0,161.0,85.0,28.26,66.0,63.0,Heart Disease
P03616,Male,38,graduate,1,20.0,0.0,no,0,0,270.0,120.0,75.0,23.76,83.0,96.0,No Heart Disease
P03617,Female,54,primaryschool,1,15.0,0.0,no,1,0,262.0,230.0,110.0,24.76,93.0,97.0,No Heart Disease
P03618,Female,40,graduate,1,9.0,0.0,no,0,0,180.0,118.0,86.5,22.69,89.0,67.0,No Heart Disease
P03619,Male,50,,1,2.0,0.0,no,0,0,238.0,121.0,85.0,25.31,88.0,,No Heart Disease
P03620,Male,54,uneducated,1,20.0,0.0,no,0,0,235.0,143.0,75.0,32.99,85.0,102.0,No Heart Disease
P03621,Male,66,primaryschool,0,0.0,0.0,no,0,1,189.0,140.0,71.0,27.56,70.0,119.0,No Heart Disease
P03622,Male,63,uneducated,0,0.0,0.0,no,1,0,178.0,155.0,79.0,25.9,55.0,61.0,No Heart Disease
P03623,Male,52,uneducated,0,0.0,0.0,no,1,0,170.0,153.0,102.5,29.35,91.0,67.0,No Heart Disease
P03624,Female,48,graduate,0,0.0,0.0,no,0,0,202.0,146.5,79.0,22.19,82.0,95.0,No Heart Disease
P03625,Female,38,graduate,1,25.0,0.0,no,0,0,205.0,117.5,77.0,21.44,100.0,,No Heart Disease
P03626,Male,54,graduate,1,25.0,0.0,no,0,0,208.0,137.5,82.5,25.58,75.0,63.0,Heart Disease
P03627,Female,38,uneducated,0,0.0,0.0,no,0,0,182.0,138.0,72.0,21.67,85.0,108.0,No Heart Disease
P03628,Male,65,postgraduate,1,25.0,0.0,no,0,0,215.0,147.5,95.0,29.08,82.0,88.0,Heart Disease
P03629,Male,53,primaryschool,0,0.0,0.0,no,0,0,196.0,129.0,80.0,26.32,75.0,89.0,No Heart Disease
P03630,Female,44,primaryschool,1,15.0,0.0,no,0,0,244.0,101.0,66.0,25.38,85.0,76.0,No Heart Disease
P03631,Female,47,graduate,1,20.0,0.0,no,0,0,,120.0,77.5,23.39,82.0,,No Heart Disease
P03632,Female,47,uneducated,0,0.0,0.0,no,1,0,190.0,162.0,85.0,30.59,65.0,80.0,No Heart Disease
P03633,Female,57,uneducated,0,0.0,0.0,no,1,0,285.0,197.0,72.0,23.41,68.0,78.0,Heart Disease
P03634,Female,44,postgraduate,1,5.0,0.0,no,0,0,231.0,133.0,89.0,29.29,70.0,83.0,No Heart Disease
P03635,Female,43,primaryschool,1,20.0,0.0,no,1,0,286.0,164.0,89.0,24.44,75.0,87.0,No Heart Disease
P03636,Male,50,uneducated,1,10.0,0.0,no,1,0,202.0,189.0,121.0,33.81,65.0,72.0,Heart Disease
P03637,Female,41,primaryschool,1,5.0,0.0,no,0,0,226.0,125.5,82.0,23.8,67.0,75.0,No Heart Disease
P03638,Female,45,graduate,0,0.0,0.0,no,0,0,297.0,134.0,93.0,28.81,92.0,74.0,No Heart Disease
P03639,Female,46,uneducated,1,3.0,0.0,no,0,0,193.0,118.0,92.0,21.14,75.0,78.0,No Heart Disease
P03640,Female,50,primaryschool,0,0.0,0.0,no,0,0,270.0,142.5,85.0,21.86,72.0,75.0,No Heart Disease
P03641,Female,42,uneducated,0,0.0,0.0,no,0,0,216.0,124.0,82.0,28.74,70.0,67.0,No Heart Disease
P03642,Female,58,uneducated,0,0.0,0.0,no,0,0,240.0,126.0,52.0,25.66,75.0,63.0,No Heart Disease
P03643,Male,48,postgraduate,0,0.0,0.0,no,0,0,240.0,136.0,95.5,26.36,75.0,73.0,No Heart Disease
P03644,Female,36,graduate,0,0.0,0.0,no,0,0,188.0,112.0,78.0,22.54,63.0,73.0,No Heart Disease
P03645,Male,55,uneducated,1,3.0,,no,0,0,246.0,112.5,72.5,27.56,60.0,72.0,No Heart Disease
P03646,Male,68,uneducated,1,15.0,0.0,no,0,0,157.0,106.0,48.0,26.73,65.0,65.0,Heart Disease
P03647,Female,37,uneducated,1,15.0,0.0,no,0,0,275.0,118.0,71.0,23.1,64.0,95.0,No Heart Disease
P03648,Female,56,uneducated,1,10.0,0.0,no,0,0,225.0,120.0,70.0,18.46,57.0,,No Heart Disease
P03649,Female,50,uneducated,1,15.0,0.0,no,1,0,204.0,147.0,100.0,39.94,85.0,90.0,No Heart Disease
P03650,Female,53,primaryschool,0,0.0,0.0,no,0,0,220.0,108.0,81.0,28.71,56.0,,No Heart Disease
P03651,Male,62,graduate,0,0.0,0.0,no,0,0,211.0,128.0,78.0,27.99,56.0,83.0,Heart Disease
P03652,Female,40,primaryschool,1,1.0,0.0,no,0,0,178.0,142.0,84.0,34.46,88.0,77.0,No Heart Disease
P03653,Female,41,graduate,1,15.0,0.0,no,1,0,268.0,140.0,92.5,24.71,75.0,90.0,No Heart Disease
P03654,Female,38,uneducated,1,30.0,0.0,no,0,0,164.0,113.0,68.0,25.75,70.0,75.0,No Heart Disease
P03655,Male,53,uneducated,1,40.0,0.0,no,1,0,270.0,151.0,89.0,26.76,75.0,75.0,No Heart Disease
P03656,Male,56,,1,30.0,0.0,no,1,0,193.0,139.0,93.0,28.67,57.0,67.0,Heart Disease
P03657,Female,46,primaryschool,1,15.0,0.0,no,1,0,207.0,144.0,88.0,23.65,85.0,86.0,No Heart Disease
P03658,Female,51,uneducated,0,0.0,0.0,no,1,0,190.0,153.0,102.5,39.22,100.0,69.0,No Heart Disease
P03659,Female,39,primaryschool,0,0.0,0.0,no,1,0,226.0,146.0,86.0,24.41,85.0,85.0,No Heart Disease
P03660,Female,37,primaryschool,1,20.0,0.0,no,0,0,257.0,141.0,93.0,41.29,80.0,58.0,No Heart Disease
P03661,Female,62,postgraduate,0,0.0,0.0,no,0,0,,122.0,75.5,23.03,75.0,,No Heart Disease
P03662,Female,43,uneducated,0,0.0,0.0,no,1,0,210.0,138.5,95.5,23.09,75.0,,No Heart Disease
P03663,Female,46,graduate,1,20.0,0.0,no,0,0,200.0,112.5,71.0,18.68,80.0,77.0,No Heart Disease
P03664,Female,48,uneducated,0,0.0,0.0,no,0,0,227.0,100.0,76.0,29.45,75.0,67.0,Heart Disease
P03665,Male,48,postgraduate,0,0.0,0.0,no,1,0,273.0,140.0,90.0,27.48,67.0,78.0,No Heart Disease
P03666,Male,49,primaryschool,0,0.0,0.0,no,0,0,220.0,114.0,82.0,24.68,69.0,60.0,No Heart Disease
P03667,Male,60,uneducated,0,0.0,0.0,no,1,0,226.0,155.0,92.5,30.85,80.0,87.0,No Heart Disease
P03668,Male,49,uneducated,1,20.0,0.0,no,0,0,155.0,128.0,82.0,23.58,69.0,77.0,No Heart Disease
P03669,Female,41,postgraduate,1,20.0,0.0,no,0,0,243.0,97.0,63.0,22.53,76.0,64.0,No Heart Disease
P03670,Female,38,graduate,1,20.0,0.0,no,0,0,175.0,112.0,73.0,19.49,70.0,71.0,No Heart Disease
P03671,Female,59,graduate,0,0.0,0.0,no,1,0,282.0,148.0,89.0,25.69,90.0,,No Heart Disease
P03672,Male,56,uneducated,0,0.0,1.0,yes,1,0,208.0,167.0,92.0,24.66,60.0,75.0,Heart Disease
P03673,Female,54,uneducated,1,10.0,0.0,no,0,0,240.0,113.0,73.0,24.21,80.0,77.0,No Heart Disease
P03674,Male,48,,1,60.0,0.0,no,0,0,232.0,136.0,81.0,25.83,80.0,78.0,No Heart Disease
P03675,Female,69,graduate,0,0.0,1.0,no,1,0,203.0,166.0,90.0,25.4,77.0,80.0,No Heart Disease
P03676,Male,67,graduate,0,0.0,1.0,no,1,0,223.0,214.0,94.0,25.86,80.0,87.0,Heart Disease
P03677,Male,43,primaryschool,1,20.0,0.0,no,1,0,192.0,143.0,88.0,27.94,75.0,79.0,No Heart Disease
P03678,Male,48,postgraduate,1,15.0,0.0,no,0,0,194.0,134.5,90.5,25.68,60.0,72.0,No Heart Disease
P03679,Male,48,uneducated,1,35.0,0.0,no,0,0,263.0,132.0,91.0,40.08,90.0,91.0,Heart Disease
P03680,Female,42,primaryschool,1,2.0,0.0,no,0,0,230.0,124.0,80.0,24.87,90.0,77.0,No Heart Disease
P03681,Female,47,primaryschool,1,20.0,0.0,no,1,1,211.0,159.5,82.5,34.08,86.0,250.0,Heart Disease
P03682,Female,60,graduate,1,10.0,0.0,no,0,0,255.0,145.0,100.0,27.94,79.0,,No Heart Disease
P03683,Female,62,uneducated,0,0.0,0.0,no,0,1,282.0,125.0,75.0,29.88,75.0,136.0,No Heart Disease
P03684,Male,57,uneducated,1,20.0,0.0,no,0,0,260.0,123.0,73.0,27.51,65.0,83.0,Heart Disease
P03685,Male,38,uneducated,1,9.0,0.0,no,0,0,163.0,117.5,75.0,28.3,75.0,70.0,No Heart Disease
P03686,Male,56,uneducated,0,0.0,0.0,no,0,0,220.0,132.5,82.5,29.77,77.0,,No Heart Disease
P03687,Female,51,primaryschool,1,5.0,0.0,no,0,0,315.0,119.0,75.0,25.79,75.0,55.0,No Heart Disease
P03688,Male,40,primaryschool,1,20.0,0.0,no,0,0,186.0,131.0,81.0,22.14,86.0,87.0,No Heart Disease
P03689,Female,43,primaryschool,1,20.0,0.0,no,0,0,250.0,123.0,74.0,26.01,75.0,90.0,No Heart Disease
P03690,Male,34,graduate,1,20.0,0.0,no,0,0,155.0,117.5,72.5,23.51,85.0,65.0,No Heart Disease
P03691,Female,55,uneducated,0,0.0,0.0,no,1,0,185.0,140.0,84.0,25.94,78.0,90.0,No Heart Disease
P03692,Female,44,postgraduate,0,0.0,0.0,no,0,0,205.0,116.0,70.0,21.99,68.0,85.0,No Heart Disease
P03693,Male,50,primaryschool,0,0.0,0.0,no,1,0,252.0,114.0,75.0,30.89,60.0,69.0,No Heart Disease
P03694,Male,52,graduate,0,0.0,0.0,no,0,0,225.0,119.0,65.0,26.89,62.0,74.0,No Heart Disease
P03695,Female,63,uneducated,0,0.0,0.0,no,0,0,235.0,125.0,79.0,24.38,96.0,83.0,No Heart Disease
P03696,Male,43,graduate,1,20.0,0.0,no,0,0,240.0,147.5,88.0,25.6,65.0,113.0,No Heart Disease
P03697,Male,41,primaryschool,1,40.0,0.0,no,0,0,242.0,124.5,86.5,28.8,87.0,67.0,No Heart Disease
P03698,Female,34,primaryschool,1,20.0,0.0,no,0,0,180.0,111.0,56.0,21.51,91.0,78.0,No Heart Disease
P03699,Male,37,postgraduate,0,0.0,0.0,no,1,0,195.0,141.0,84.0,25.66,83.0,117.0,No Heart Disease
P03700,Female,50,primaryschool,0,0.0,0.0,no,0,0,210.0,105.0,77.0,23.96,60.0,86.0,No Heart Disease
P03701,Female,36,postgraduate,1,9.0,0.0,no,0,0,212.0,127.0,83.0,26.82,75.0,75.0,No Heart Disease
P03702,Female,59,uneducated,1,5.0,0.0,no,0,0,254.0,126.5,79.0,25.92,60.0,77.0,No Heart Disease
P03703,Male,40,graduate,1,20.0,0.0,no,0,0,248.0,136.5,78.0,24.6,90.0,99.0,No Heart Disease
P03704,Male,42,primaryschool,1,30.0,0.0,no,0,0,283.0,145.0,95.0,27.53,75.0,84.0,No Heart Disease
P03705,Male,42,uneducated,0,0.0,0.0,no,0,0,186.0,134.0,86.5,25.71,88.0,92.0,No Heart Disease
P03706,Male,43,uneducated,1,40.0,0.0,no,1,0,212.0,135.0,86.0,30.22,100.0,75.0,No Heart Disease
P03707,Male,49,postgraduate,1,15.0,0.0,no,1,0,309.0,145.0,92.0,32.13,60.0,73.0,No Heart Disease
P03708,Female,47,primaryschool,1,20.0,0.0,no,1,0,308.0,138.0,94.0,24.33,70.0,90.0,No Heart Disease
P03709,Male,60,uneducated,0,0.0,0.0,no,1,0,225.0,149.0,96.0,27.73,80.0,60.0,No Heart Disease
P03710,Female,46,uneducated,1,20.0,0.0,no,1,0,275.0,170.0,118.0,36.12,82.0,84.0,No Heart Disease
P03711,Male,46,graduate,1,30.0,0.0,no,1,0,154.0,141.0,90.0,22.76,65.0,65.0,No Heart Disease
P03712,Male,49,primaryschool,1,3.0,0.0,no,1,0,246.0,141.0,92.0,27.92,75.0,76.0,No Heart Disease
P03713,Female,42,primaryschool,0,0.0,0.0,no,0,0,234.0,124.0,80.5,20.06,75.0,,No Heart Disease
P03714,Male,42,uneducated,0,0.0,0.0,no,0,0,242.0,121.0,80.0,27.83,72.0,,No Heart Disease
P03715,Male,53,primaryschool,0,0.0,0.0,no,1,0,198.0,142.5,82.0,23.84,57.0,78.0,Heart Disease
P03716,Female,57,primaryschool,1,,0.0,no,0,0,270.0,120.0,79.0,24.83,95.0,81.0,No Heart Disease
P03717,Female,44,primaryschool,0,0.0,1.0,no,1,0,208.0,142.0,88.0,31.29,69.0,77.0,No Heart Disease
P03718,Female,60,graduate,0,0.0,0.0,no,1,0,286.0,172.5,85.0,22.0,72.0,71.0,Heart Disease
P03719,Female,47,primaryschool,1,5.0,0.0,no,0,0,236.0,128.0,81.0,27.42,60.0,93.0,No Heart Disease
P03720,Female,40,uneducated,1,20.0,0.0,no,0,0,214.0,109.5,69.0,20.32,80.0,81.0,No Heart Disease
P03721,Male,44,postgraduate,0,0.0,0.0,no,0,0,175.0,104.0,78.0,26.26,55.0,82.0,No Heart Disease
P03722,Female,65,uneducated,1,9.0,0.0,no,1,1,271.0,144.5,88.0,32.41,82.0,116.0,No Heart Disease
P03723,Male,49,graduate,1,15.0,0.0,no,0,0,208.0,118.0,73.0,24.16,75.0,75.0,No Heart Disease
P03724,Female,56,uneducated,1,3.0,0.0,no,1,0,265.0,150.0,84.0,28.66,65.0,73.0,No Heart Disease
P03725,Male,41,graduate,0,0.0,0.0,no,1,0,240.0,158.0,102.0,23.68,75.0,81.0,No Heart Disease
P03726,Female,46,uneducated,0,0.0,0.0,no,1,0,212.0,148.0,91.5,26.22,62.0,75.0,No Heart Disease
P03727,Female,56,graduate,1,1.0,0.0,no,1,0,260.0,120.0,84.0,36.18,80.0,76.0,No Heart Disease
P03728,Female,59,graduate,0,0.0,0.0,no,1,0,330.0,155.0,90.0,23.94,75.0,96.0,No Heart Disease
P03729,Male,45,graduate,0,0.0,0.0,no,0,0,185.0,108.0,70.0,20.5,60.0,87.0,No Heart Disease
P03730,Male,63,graduate,0,0.0,0.0,no,1,0,161.0,196.0,102.0,28.43,56.0,88.0,No Heart Disease
P03731,Male,59,uneducated,1,15.0,0.0,no,0,0,259.0,116.0,83.0,27.93,80.0,83.0,No Heart Disease
P03732,Male,60,uneducated,0,0.0,0.0,no,1,0,220.0,167.5,110.0,30.41,90.0,84.0,Heart Disease
P03733,Female,48,postgraduate,1,9.0,0.0,no,1,0,340.0,143.0,93.0,23.08,85.0,83.0,No Heart Disease
P03734,Female,50,postgraduate,1,30.0,0.0,no,0,0,165.0,96.5,62.5,23.48,87.0,78.0,No Heart Disease
P03735,Female,45,primaryschool,1,3.0,0.0,no,0,0,220.0,133.5,85.5,25.38,65.0,73.0,No Heart Disease
P03736,Female,55,uneducated,0,0.0,0.0,no,0,0,257.0,132.0,81.0,27.49,60.0,86.0,No Heart Disease
P03737,Male,55,uneducated,0,0.0,0.0,no,0,0,237.0,124.0,84.0,28.18,63.0,97.0,No Heart Disease
P03738,Female,41,primaryschool,1,20.0,,no,0,0,220.0,126.0,78.0,20.7,86.0,79.0,No Heart Disease
P03739,Female,57,uneducated,1,1.0,0.0,no,1,0,254.0,146.5,81.0,41.61,72.0,85.0,Heart Disease
P03740,Female,65,uneducated,0,0.0,0.0,no,1,1,193.0,153.0,100.0,32.0,75.0,107.0,No Heart Disease
P03741,Male,36,primaryschool,0,0.0,0.0,no,0,0,230.0,122.0,78.0,26.53,45.0,78.0,No Heart Disease
P03742,Male,60,graduate,0,0.0,0.0,yes,1,0,203.0,140.0,95.0,28.04,60.0,83.0,No Heart Disease
P03743,Female,44,graduate,1,20.0,0.0,no,1,0,284.0,143.0,92.0,21.19,84.0,88.0,No Heart Disease
P03744,Male,39,primaryschool,1,40.0,0.0,no,0,0,218.0,112.5,60.0,24.0,65.0,,No Heart Disease
P03745,Female,55,uneducated,1,9.0,0.0,no,1,0,244.0,145.5,94.0,28.86,62.0,72.0,No Heart Disease
P03746,Female,61,uneducated,0,0.0,0.0,no,1,0,240.0,163.0,112.5,26.8,75.0,82.0,No Heart Disease
P03747,Female,38,primaryschool,1,3.0,0.0,no,0,0,180.0,115.0,86.0,24.91,70.0,,No Heart Disease
P03748,Female,59,primaryschool,0,0.0,0.0,no,1,0,233.0,149.0,85.0,24.67,120.0,72.0,No Heart Disease
P03749,Female,60,uneducated,0,0.0,0.0,no,0,0,275.0,134.0,74.0,19.91,66.0,85.0,No Heart Disease
P03750,Female,54,uneducated,0,0.0,0.0,no,0,1,223.0,110.0,67.5,21.22,78.0,294.0,No Heart Disease
P03751,Female,45,primaryschool,1,10.0,0.0,no,1,0,232.0,163.0,101.0,23.26,100.0,74.0,No Heart Disease
P03752,Female,38,primaryschool,1,35.0,0.0,no,0,0,192.0,107.0,71.0,24.28,75.0,,No Heart Disease
P03753,Female,56,primaryschool,0,0.0,0.0,no,0,0,225.0,113.0,75.5,27.51,86.0,104.0,No Heart Disease
P03754,Female,35,graduate,0,0.0,0.0,no,0,0,190.0,115.0,77.0,23.95,70.0,80.0,No Heart Disease
P03755,Male,34,uneducated,1,5.0,0.0,no,0,0,185.0,100.5,66.0,24.42,70.0,115.0,No Heart Disease
P03756,Female,44,uneducated,1,7.0,0.0,no,0,0,189.0,107.5,78.0,26.95,60.0,,No Heart Disease
P03757,Female,46,graduate,1,15.0,0.0,no,1,0,274.0,158.0,97.0,22.83,92.0,78.0,No Heart Disease
P03758,Male,45,uneducated,1,20.0,0.0,no,0,0,212.0,118.0,71.0,21.03,66.0,83.0,No Heart Disease
P03759,Female,50,postgraduate,1,15.0,0.0,no,0,0,261.0,110.0,76.0,23.31,75.0,85.0,No Heart Disease
P03760,Female,55,graduate,0,0.0,0.0,no,1,0,262.0,122.5,84.0,28.68,66.0,76.0,Heart Disease
P03761,Male,53,uneducated,1,20.0,0.0,no,0,0,231.0,130.0,71.5,25.23,75.0,75.0,No Heart Disease
P03762,Female,60,uneducated,1,5.0,0.0,no,1,0,246.0,160.0,92.0,26.38,80.0,73.0,No Heart Disease
P03763,Male,39,primaryschool,1,15.0,0.0,no,0,0,318.0,118.0,75.5,27.52,65.0,70.0,No Heart Disease
P03764,Female,61,,0,0.0,0.0,no,1,1,231.0,161.5,88.0,31.03,85.0,166.0,No Heart Disease
P03765,Female,34,,1,10.0,0.0,no,0,0,185.0,108.5,86.0,19.68,75.0,,No Heart Disease
P03766,Female,40,primaryschool,1,20.0,0.0,no,0,0,176.0,99.0,59.0,22.13,65.0,78.0,No Heart Disease
P03767,Male,52,uneducated,1,20.0,0.0,no,0,0,239.0,125.0,88.0,23.86,67.0,123.0,No Heart Disease
P03768,Male,35,primaryschool,1,20.0,0.0,no,0,0,227.0,106.0,73.0,29.27,70.0,79.0,No Heart Disease
P03769,Male,49,primaryschool,1,2.0,0.0,no,0,0,262.0,115.0,83.0,22.86,65.0,57.0,Heart Disease
P03770,Male,43,primaryschool,1,45.0,0.0,no,1,0,201.0,126.0,82.0,29.48,76.0,92.0,No Heart Disease
P03771,Male,40,uneducated,1,20.0,0.0,no,0,0,290.0,120.0,89.0,27.99,80.0,66.0,No Heart Disease
P03772,Female,40,uneducated,1,5.0,0.0,no,0,0,199.0,97.0,64.5,23.41,71.0,,No Heart Disease
P03773,Male,39,primaryschool,1,10.0,0.0,no,0,0,215.0,102.0,64.5,24.5,68.0,62.0,No Heart Disease
P03774,Male,50,uneducated,1,30.0,0.0,no,0,0,196.0,131.0,80.0,20.42,108.0,,No Heart Disease
P03775,Female,51,primaryschool,0,0.0,0.0,no,0,0,295.0,131.0,87.0,24.41,85.0,77.0,No Heart Disease
P03776,Female,59,uneducated,0,0.0,0.0,no,1,0,254.0,143.5,92.5,35.11,80.0,,No Heart Disease
P03777,Male,37,primaryschool,0,0.0,0.0,no,0,0,228.0,113.0,83.0,24.81,58.0,73.0,No Heart Disease
P03778,Female,61,uneducated,1,20.0,0.0,no,0,0,286.0,141.0,81.0,23.61,80.0,52.0,No Heart Disease
P03779,Female,47,uneducated,1,20.0,0.0,no,0,1,186.0,139.0,85.0,27.9,80.0,125.0,No Heart Disease
P03780,Female,67,postgraduate,0,0.0,0.0,no,0,0,281.0,101.0,59.0,23.1,63.0,85.0,Heart Disease
P03781,Female,64,primaryschool,1,20.0,0.0,no,1,0,282.0,142.0,82.0,24.02,78.0,,No Heart Disease
P03782,Female,55,uneducated,0,0.0,0.0,no,0,0,204.0,100.5,62.0,29.44,82.0,88.0,No Heart Disease
P03783,Female,41,uneducated,0,0.0,0.0,no,0,0,252.0,133.0,90.0,26.83,83.0,64.0,No Heart Disease
P03784,Female,60,postgraduate,0,0.0,0.0,no,0,0,247.0,131.0,81.0,22.19,95.0,94.0,Heart Disease
P03785,Female,42,primaryschool,1,3.0,0.0,no,0,0,220.0,129.0,81.0,19.74,80.0,61.0,No Heart Disease
P03786,Female,38,uneducated,0,0.0,0.0,no,0,0,214.0,115.0,90.0,25.69,80.0,65.0,No Heart Disease
P03787,Male,47,uneducated,1,30.0,0.0,no,0,0,277.0,137.0,86.0,26.25,75.0,85.0,No Heart Disease
P03788,Female,49,graduate,0,0.0,0.0,no,0,0,203.0,125.0,70.0,22.52,72.0,,No Heart Disease
P03789,Male,61,uneducated,0,0.0,0.0,no,0,0,238.0,119.0,78.0,25.36,80.0,75.0,No Heart Disease
P03790,Male,52,graduate,0,0.0,0.0,no,1,0,232.0,154.0,92.0,26.51,90.0,74.0,No Heart Disease
P03791,Female,56,postgraduate,0,0.0,0.0,no,1,0,246.0,136.0,87.0,26.21,80.0,72.0,Heart Disease
P03792,Male,54,postgraduate,1,30.0,,no,1,0,234.0,152.5,80.0,23.5,75.0,75.0,No Heart Disease
P03793,Female,34,graduate,0,0.0,0.0,no,0,0,227.0,102.0,68.0,24.96,80.0,75.0,No Heart Disease
P03794,Male,58,graduate,0,0.0,1.0,yes,1,0,241.0,164.0,97.0,32.18,65.0,54.0,No Heart Disease
P03795,Female,54,primaryschool,1,20.0,1.0,no,1,0,325.0,170.0,107.0,25.07,90.0,64.0,No Heart Disease
P03796,Female,48,uneducated,0,0.0,0.0,no,1,0,224.0,152.5,90.0,29.8,67.0,85.0,No Heart Disease
P03797,Female,59,uneducated,0,0.0,0.0,no,0,0,254.0,116.0,71.0,25.48,75.0,98.0,Heart Disease
P03798,Male,53,primaryschool,0,0.0,0.0,no,0,1,234.0,113.0,68.0,24.8,76.0,108.0,Heart Disease
P03799,Male,43,primaryschool,0,0.0,0.0,no,0,0,210.0,127.5,82.5,27.94,78.0,80.0,No Heart Disease
P03800,Male,54,graduate,1,30.0,0.0,no,1,0,267.0,141.5,91.0,25.36,92.0,87.0,Heart Disease
P03801,Female,48,uneducated,0,0.0,0.0,no,0,0,274.0,110.0,84.0,22.51,110.0,78.0,No Heart Disease
P03802,Female,48,graduate,0,0.0,0.0,no,0,0,262.0,125.0,80.0,25.23,85.0,72.0,No Heart Disease
P03803,Female,46,graduate,1,10.0,0.0,no,0,0,205.0,115.0,75.0,19.48,55.0,78.0,No Heart Disease
P03804,Male,43,primaryschool,1,40.0,0.0,no,1,0,188.0,137.0,87.0,26.28,75.0,73.0,No Heart Disease
P03805,Female,53,postgraduate,0,0.0,0.0,no,1,0,263.0,173.0,89.0,23.03,65.0,82.0,Heart Disease
P03806,Male,51,uneducated,1,40.0,0.0,no,1,0,227.0,162.5,104.0,34.97,90.0,65.0,Heart Disease
P03807,Female,52,primaryschool,1,20.0,0.0,no,0,0,410.0,105.0,67.5,27.33,75.0,90.0,No Heart Disease
P03808,Female,43,postgraduate,0,0.0,0.0,no,0,0,223.0,100.0,70.0,22.73,63.0,68.0,No Heart Disease
P03809,Male,65,uneducated,1,6.0,0.0,no,1,0,238.0,146.0,86.0,29.47,75.0,66.0,No Heart Disease
P03810,Male,50,graduate,0,0.0,0.0,no,1,1,232.0,148.5,94.0,25.78,80.0,88.0,Heart Disease
P03811,Female,49,uneducated,1,5.0,0.0,no,0,0,350.0,135.0,86.5,25.56,75.0,83.0,Heart Disease
P03812,Male,35,primaryschool,1,20.0,0.0,no,0,0,223.0,128.0,82.0,19.99,80.0,67.0,No Heart Disease
P03813,Female,61,uneducated,1,9.0,0.0,no,0,0,252.0,119.0,77.0,23.2,65.0,65.0,No Heart Disease
P03814,Female,44,graduate,0,0.0,0.0,no,0,0,257.0,129.0,93.0,27.56,75.0,76.0,No Heart Disease
P03815,Male,41,postgraduate,1,30.0,0.0,no,0,0,289.0,109.0,74.0,25.8,70.0,86.0,No Heart Disease
P03816,Male,60,uneducated,0,0.0,0.0,no,0,0,266.0,115.5,82.5,23.68,82.0,83.0,Heart Disease
P03817,Female,56,uneducated,0,0.0,,no,1,0,391.0,126.0,84.0,24.83,80.0,78.0,No Heart Disease
P03818,Male,47,primaryschool,1,20.0,0.0,no,1,1,296.0,141.0,93.0,28.5,68.0,332.0,Heart Disease
P03819,Female,41,primaryschool,1,20.0,0.0,no,0,0,235.0,129.0,94.0,23.71,102.0,81.0,No Heart Disease
P03820,Female,53,primaryschool,0,0.0,0.0,no,1,0,230.0,170.0,113.0,29.55,115.0,115.0,No Heart Disease
P03821,Male,48,uneducated,0,0.0,0.0,no,0,0,231.0,121.0,81.0,27.56,70.0,85.0,No Heart Disease
P03822,Male,39,primaryschool,1,25.0,0.0,no,0,0,206.0,124.0,78.0,19.98,69.0,80.0,No Heart Disease
P03823,Female,38,graduate,0,0.0,0.0,no,0,0,185.0,100.0,72.0,22.15,85.0,83.0,No Heart Disease
P03824,Female,65,uneducated,0,0.0,0.0,no,1,0,223.0,158.0,90.0,27.26,85.0,93.0,Heart Disease
P03825,Female,39,graduate,1,8.0,0.0,no,0,0,192.0,109.0,61.0,23.36,64.0,84.0,No Heart Disease
P03826,Female,37,primaryschool,0,0.0,0.0,no,0,0,185.0,99.0,59.0,22.52,70.0,69.0,No Heart Disease
P03827,Female,37,uneducated,0,0.0,0.0,no,0,0,181.0,120.5,80.0,26.29,71.0,67.0,No Heart Disease
P03828,Female,39,graduate,0,0.0,0.0,no,0,0,190.0,133.0,87.0,32.09,56.0,80.0,No Heart Disease
P03829,Female,52,uneducated,1,10.0,0.0,no,0,0,188.0,130.0,71.0,23.88,80.0,89.0,No Heart Disease
P03830,Male,55,postgraduate,0,0.0,0.0,no,0,0,232.0,132.5,87.0,20.72,72.0,71.0,No Heart Disease
P03831,Male,62,uneducated,0,0.0,0.0,no,0,0,252.0,156.5,93.0,28.65,88.0,97.0,Heart Disease
P03832,Male,46,uneducated,1,20.0,0.0,no,0,0,288.0,131.0,81.0,25.94,90.0,80.0,No Heart Disease
P03833,Male,52,primaryschool,1,30.0,0.0,no,0,0,222.0,108.0,70.0,23.09,72.0,61.0,No Heart Disease
P03834,Male,68,uneducated,0,0.0,0.0,no,1,0,276.0,127.0,66.5,25.78,75.0,104.0,Heart Disease
P03835,Male,45,graduate,1,20.0,0.0,no,0,0,207.0,111.0,72.0,21.49,67.0,87.0,No Heart Disease
P03836,Female,62,uneducated,0,0.0,0.0,no,0,0,266.0,124.0,69.0,22.9,66.0,82.0,Heart Disease
P03837,Female,53,primaryschool,0,0.0,0.0,no,1,0,279.0,167.0,101.0,30.85,90.0,87.0,No Heart Disease
P03838,Female,42,graduate,0,0.0,0.0,no,0,0,215.0,111.0,72.0,25.38,77.0,55.0,No Heart Disease
P03839,Female,65,uneducated,0,0.0,1.0,no,1,0,342.0,168.5,98.5,23.87,75.0,60.0,No Heart Disease
P03840,Male,63,uneducated,0,0.0,0.0,no,1,1,260.0,155.5,98.0,30.08,67.0,109.0,Heart Disease
P03841,Female,49,graduate,1,15.0,0.0,no,0,0,267.0,107.0,74.0,27.8,65.0,75.0,No Heart Disease
P03842,Female,52,primaryschool,0,0.0,0.0,no,0,0,209.0,111.0,79.0,23.63,96.0,70.0,No Heart Disease
P03843,Female,45,uneducated,0,0.0,0.0,no,0,0,219.0,123.5,80.5,24.45,65.0,83.0,No Heart Disease
P03844,Male,53,uneducated,1,3.0,0.0,no,0,0,218.0,120.0,80.0,29.87,90.0,73.0,Heart Disease
P03845,Female,62,graduate,1,20.0,1.0,no,1,1,358.0,215.0,110.0,37.62,110.0,368.0,Heart Disease
P03846,Male,40,graduate,1,30.0,0.0,no,0,0,190.0,110.0,70.0,24.63,60.0,72.0,No Heart Disease
P03847,Male,57,uneducated,0,0.0,1.0,no,1,0,321.0,192.5,113.0,25.94,63.0,90.0,Heart Disease
P03848,Female,41,uneducated,1,,0.0,no,0,0,171.0,135.0,82.5,24.35,79.0,82.0,No Heart Disease
P03849,Male,37,postgraduate,1,30.0,0.0,no,0,0,170.0,111.0,74.0,26.0,80.0,67.0,No Heart Disease
P03850,Female,46,primaryschool,1,15.0,0.0,no,0,1,233.0,106.0,60.0,20.84,75.0,348.0,No Heart Disease
P03851,Male,38,primaryschool,1,30.0,0.0,no,1,0,266.0,149.0,91.0,31.08,69.0,61.0,No Heart Disease
P03852,Male,48,primaryschool,1,40.0,0.0,no,0,0,228.0,110.0,70.0,21.47,70.0,76.0,No Heart Disease
P03853,Female,62,uneducated,0,0.0,0.0,no,0,0,242.0,137.0,75.0,30.51,60.0,78.0,No Heart Disease
P03854,Female,55,postgraduate,0,0.0,0.0,no,1,0,260.0,172.5,100.5,32.27,58.0,72.0,Heart Disease
P03855,Male,68,uneducated,0,0.0,0.0,no,0,0,237.0,130.0,62.0,33.52,60.0,82.0,No Heart Disease
P03856,Male,45,uneducated,0,0.0,0.0,no,0,0,213.0,130.0,80.0,27.25,68.0,75.0,No Heart Disease
P03857,Male,58,uneducated,1,20.0,0.0,no,0,0,290.0,124.0,76.0,21.65,63.0,81.0,No Heart Disease
P03858,Female,46,uneducated,0,0.0,0.0,no,0,0,199.0,102.0,56.0,21.96,80.0,84.0,No Heart Disease
P03859,Female,43,primaryschool,1,20.0,0.0,no,0,0,163.0,104.5,65.0,17.84,75.0,71.0,Heart Disease
P03860,Female,43,uneducated,1,20.0,0.0,no,0,0,204.0,133.0,86.5,26.01,100.0,79.0,No Heart Disease
P03861,Female,38,postgraduate,0,0.0,0.0,no,0,0,254.0,120.5,76.0,22.73,75.0,78.0,No Heart Disease
P03862,Female,64,graduate,0,0.0,0.0,no,1,0,200.0,151.0,90.0,21.99,70.0,87.0,No Heart Disease
P03863,Female,67,graduate,1,5.0,1.0,no,1,0,245.0,169.0,82.0,26.05,122.0,122.0,No Heart Disease
P03864,Male,45,postgraduate,1,10.0,0.0,no,1,0,255.0,111.0,80.0,30.92,72.0,80.0,No Heart Disease
P03865,Male,37,primaryschool,1,20.0,0.0,no,0,0,220.0,130.0,83.0,26.71,68.0,,No Heart Disease
P03866,Male,45,graduate,0,0.0,0.0,no,0,0,347.0,157.0,98.0,26.63,88.0,80.0,No Heart Disease
P03867,Male,48,uneducated,0,0.0,0.0,no,1,0,259.0,147.5,87.5,25.1,65.0,73.0,Heart Disease
P03868,Male,61,graduate,1,30.0,0.0,no,0,0,228.0,123.0,88.0,26.88,95.0,67.0,No Heart Disease
P03869,Male,52,,0,0.0,0.0,no,0,1,232.0,130.0,74.0,32.52,95.0,248.0,Heart Disease
P03870,Female,64,primaryschool,0,0.0,0.0,no,1,0,279.0,172.0,87.0,24.01,80.0,70.0,No Heart Disease
P03871,Female,57,uneducated,0,0.0,0.0,no,1,0,277.0,148.0,89.5,31.82,86.0,89.0,No Heart Disease
P03872,Male,45,uneducated,1,20.0,0.0,no,1,0,256.0,144.0,96.0,26.6,75.0,83.0,No Heart Disease
P03873,Female,46,primaryschool,1,20.0,0.0,no,0,0,291.0,124.0,81.0,22.02,78.0,,Heart Disease
P03874,Male,46,,0,0.0,0.0,no,0,0,188.0,135.0,95.0,26.84,60.0,78.0,No Heart Disease
P03875,Male,38,postgraduate,1,15.0,0.0,no,0,0,248.0,110.0,61.0,22.17,85.0,55.0,Heart Disease
P03876,Female,56,uneducated,1,40.0,0.0,no,1,0,214.0,147.0,65.0,17.68,110.0,87.0,Heart Disease
P03877,Female,59,uneducated,0,0.0,0.0,no,1,0,244.0,160.0,85.0,29.41,72.0,85.0,No Heart Disease
P03878,Female,48,graduate,0,0.0,0.0,no,1,0,205.0,140.0,99.0,24.41,100.0,92.0,No Heart Disease
P03879,Male,61,uneducated,0,0.0,0.0,no,0,0,300.0,127.0,75.0,24.93,48.0,,No Heart Disease
P03880,Male,40,postgraduate,1,40.0,0.0,no,0,0,334.0,120.0,77.0,22.66,82.0,92.0,No Heart Disease
P03881,Male,41,primaryschool,0,0.0,0.0,no,0,0,246.0,111.5,67.0,18.76,65.0,60.0,No Heart Disease
P03882,Female,45,uneducated,0,0.0,0.0,no,0,0,285.0,120.0,80.0,27.45,84.0,93.0,No Heart Disease
P03883,Male,59,uneducated,1,43.0,0.0,no,0,0,162.0,117.0,73.0,25.01,96.0,87.0,No Heart Disease
P03884,Female,58,primaryschool,0,0.0,0.0,no,1,0,345.0,188.0,102.0,28.89,95.0,,No Heart Disease
P03885,Male,47,postgraduate,0,0.0,0.0,no,1,0,270.0,152.5,108.0,26.09,90.0,88.0,Heart Disease
P03886,Female,39,postgraduate,0,0.0,0.0,no,0,0,181.0,112.0,71.0,21.8,77.0,67.0,No Heart Disease
P03887,Male,65,postgraduate,0,0.0,0.0,no,0,0,205.0,106.0,73.0,23.14,66.0,87.0,No Heart Disease
P03888,Male,37,uneducated,1,30.0,0.0,no,0,0,189.0,127.0,85.0,32.35,88.0,84.0,No Heart Disease
P03889,Male,40,primaryschool,0,0.0,0.0,no,0,0,192.0,128.0,81.0,25.41,75.0,76.0,No Heart Disease
P03890,Female,53,uneducated,0,0.0,0.0,no,1,0,272.0,165.0,95.0,28.92,100.0,100.0,No Heart Disease
P03891,Female,38,graduate,1,20.0,0.0,no,0,0,167.0,105.0,70.0,19.76,80.0,80.0,No Heart Disease
P03892,Female,57,postgraduate,0,0.0,0.0,no,1,0,236.0,164.0,100.0,25.45,90.0,67.0,No Heart Disease
P03893,Male,42,uneducated,1,20.0,0.0,no,0,0,143.0,119.0,73.0,22.04,60.0,70.0,No Heart Disease
P03894,Female,39,primaryschool,0,0.0,0.0,no,0,0,202.0,100.5,67.0,21.33,63.0,,No Heart Disease
P03895,Female,39,postgraduate,1,25.0,0.0,no,0,0,200.0,110.0,68.0,20.24,79.0,62.0,No Heart Disease
P03896,Female,65,uneducated,0,0.0,0.0,no,1,1,304.0,139.0,75.0,25.12,82.0,116.0,No Heart Disease
P03897,Female,46,uneducated,1,10.0,0.0,no,0,0,263.0,110.0,65.0,27.27,84.0,73.0,No Heart Disease
P03898,Male,58,primaryschool,0,0.0,0.0,no,1,0,230.0,128.0,88.0,25.98,75.0,58.0,No Heart Disease
P03899,Male,68,uneducated,0,0.0,0.0,no,0,0,258.0,128.0,79.0,29.54,85.0,86.0,No Heart Disease
P03900,Male,40,postgraduate,0,0.0,0.0,no,1,0,240.0,150.0,98.0,40.38,70.0,74.0,No Heart Disease
P03901,Male,38,postgraduate,0,0.0,0.0,no,0,0,210.0,116.5,74.0,21.19,65.0,89.0,No Heart Disease
P03902,Male,55,uneducated,0,0.0,0.0,no,0,0,199.0,134.0,80.0,26.41,120.0,,No Heart Disease
P03903,Male,52,uneducated,1,20.0,0.0,no,1,0,232.0,155.0,80.5,29.6,72.0,67.0,No Heart Disease
P03904,Female,63,uneducated,0,0.0,0.0,no,1,0,258.0,166.0,92.0,26.91,75.0,,No Heart Disease
P03905,Female,54,uneducated,0,0.0,0.0,no,0,0,260.0,173.0,88.0,27.2,73.0,87.0,No Heart Disease
P03906,Male,44,uneducated,0,0.0,0.0,no,1,0,212.0,130.0,94.0,26.97,80.0,64.0,No Heart Disease
P03907,Female,47,graduate,0,0.0,0.0,no,0,0,230.0,137.0,79.0,27.13,75.0,76.0,Heart Disease
P03908,Female,42,primaryschool,0,0.0,0.0,no,0,0,205.0,112.0,65.0,27.35,79.0,60.0,No Heart Disease
P03909,Male,59,graduate,1,20.0,0.0,no,1,0,206.0,187.0,97.0,26.0,100.0,69.0,No Heart Disease
P03910,Male,55,uneducated,1,20.0,0.0,no,0,0,243.0,116.0,72.0,24.73,95.0,72.0,No Heart Disease
P03911,Female,40,primaryschool,0,0.0,0.0,no,0,0,202.0,139.0,85.0,22.01,85.0,64.0,No Heart Disease
P03912,Male,43,primaryschool,0,0.0,0.0,no,0,0,200.0,141.0,89.0,26.59,80.0,105.0,No Heart Disease
P03913,Male,43,postgraduate,1,20.0,0.0,no,0,0,184.0,127.5,81.0,28.31,108.0,75.0,No Heart Disease
P03914,Female,36,primaryschool,1,25.0,0.0,no,0,0,190.0,122.0,83.0,23.07,85.0,,No Heart Disease
P03915,Female,56,primaryschool,0,0.0,0.0,no,1,0,233.0,173.0,98.5,21.88,62.0,76.0,No Heart Disease
P03916,Female,52,uneducated,0,0.0,0.0,no,1,0,203.0,129.0,97.0,37.58,90.0,77.0,No Heart Disease
P03917,Male,62,uneducated,1,30.0,0.0,no,0,0,373.0,138.5,85.0,23.35,80.0,67.0,No Heart Disease
P03918,Female,44,primaryschool,1,10.0,0.0,no,0,0,222.0,130.0,86.0,27.42,100.0,84.0,No Heart Disease
P03919,Female,63,uneducated,0,0.0,0.0,no,0,0,316.0,92.5,66.5,23.1,62.0,76.0,Heart Disease
P03920,Male,57,uneducated,0,0.0,0.0,no,1,0,155.0,143.0,96.0,31.01,63.0,88.0,No Heart Disease
P03921,Male,38,uneducated,1,9.0,0.0,no,0,0,305.0,114.0,80.0,28.61,75.0,71.0,No Heart Disease
P03922,Female,38,graduate,1,35.0,0.0,no,0,0,164.0,110.0,76.0,23.85,68.0,83.0,No Heart Disease
P03923,Male,38,primaryschool,0,0.0,0.0,no,0,0,155.0,131.5,77.5,25.94,74.0,84.0,No Heart Disease
P03924,Male,59,uneducated,0,0.0,0.0,no,1,0,248.0,151.5,71.0,27.14,75.0,110.0,No Heart Disease
P03925,Female,52,primaryschool,1,,0.0,no,1,0,292.0,157.0,112.0,29.56,95.0,84.0,No Heart Disease
P03926,Female,39,uneducated,0,0.0,0.0,no,1,0,173.0,109.0,82.0,27.27,85.0,,No Heart Disease
P03927,Female,35,primaryschool,1,20.0,0.0,no,0,0,185.0,131.5,84.0,20.32,64.0,76.0,No Heart Disease
P03928,Female,61,uneducated,0,0.0,1.0,yes,1,0,225.0,194.0,111.0,51.28,80.0,103.0,No Heart Disease
P03929,Male,67,primaryschool,1,60.0,0.0,no,1,0,261.0,170.0,100.0,22.71,72.0,79.0,Heart Disease
P03930,Female,56,primaryschool,1,25.0,0.0,no,0,0,273.0,130.5,82.0,25.48,90.0,91.0,No Heart Disease
P03931,Female,55,graduate,0,0.0,0.0,no,1,0,237.0,153.0,80.0,28.9,74.0,72.0,No Heart Disease
P03932,Male,48,primaryschool,1,25.0,0.0,no,1,0,249.0,132.0,95.0,29.79,90.0,53.0,No Heart Disease
P03933,Female,51,graduate,1,15.0,0.0,no,1,0,275.0,150.0,99.0,23.17,75.0,65.0,No Heart Disease
P03934,Female,43,postgraduate,1,10.0,0.0,no,0,0,214.0,133.0,86.0,22.72,74.0,77.0,No Heart Disease
P03935,Male,40,uneducated,1,20.0,0.0,no,0,0,191.0,130.5,63.0,23.92,79.0,66.0,No Heart Disease
P03936,Female,46,uneducated,0,0.0,0.0,no,0,0,212.0,118.0,79.0,26.83,70.0,72.0,No Heart Disease
P03937,Male,62,uneducated,0,0.0,0.0,no,1,0,208.0,144.0,80.0,31.42,75.0,66.0,Heart Disease
P03938,Female,35,primaryschool,0,0.0,0.0,no,0,0,175.0,121.5,74.5,20.86,92.0,93.0,No Heart Disease
P03939,Female,49,graduate,1,4.0,0.0,no,1,0,227.0,150.0,91.0,24.3,88.0,83.0,No Heart Disease
P03940,Male,49,primaryschool,0,0.0,0.0,no,0,0,239.0,116.0,84.0,31.47,88.0,76.0,No Heart Disease
P03941,Female,47,uneducated,1,30.0,0.0,no,0,0,260.0,126.5,81.0,26.58,90.0,82.0,No Heart Disease
P03942,Female,45,postgraduate,1,10.0,0.0,no,0,0,202.0,93.5,58.0,21.25,60.0,60.0,No Heart Disease
P03943,Female,39,graduate,1,,0.0,no,0,0,197.0,126.5,76.5,19.71,55.0,63.0,No Heart Disease
P03944,Male,51,,0,0.0,0.0,no,0,0,219.0,125.0,84.0,20.12,72.0,76.0,No Heart Disease
P03945,Female,51,primaryschool,0,0.0,0.0,no,1,0,346.0,152.0,96.5,25.29,102.0,79.0,No Heart Disease
P03946,Female,55,uneducated,0,0.0,0.0,no,0,0,250.0,132.0,88.0,22.62,78.0,70.0,No Heart Disease
P03947,Female,57,primaryschool,0,0.0,0.0,no,1,0,250.0,152.5,92.5,32.31,75.0,94.0,No Heart Disease
P03948,Male,52,uneducated,1,20.0,0.0,no,1,0,283.0,145.0,79.0,30.12,72.0,,Heart Disease
P03949,Female,41,uneducated,0,0.0,0.0,no,0,0,179.0,111.0,79.0,25.87,85.0,82.0,No Heart Disease
P03950,Male,48,primaryschool,1,10.0,0.0,no,0,0,260.0,124.5,75.5,20.42,68.0,85.0,No Heart Disease
P03951,Female,48,uneducated,0,0.0,0.0,no,0,0,202.0,111.5,72.0,26.18,74.0,77.0,No Heart Disease
P03952,Female,47,uneducated,0,0.0,0.0,no,0,0,200.0,126.0,86.0,26.32,73.0,92.0,Heart Disease
P03953,Female,53,uneducated,0,0.0,1.0,yes,1,0,291.0,137.0,83.0,38.94,75.0,73.0,No Heart Disease
P03954,Female,44,primaryschool,1,10.0,0.0,no,1,0,174.0,174.0,130.0,33.99,80.0,63.0,No Heart Disease
P03955,Male,63,postgraduate,1,43.0,0.0,no,0,0,217.0,110.0,68.0,21.99,72.0,68.0,Heart Disease
P03956,Male,59,uneducated,0,0.0,0.0,no,1,0,313.0,150.0,82.0,27.27,62.0,94.0,No Heart Disease
P03957,Female,41,postgraduate,0,0.0,0.0,no,0,0,240.0,118.0,81.0,25.48,80.0,80.0,No Heart Disease
P03958,Male,41,postgraduate,1,40.0,0.0,no,0,0,254.0,141.0,100.0,27.68,110.0,,Heart Disease
P03959,Male,39,uneducated,1,43.0,0.0,no,1,0,291.0,177.5,100.0,25.74,67.0,91.0,No Heart Disease
P03960,Male,40,primaryschool,1,20.0,0.0,no,0,0,211.0,117.0,76.0,25.74,70.0,79.0,No Heart Disease
P03961,Female,50,uneducated,0,0.0,0.0,no,0,0,,120.0,75.5,24.77,65.0,,No Heart Disease
P03962,Female,39,primaryschool,1,40.0,0.0,no,0,0,,105.0,67.5,24.43,90.0,,No Heart Disease
P03963,Female,66,uneducated,0,0.0,0.0,no,0,0,304.0,161.0,90.0,23.48,80.0,57.0,Heart Disease
P03964,Female,52,uneducated,0,0.0,0.0,no,0,0,292.0,125.0,87.0,31.92,75.0,67.0,No Heart Disease
P03965,Female,39,graduate,0,0.0,0.0,no,0,0,213.0,125.0,87.0,16.73,110.0,75.0,No Heart Disease
P03966,Female,56,primaryschool,0,0.0,0.0,no,1,0,223.0,144.0,87.0,21.75,72.0,92.0,No Heart Disease
P03967,Male,64,uneducated,0,0.0,0.0,no,0,0,263.0,102.5,63.5,28.82,64.0,99.0,No Heart Disease
P03968,Male,42,primaryschool,1,30.0,0.0,no,1,0,270.0,129.5,100.0,30.13,82.0,88.0,Heart Disease
P03969,Female,42,primaryschool,0,0.0,0.0,no,0,0,172.0,120.5,80.0,19.93,80.0,61.0,No Heart Disease
P03970,Female,54,uneducated,1,17.0,0.0,no,0,0,205.0,96.0,66.0,23.26,85.0,75.0,No Heart Disease
P03971,Female,43,primaryschool,1,5.0,0.0,no,0,0,250.0,112.5,76.5,25.23,66.0,63.0,No Heart Disease
P03972,Male,64,graduate,0,0.0,0.0,no,1,1,195.0,176.0,78.0,24.9,95.0,370.0,No Heart Disease
P03973,Female,56,primaryschool,0,0.0,0.0,no,0,0,306.0,120.0,87.0,25.38,82.0,84.0,No Heart Disease
P03974,Female,62,uneducated,0,0.0,0.0,no,1,0,309.0,146.0,82.5,28.55,64.0,71.0,Heart Disease
P03975,Female,64,uneducated,0,0.0,0.0,no,1,1,262.0,147.0,90.0,26.51,85.0,173.0,No Heart Disease
P03976,Male,43,primaryschool,1,43.0,0.0,no,0,0,240.0,126.0,79.0,21.38,88.0,40.0,No Heart Disease
P03977,Female,56,postgraduate,0,0.0,0.0,no,1,0,287.0,169.0,91.0,26.36,94.0,83.0,No Heart Disease
P03978,Female,46,uneducated,1,10.0,0.0,no,0,0,202.0,157.0,94.0,19.37,88.0,65.0,No Heart Disease
P03979,Male,61,graduate,1,15.0,0.0,no,0,0,180.0,110.0,80.0,20.72,77.0,86.0,No Heart Disease
P03980,Female,44,graduate,0,0.0,0.0,no,0,0,180.0,120.0,80.0,21.67,60.0,,Heart Disease
P03981,Female,55,primaryschool,0,0.0,0.0,no,0,0,273.0,125.0,80.0,23.05,85.0,67.0,No Heart Disease
P03982,Female,61,postgraduate,0,0.0,0.0,no,1,0,235.0,207.0,122.5,31.64,80.0,72.0,No Heart Disease
P03983,Female,54,graduate,0,0.0,0.0,no,0,0,238.0,136.5,85.0,24.96,80.0,71.0,No Heart Disease
P03984,Female,41,primaryschool,1,14.0,0.0,no,1,0,188.0,145.0,99.0,28.6,85.0,74.0,No Heart Disease
P03985,Male,51,postgraduate,0,0.0,0.0,no,0,0,199.0,113.0,68.0,22.46,58.0,68.0,No Heart Disease
P03986,Female,35,postgraduate,1,3.0,0.0,no,0,0,185.0,100.0,66.5,24.08,55.0,75.0,No Heart Disease
P03987,Female,46,primaryschool,0,0.0,0.0,no,0,0,203.0,129.0,77.0,29.29,102.0,97.0,No Heart Disease
P03988,Female,51,postgraduate,0,0.0,0.0,no,0,0,239.0,110.0,73.0,22.62,87.0,,No Heart Disease
P03989,Female,51,graduate,1,43.0,0.0,no,0,0,,122.0,76.0,25.73,80.0,,No Heart Disease
P03990,Female,35,primaryschool,0,0.0,0.0,no,0,0,234.0,107.5,70.0,29.22,73.0,,No Heart Disease
P03991,Female,55,primaryschool,0,0.0,0.0,no,0,0,266.0,131.0,76.0,26.45,72.0,84.0,No Heart Disease
P03992,Male,39,postgraduate,1,1.0,0.0,no,0,0,163.0,129.0,84.0,21.01,60.0,120.0,No Heart Disease
P03993,Female,43,uneducated,1,15.0,0.0,no,0,0,179.0,101.0,68.5,19.83,79.0,76.0,No Heart Disease
P03994,Female,40,uneducated,0,0.0,0.0,no,0,0,190.0,122.0,78.0,28.18,86.0,87.0,No Heart Disease
P03995,Female,54,primaryschool,1,10.0,0.0,no,1,0,246.0,153.0,80.0,37.3,92.0,74.0,No Heart Disease
P03996,Male,41,primaryschool,1,15.0,0.0,no,0,0,200.0,118.0,87.0,21.28,73.0,71.0,No Heart Disease
P03997,Female,46,uneducated,0,0.0,0.0,no,0,0,325.0,119.0,86.0,35.13,68.0,64.0,No Heart Disease
P03998,Female,44,uneducated,1,20.0,0.0,no,0,0,205.0,132.5,82.5,30.98,72.0,66.0,No Heart Disease
P03999,Female,37,uneducated,1,9.0,0.0,no,0,0,205.0,111.0,60.5,21.8,65.0,82.0,No Heart Disease
P04000,Male,54,graduate,1,20.0,0.0,no,1,0,298.0,133.0,84.0,25.59,90.0,94.0,No Heart Disease
P04001,Male,46,postgraduate,1,20.0,0.0,no,0,0,200.0,110.0,72.0,28.61,70.0,75.0,No Heart Disease
P04002,Female,58,uneducated,0,0.0,0.0,no,1,0,385.0,165.0,95.0,41.66,82.0,91.0,No Heart Disease
P04003,Female,46,graduate,0,0.0,0.0,no,0,0,277.0,122.5,77.5,27.42,63.0,77.0,No Heart Disease
P04004,Female,53,uneducated,1,10.0,0.0,no,0,0,366.0,116.0,83.0,27.87,68.0,,No Heart Disease
P04005,Male,39,uneducated,1,20.0,0.0,no,0,0,186.0,126.0,67.0,22.04,63.0,72.0,No Heart Disease
P04006,Female,52,postgraduate,0,0.0,0.0,no,0,0,309.0,142.0,87.0,24.22,86.0,110.0,No Heart Disease
P04007,Male,40,postgraduate,1,20.0,0.0,no,0,0,242.0,115.0,74.0,23.09,68.0,80.0,No Heart Disease
P04008,Male,46,primaryschool,0,0.0,0.0,no,1,0,254.0,135.0,100.0,27.86,83.0,75.0,No Heart Disease
P04009,Female,40,primaryschool,0,0.0,,no,0,0,157.0,131.0,85.0,27.38,95.0,78.0,No Heart Disease
P04010,Male,64,uneducated,1,15.0,0.0,no,1,0,240.0,141.0,76.0,24.94,75.0,60.0,No Heart Disease
P04011,Male,48,postgraduate,1,20.0,0.0,no,0,0,245.0,118.0,73.0,21.84,75.0,102.0,No Heart Disease
P04012,Male,44,uneducated,1,25.0,0.0,no,0,0,254.0,123.0,82.0,24.56,87.0,68.0,No Heart Disease
P04013,Female,40,,1,9.0,0.0,no,0,0,262.0,97.0,71.0,22.14,72.0,80.0,No Heart Disease
P04014,Male,39,postgraduate,1,9.0,0.0,no,0,0,271.0,118.0,74.0,22.66,79.0,76.0,No Heart Disease
P04015,Female,55,uneducated,0,0.0,0.0,no,1,0,268.0,140.0,88.0,26.99,85.0,117.0,No Heart Disease
P04016,Female,38,graduate,0,0.0,0.0,no,0,0,159.0,108.0,72.0,27.68,70.0,84.0,No Heart Disease
P04017,Male,62,primaryschool,1,20.0,0.0,no,0,0,264.0,129.0,85.0,26.15,73.0,63.0,No Heart Disease
P04018,Male,39,uneducated,1,15.0,0.0,no,0,0,181.0,115.0,75.0,21.99,67.0,,No Heart Disease
P04019,Male,63,primaryschool,1,6.0,0.0,no,0,0,217.0,125.0,71.0,25.91,75.0,74.0,No Heart Disease
P04020,Male,43,uneducated,1,30.0,0.0,no,1,0,310.0,140.0,92.0,26.0,90.0,88.0,No Heart Disease
P04021,Female,55,uneducated,0,0.0,0.0,no,0,0,266.0,107.0,70.0,24.51,72.0,77.0,No Heart Disease
P04022,Male,53,uneducated,1,40.0,0.0,no,0,0,232.0,136.0,73.0,22.26,73.0,73.0,No Heart Disease
P04023,Male,60,graduate,1,10.0,0.0,no,1,0,250.0,157.0,94.0,29.89,63.0,68.0,Heart Disease
P04024,Male,45,graduate,1,30.0,0.0,no,1,0,233.0,147.0,101.0,24.32,75.0,99.0,No Heart Disease
P04025,Male,48,uneducated,1,30.0,0.0,no,1,0,215.0,133.0,90.0,27.24,75.0,50.0,Heart Disease
P04026,Female,46,graduate,1,1.0,0.0,no,1,0,332.0,162.5,92.5,26.13,67.0,67.0,No Heart Disease
P04027,Male,55,uneducated,1,40.0,0.0,no,0,0,242.0,130.0,85.0,26.79,80.0,93.0,No Heart Disease
P04028,Male,36,primaryschool,0,0.0,0.0,no,1,0,153.0,143.0,87.0,28.3,63.0,82.0,No Heart Disease
P04029,Female,44,postgraduate,1,10.0,0.0,no,0,0,170.0,107.0,70.5,19.28,63.0,,No Heart Disease
P04030,Male,60,uneducated,1,1.0,1.0,no,1,0,232.0,173.0,106.0,28.63,85.0,64.0,No Heart Disease
P04031,Female,34,graduate,0,0.0,0.0,no,0,0,196.0,108.5,68.0,25.67,60.0,82.0,No Heart Disease
P04032,Male,40,primaryschool,1,5.0,0.0,no,0,0,193.0,130.0,86.5,23.48,88.0,78.0,No Heart Disease
P04033,Male,40,uneducated,1,43.0,0.0,no,0,0,325.0,112.0,67.0,25.09,78.0,94.0,No Heart Disease
P04034,Female,49,uneducated,1,15.0,0.0,no,0,0,233.0,112.5,80.0,27.87,96.0,80.0,No Heart Disease
P04035,Female,40,primaryschool,1,20.0,0.0,no,0,0,213.0,130.0,80.0,19.98,96.0,76.0,No Heart Disease
P04036,Female,52,primaryschool,1,5.0,0.0,yes,1,0,205.0,159.0,110.0,28.18,75.0,83.0,Heart Disease
P04037,Female,58,primaryschool,0,0.0,0.0,no,1,0,166.0,185.5,115.5,27.97,100.0,85.0,No Heart Disease
P04038,Female,46,graduate,1,20.0,0.0,no,0,0,259.0,129.0,83.0,22.91,66.0,84.0,No Heart Disease
P04039,Female,39,graduate,0,0.0,0.0,no,0,0,181.0,103.0,62.0,20.68,70.0,69.0,No Heart Disease
P04040,Male,52,uneducated,1,20.0,0.0,no,0,0,225.0,126.0,75.0,22.18,85.0,100.0,Heart Disease
P04041,Male,66,graduate,0,0.0,0.0,no,1,0,226.0,213.0,133.0,25.29,100.0,67.0,No Heart Disease
P04042,Female,56,primaryschool,0,0.0,0.0,no,1,0,199.0,160.0,105.0,25.71,75.0,83.0,No Heart Disease
P04043,Male,44,uneducated,0,0.0,0.0,no,1,1,208.0,175.0,101.0,27.93,95.0,193.0,No Heart Disease
P04044,Male,56,uneducated,1,40.0,0.0,no,0,0,296.0,111.5,74.0,23.38,80.0,71.0,Heart Disease
P04045,Female,39,uneducated,0,0.0,0.0,no,0,0,195.0,129.5,93.5,34.84,85.0,85.0,No Heart Disease
P04046,Male,56,graduate,0,0.0,0.0,no,0,0,177.0,124.0,77.0,27.81,60.0,88.0,No Heart Disease
P04047,Male,46,primaryschool,1,20.0,0.0,no,0,0,214.0,110.0,73.0,18.1,60.0,60.0,No Heart Disease
P04048,Male,37,uneducated,1,20.0,0.0,no,0,0,315.0,118.0,79.5,22.52,82.0,70.0,No Heart Disease
P04049,Female,59,primaryschool,0,0.0,0.0,no,0,0,345.0,148.0,95.0,23.72,79.0,60.0,No Heart Disease
P04050,Male,47,primaryschool,1,30.0,0.0,no,0,0,271.0,150.0,74.0,20.7,70.0,,No Heart Disease
P04051,Male,50,primaryschool,1,20.0,0.0,no,0,0,262.0,97.5,62.5,21.55,80.0,84.0,No Heart Disease
P04052,Male,41,primaryschool,1,20.0,0.0,no,0,0,206.0,124.0,89.0,27.63,80.0,70.0,No Heart Disease
P04053,Male,39,uneducated,1,20.0,0.0,no,0,0,253.0,104.0,64.0,27.48,65.0,74.0,No Heart Disease
P04054,Female,44,uneducated,0,0.0,0.0,no,0,0,160.0,107.0,69.0,18.63,125.0,78.0,No Heart Disease
P04055,Female,48,graduate,0,0.0,0.0,no,0,0,193.0,127.0,81.0,25.85,58.0,70.0,No Heart Disease
P04056,Male,44,primaryschool,1,20.0,0.0,no,0,0,311.0,115.0,80.0,25.43,68.0,90.0,No Heart Disease
P04057,Male,44,primaryschool,0,0.0,0.0,no,0,0,254.0,130.0,80.0,28.15,80.0,74.0,No Heart Disease
P04058,Female,57,primaryschool,1,10.0,1.0,no,1,0,272.0,157.0,80.0,25.15,70.0,95.0,Heart Disease
P04059,Female,48,primaryschool,0,0.0,0.0,no,1,0,224.0,192.5,115.0,23.03,67.0,85.0,Heart Disease
P04060,Male,55,primaryschool,0,0.0,0.0,no,1,0,198.0,176.0,109.0,28.45,60.0,85.0,No Heart Disease
P04061,Male,38,postgraduate,0,0.0,0.0,no,0,0,197.0,121.0,82.0,24.57,60.0,74.0,No Heart Disease
P04062,Male,44,uneducated,0,0.0,0.0,no,0,0,160.0,118.5,87.0,25.81,54.0,,No Heart Disease
P04063,Female,61,graduate,0,0.0,0.0,no,0,0,210.0,112.0,72.0,24.69,80.0,77.0,No Heart Disease
P04064,Female,46,uneducated,0,0.0,0.0,no,1,0,246.0,142.5,95.0,24.28,88.0,99.0,No Heart Disease
P04065,Male,41,primaryschool,1,15.0,0.0,no,0,1,155.0,107.0,81.0,20.96,90.0,191.0,No Heart Disease
P04066,Female,53,postgraduate,0,0.0,0.0,no,0,0,232.0,116.0,71.5,21.31,73.0,83.0,No Heart Disease
P04067,Male,47,primaryschool,1,20.0,0.0,no,0,0,119.0,117.0,78.5,26.4,75.0,78.0,No Heart Disease
P04068,Male,42,primaryschool,1,30.0,0.0,no,0,0,209.0,130.0,86.0,24.01,60.0,55.0,No Heart Disease
P04069,Male,42,graduate,1,30.0,0.0,no,0,0,240.0,133.5,97.5,28.94,86.0,73.0,Heart Disease
P04070,Female,51,graduate,0,0.0,0.0,no,0,0,264.0,135.0,83.0,26.68,60.0,74.0,No Heart Disease
P04071,Female,40,graduate,0,0.0,0.0,no,1,0,202.0,158.0,103.0,28.35,125.0,80.0,No Heart Disease
P04072,Female,52,primaryschool,0,0.0,0.0,no,1,0,296.0,140.0,93.0,26.81,88.0,74.0,No Heart Disease
P04073,Male,53,primaryschool,0,0.0,0.0,no,0,0,275.0,109.0,79.0,27.75,67.0,104.0,No Heart Disease
P04074,Male,51,uneducated,1,30.0,0.0,no,0,0,241.0,118.0,79.0,20.09,70.0,56.0,No Heart Disease
P04075,Female,40,graduate,0,0.0,0.0,no,0,0,220.0,136.0,80.5,22.72,80.0,70.0,No Heart Disease
P04076,Male,63,postgraduate,1,25.0,0.0,no,1,0,203.0,192.5,125.0,26.18,80.0,83.0,Heart Disease
P04077,Female,61,uneducated,0,0.0,1.0,no,1,1,265.0,200.0,125.0,29.5,68.0,256.0,Heart Disease
P04078,Male,43,primaryschool,0,0.0,0.0,no,0,0,222.0,115.0,72.5,25.46,75.0,69.0,No Heart Disease
P04079,Male,42,uneducated,0,0.0,0.0,no,0,0,214.0,120.0,81.0,28.47,78.0,77.0,No Heart Disease
P04080,Male,62,uneducated,1,7.0,0.0,no,0,0,260.0,104.0,69.0,24.02,70.0,93.0,No Heart Disease
P04081,Female,36,uneducated,0,0.0,0.0,no,0,0,195.0,116.0,76.0,22.16,88.0,77.0,No Heart Disease
P04082,Female,63,graduate,0,0.0,0.0,no,0,0,253.0,128.0,81.0,26.92,80.0,102.0,No Heart Disease
P04083,Male,47,,0,0.0,0.0,no,1,0,254.0,137.5,91.0,31.98,75.0,69.0,No Heart Disease
P04084,Female,46,primaryschool,0,0.0,0.0,no,0,0,247.0,115.0,71.0,27.72,82.0,69.0,No Heart Disease
P04085,Female,54,uneducated,0,0.0,0.0,no,1,1,326.0,187.0,95.0,29.94,67.0,235.0,No Heart Disease
P04086,Female,58,uneducated,0,0.0,0.0,no,1,0,239.0,121.0,81.0,35.19,58.0,70.0,No Heart Disease
P04087,Female,55,uneducated,0,0.0,0.0,no,0,0,195.0,133.5,81.5,23.46,90.0,,Heart Disease
P04088,Female,56,uneducated,1,15.0,0.0,no,0,0,262.0,126.0,74.0,27.35,90.0,115.0,No Heart Disease
P04089,Male,47,uneducated,1,20.0,0.0,no,1,0,290.0,143.0,88.0,27.4,96.0,77.0,No Heart Disease
P04090,Female,64,uneducated,0,0.0,0.0,no,1,0,232.0,149.5,84.0,20.49,68.0,96.0,No Heart Disease
P04091,Male,51,uneducated,0,0.0,0.0,no,1,0,220.0,151.0,87.5,22.01,80.0,86.0,No Heart Disease
P04092,Male,43,postgraduate,1,20.0,0.0,no,0,0,198.0,116.0,74.0,23.99,75.0,78.0,No Heart Disease
P04093,Female,40,primaryschool,1,20.0,0.0,no,0,0,221.0,93.0,62.5,18.84,64.0,73.0,No Heart Disease
P04094,Female,46,primaryschool,0,0.0,0.0,no,0,0,229.0,125.0,80.0,27.27,66.0,80.0,No Heart Disease
P04095,Male,64,uneducated,1,5.0,0.0,no,0,0,180.0,121.0,79.0,20.45,77.0,92.0,Heart Disease
P04096,Male,60,primaryschool,0,0.0,0.0,no,1,0,213.0,140.5,83.0,28.59,80.0,69.0,No Heart Disease
P04097,Female,56,uneducated,0,0.0,0.0,no,1,1,273.0,136.0,80.0,27.73,90.0,210.0,Heart Disease
P04098,Male,54,primaryschool,1,40.0,0.0,no,0,0,245.0,152.0,82.0,23.71,75.0,75.0,No Heart Disease
P04099,Male,37,,1,20.0,0.0,no,0,0,184.0,113.0,81.0,22.16,85.0,63.0,No Heart Disease
P04100,Female,61,primaryschool,0,0.0,0.0,no,0,0,271.0,122.0,67.5,22.02,73.0,73.0,No Heart Disease
P04101,Male,69,uneducated,1,1.0,0.0,no,0,0,245.0,123.0,77.0,26.58,70.0,81.0,Heart Disease
P04102,Female,56,uneducated,1,6.0,0.0,no,0,0,217.0,134.0,75.0,29.59,55.0,92.0,No Heart Disease
P04103,Male,50,primaryschool,1,20.0,0.0,no,0,0,256.0,130.0,84.0,28.67,70.0,67.0,No Heart Disease
P04104,Female,51,primaryschool,0,0.0,0.0,no,1,0,238.0,123.0,80.0,22.19,80.0,100.0,No Heart Disease
P04105,Female,38,primaryschool,0,0.0,0.0,no,0,0,175.0,142.0,86.0,22.01,82.0,73.0,No Heart Disease
P04106,Male,43,postgraduate,1,20.0,0.0,no,0,0,171.0,110.0,74.5,25.09,70.0,85.0,No Heart Disease
P04107,Female,46,primaryschool,1,7.0,1.0,no,1,0,282.0,176.0,98.0,33.02,85.0,78.0,No Heart Disease
P04108,Female,43,primaryschool,1,30.0,0.0,no,0,0,199.0,104.0,79.0,20.12,72.0,64.0,No Heart Disease
P04109,Female,56,primaryschool,0,0.0,1.0,no,1,0,260.0,158.0,102.5,26.89,90.0,88.0,No Heart Disease
P04110,Male,54,uneducated,1,20.0,0.0,no,1,0,299.0,146.5,92.0,26.38,100.0,71.0,Heart Disease
P04111,Male,45,uneducated,0,0.0,0.0,no,0,0,220.0,139.0,74.0,27.34,70.0,100.0,No Heart Disease
P04112,Female,61,graduate,0,0.0,0.0,no,0,0,257.0,141.0,80.0,33.9,85.0,60.0,Heart Disease
P04113,Male,49,graduate,0,0.0,0.0,no,0,0,230.0,108.0,68.0,26.17,68.0,82.0,No Heart Disease
P04114,Female,64,graduate,1,20.0,0.0,no,0,0,270.0,142.0,68.0,21.32,76.0,80.0,No Heart Disease
P04115,Female,65,postgraduate,0,0.0,0.0,no,0,0,280.0,115.0,73.0,19.76,65.0,58.0,No Heart Disease
P04116,Female,63,primaryschool,0,0.0,0.0,no,1,0,250.0,190.0,88.0,24.16,94.0,118.0,Heart Disease
P04117,Male,40,graduate,0,0.0,0.0,no,0,0,213.0,149.0,83.0,26.68,69.0,94.0,No Heart Disease
P04118,Male,47,uneducated,0,0.0,0.0,no,1,0,283.0,146.5,97.5,26.25,66.0,73.0,No Heart Disease
P04119,Female,37,primaryschool,0,0.0,0.0,no,0,0,160.0,137.0,82.0,21.03,94.0,113.0,No Heart Disease
P04120,Male,51,uneducated,1,20.0,0.0,no,0,0,195.0,122.0,72.0,21.51,82.0,64.0,Heart Disease
P04121,Male,40,uneducated,1,40.0,0.0,no,0,0,169.0,127.0,81.0,25.82,80.0,83.0,No Heart Disease
P04122,Female,55,,0,0.0,0.0,no,0,0,240.0,145.0,96.0,26.27,72.0,,No Heart Disease
P04123,Male,69,,1,23.0,0.0,no,1,0,186.0,179.0,93.0,26.64,72.0,67.0,No Heart Disease
P04124,Male,51,graduate,0,0.0,0.0,no,1,0,268.0,206.0,116.0,26.35,98.0,70.0,Heart Disease
P04125,Male,57,uneducated,0,0.0,0.0,no,0,0,201.0,108.5,70.5,22.9,50.0,84.0,No Heart Disease
P04126,Female,64,uneducated,0,0.0,0.0,no,1,0,232.0,164.0,102.0,33.37,68.0,73.0,Heart Disease
P04127,Male,38,graduate,0,0.0,0.0,no,1,0,216.0,124.0,84.0,28.12,63.0,75.0,No Heart Disease
P04128,Female,48,uneducated,0,0.0,0.0,no,0,0,287.0,155.0,80.0,28.54,75.0,75.0,No Heart Disease
P04129,Male,53,graduate,0,0.0,0.0,no,0,0,228.0,114.0,80.0,20.54,55.0,75.0,No Heart Disease
P04130,Male,57,uneducated,0,0.0,0.0,no,0,0,176.0,147.5,87.5,24.15,85.0,100.0,No Heart Disease
P04131,Female,45,uneducated,1,2.0,0.0,no,0,0,291.0,125.0,82.0,21.26,75.0,72.0,No Heart Disease
P04132,Male,57,primaryschool,1,20.0,0.0,no,0,0,210.0,120.0,77.5,27.14,77.0,71.0,No Heart Disease
P04133,Female,57,uneducated,0,0.0,0.0,no,1,0,259.0,170.0,101.0,38.17,85.0,75.0,No Heart Disease
P04134,Female,39,graduate,0,0.0,0.0,no,0,0,195.0,97.5,60.0,20.62,64.0,68.0,No Heart Disease
P04135,Male,46,uneducated,1,20.0,0.0,no,0,0,247.0,134.0,96.0,32.47,80.0,72.0,No Heart Disease
P04136,Female,42,uneducated,0,0.0,0.0,no,0,0,179.0,115.0,78.0,25.75,80.0,77.0,No Heart Disease
P04137,Female,42,primaryschool,1,20.0,0.0,no,0,0,235.0,128.0,86.0,24.05,66.0,70.0,No Heart Disease
P04138,Female,42,primaryschool,0,0.0,0.0,no,0,0,238.0,118.0,80.0,33.19,75.0,76.0,No Heart Disease
P04139,Male,67,,1,25.0,0.0,no,1,0,221.0,144.0,84.0,24.92,72.0,73.0,No Heart Disease
P04140,Female,53,graduate,0,0.0,,no,0,0,252.0,122.5,75.5,25.29,75.0,71.0,No Heart Disease
P04141,Male,49,graduate,1,10.0,0.0,no,0,0,305.0,135.0,82.0,26.29,84.0,65.0,No Heart Disease
P04142,Male,48,postgraduate,0,0.0,0.0,no,0,0,206.0,118.0,81.0,28.13,72.0,87.0,No Heart Disease
P04143,Male,47,primaryschool,1,20.0,0.0,no,1,0,234.0,162.0,110.0,27.51,80.0,85.0,No Heart Disease
P04144,Male,55,uneducated,0,0.0,0.0,no,0,0,231.0,105.0,82.0,27.73,75.0,66.0,No Heart Disease
P04145,Male,59,primaryschool,0,0.0,0.0,no,0,0,237.0,131.5,84.0,24.17,90.0,94.0,Heart Disease
P04146,Male,55,uneducated,1,30.0,0.0,no,1,0,239.0,144.0,96.5,28.82,70.0,102.0,No Heart Disease
P04147,Male,42,graduate,0,0.0,0.0,no,0,0,235.0,103.0,70.0,21.48,67.0,73.0,No Heart Disease
P04148,Female,48,uneducated,1,20.0,0.0,no,0,0,202.0,128.0,74.0,25.11,80.0,75.0,No Heart Disease
P04149,Male,42,uneducated,1,43.0,0.0,no,0,0,226.0,108.0,78.0,22.54,85.0,68.0,No Heart Disease
P04150,Female,55,primaryschool,0,0.0,0.0,no,1,0,198.0,136.0,93.0,22.54,85.0,83.0,No Heart Disease
P04151,Female,62,uneducated,0,0.0,0.0,no,0,0,207.0,127.5,75.0,22.91,58.0,80.0,No Heart Disease
P04152,Female,36,primaryschool,1,15.0,0.0,no,0,0,257.0,103.0,72.5,27.86,80.0,65.0,No Heart Disease
P04153,Female,57,uneducated,0,0.0,0.0,no,1,0,212.0,147.0,85.0,35.19,65.0,85.0,No Heart Disease
P04154,Male,41,primaryschool,1,15.0,0.0,no,0,0,239.0,101.0,69.0,26.95,80.0,,No Heart Disease
P04155,Male,52,primaryschool,0,0.0,0.0,no,1,1,269.0,157.5,83.0,26.6,70.0,80.0,No Heart Disease
P04156,Male,47,postgraduate,1,43.0,0.0,no,0,0,227.0,126.0,84.0,19.14,68.0,74.0,Heart Disease
P04157,Female,38,postgraduate,0,0.0,0.0,no,0,0,227.0,99.0,62.0,27.16,75.0,90.0,No Heart Disease
P04158,Female,61,postgraduate,0,0.0,0.0,no,0,0,325.0,125.5,85.5,24.4,68.0,70.0,No Heart Disease
P04159,Female,69,primaryschool,0,0.0,1.0,no,1,0,220.0,143.0,81.0,26.27,60.0,77.0,No Heart Disease
P04160,Male,62,postgraduate,0,0.0,0.0,no,1,0,241.0,135.0,97.5,24.88,85.0,96.0,No Heart Disease
P04161,Female,56,graduate,1,20.0,0.0,no,0,0,240.0,112.5,71.5,24.99,72.0,,No Heart Disease
P04162,Female,37,graduate,1,40.0,0.0,no,0,0,224.0,109.0,72.0,22.81,77.0,93.0,No Heart Disease
P04163,Female,47,graduate,1,9.0,,no,0,0,221.0,127.5,75.0,23.78,69.0,73.0,No Heart Disease
P04164,Male,65,postgraduate,1,6.0,0.0,no,0,0,236.0,118.5,77.5,24.3,52.0,65.0,Heart Disease
P04165,Male,39,primaryschool,1,20.0,0.0,no,0,0,287.0,136.0,86.0,19.0,112.0,83.0,No Heart Disease
P04166,Female,44,uneducated,0,0.0,0.0,no,0,0,230.0,130.0,81.5,25.74,88.0,77.0,No Heart Disease
P04167,Male,57,postgraduate,0,0.0,0.0,no,0,0,194.0,133.0,78.0,29.02,72.0,92.0,No Heart Disease
P04168,Female,45,uneducated,0,0.0,0.0,no,0,0,235.0,106.0,58.0,26.79,75.0,79.0,No Heart Disease
P04169,Female,62,uneducated,0,0.0,1.0,no,1,0,325.0,180.0,108.0,35.16,75.0,81.0,No Heart Disease
P04170,Female,38,uneducated,1,20.0,0.0,no,0,0,214.0,101.0,70.0,21.83,75.0,77.0,No Heart Disease
P04171,Female,41,primaryschool,1,5.0,0.0,no,0,0,205.0,105.0,74.0,20.85,87.0,,No Heart Disease
P04172,Male,41,primaryschool,1,43.0,0.0,no,0,0,249.0,125.0,87.0,27.13,75.0,81.0,Heart Disease
P04173,Male,58,postgraduate,0,0.0,0.0,no,1,0,223.0,154.5,88.0,27.91,69.0,81.0,No Heart Disease
P04174,Female,54,primaryschool,0,0.0,0.0,no,1,0,302.0,210.0,127.5,31.98,68.0,79.0,No Heart Disease
P04175,Male,51,primaryschool,1,15.0,0.0,no,0,0,267.0,129.5,80.0,25.98,70.0,79.0,No Heart Disease
P04176,Male,52,uneducated,0,0.0,0.0,no,0,0,266.0,107.0,75.0,25.64,82.0,98.0,No Heart Disease
P04177,Female,41,postgraduate,0,0.0,0.0,no,0,0,199.0,111.0,70.0,21.99,65.0,82.0,No Heart Disease
P04178,Female,52,primaryschool,1,9.0,0.0,no,0,0,218.0,121.5,57.0,20.78,79.0,85.0,No Heart Disease
P04179,Male,41,graduate,1,30.0,0.0,no,0,0,210.0,132.5,85.0,28.62,68.0,70.0,No Heart Disease
P04180,Female,54,uneducated,0,0.0,0.0,no,0,0,207.0,137.5,89.0,25.43,63.0,72.0,No Heart Disease
P04181,Male,43,primaryschool,0,0.0,0.0,no,1,0,285.0,129.0,95.0,26.64,60.0,74.0,No Heart Disease
P04182,Male,38,primaryschool,0,0.0,0.0,no,0,0,235.0,121.0,83.0,25.85,92.0,75.0,No Heart Disease
P04183,Male,65,uneducated,0,0.0,0.0,no,1,0,196.0,157.0,86.0,26.36,70.0,80.0,No Heart Disease
P04184,Female,37,uneducated,0,0.0,0.0,no,0,0,208.0,118.5,70.0,25.09,70.0,85.0,No Heart Disease
P04185,Male,44,uneducated,1,20.0,0.0,no,0,0,232.0,137.5,87.5,30.03,88.0,70.0,No Heart Disease
P04186,Male,58,uneducated,0,0.0,0.0,no,0,0,,116.5,71.0,27.04,70.0,86.0,No Heart Disease
P04187,Female,49,graduate,1,8.0,0.0,no,0,0,215.0,106.0,63.0,19.22,60.0,66.0,No Heart Disease
P04188,Female,42,primaryschool,1,10.0,0.0,no,1,0,199.0,143.0,79.0,18.68,92.0,76.0,No Heart Disease
P04189,Female,44,graduate,0,0.0,0.0,no,0,0,180.0,110.0,70.0,23.98,92.0,67.0,Heart Disease
P04190,Male,54,primaryschool,1,20.0,0.0,no,0,0,261.0,117.0,74.0,20.88,80.0,77.0,Heart Disease
P04191,Female,41,uneducated,0,0.0,0.0,no,1,0,229.0,150.0,89.0,36.07,75.0,92.0,No Heart Disease
P04192,Female,37,graduate,1,15.0,0.0,no,0,0,173.0,101.0,69.0,20.02,63.0,73.0,No Heart Disease
P04193,Male,45,uneducated,1,20.0,0.0,no,0,0,241.0,129.0,80.0,27.11,65.0,65.0,Heart Disease
P04194,Female,63,uneducated,0,0.0,0.0,no,1,0,306.0,195.0,105.0,27.96,75.0,87.0,Heart Disease
P04195,Male,65,uneducated,1,20.0,1.0,no,1,0,246.0,179.0,96.0,19.34,95.0,76.0,Heart Disease
P04196,Female,40,primaryschool,1,9.0,0.0,no,0,0,207.0,124.0,78.0,22.9,46.0,66.0,No Heart Disease
P04197,Female,46,uneducated,0,0.0,0.0,no,0,0,222.0,116.0,80.0,24.62,75.0,87.0,No Heart Disease
P04198,Female,63,uneducated,0,0.0,0.0,no,1,0,257.0,170.0,105.0,25.49,79.0,87.0,No Heart Disease
P04199,Female,52,uneducated,1,30.0,0.0,no,1,0,240.0,157.5,105.0,29.64,72.0,80.0,No Heart Disease
P04200,Female,61,uneducated,0,0.0,0.0,no,0,0,271.0,133.0,83.0,25.31,90.0,60.0,Heart Disease
P04201,Female,38,primaryschool,0,0.0,0.0,no,0,0,169.0,115.0,60.0,26.87,65.0,60.0,No Heart Disease
P04202,Male,62,primaryschool,0,0.0,0.0,no,0,0,214.0,130.0,80.0,24.35,75.0,77.0,No Heart Disease
P04203,Female,42,primaryschool,0,0.0,0.0,no,1,0,236.0,160.5,100.0,27.01,85.0,74.0,No Heart Disease
P04204,Male,63,uneducated,1,10.0,0.0,no,0,1,240.0,146.0,84.0,30.48,75.0,120.0,No Heart Disease
P04205,Female,38,primaryschool,0,0.0,0.0,no,0,0,216.0,142.0,72.0,22.01,63.0,75.0,No Heart Disease
P04206,Female,46,uneducated,0,0.0,0.0,no,0,0,213.0,136.0,77.0,31.02,75.0,73.0,No Heart Disease
P04207,Female,43,primaryschool,1,15.0,0.0,no,0,0,190.0,103.0,67.5,24.08,89.0,69.0,No Heart Disease
P04208,Female,61,postgraduate,0,0.0,0.0,no,0,0,261.0,124.0,76.5,23.06,55.0,83.0,Heart Disease
P04209,Female,51,uneducated,1,9.0,0.0,no,0,0,340.0,152.0,76.0,25.74,70.0,,No Heart Disease
P04210,Male,65,primaryschool,0,0.0,0.0,no,0,0,286.0,135.0,80.0,28.06,70.0,116.0,No Heart Disease
P04211,Male,50,uneducated,0,0.0,0.0,no,0,0,282.0,126.5,88.0,27.3,85.0,87.0,No Heart Disease
P04212,Male,42,primaryschool,1,40.0,0.0,no,0,0,245.0,105.0,70.0,22.41,65.0,69.0,No Heart Disease
P04213,Male,48,primaryschool,1,43.0,0.0,no,1,0,209.0,144.0,88.0,29.11,84.0,60.0,No Heart Disease
P04214,Male,48,primaryschool,0,0.0,0.0,no,0,0,193.0,141.0,95.0,27.89,75.0,84.0,Heart Disease
P04215,Female,56,graduate,1,5.0,0.0,no,0,0,230.0,123.0,78.5,24.71,76.0,87.0,Heart Disease
P04216,Female,63,uneducated,0,0.0,0.0,no,1,1,236.0,155.0,82.0,39.17,78.0,79.0,No Heart Disease
P04217,Female,59,graduate,1,20.0,0.0,no,0,0,251.0,125.0,80.0,22.18,70.0,70.0,No Heart Disease
P04218,Female,63,uneducated,0,0.0,0.0,no,1,0,266.0,167.0,94.0,25.23,95.0,94.0,No Heart Disease
P04219,Female,52,uneducated,0,0.0,0.0,no,0,0,265.0,137.5,84.5,26.91,72.0,86.0,No Heart Disease
P04220,Male,48,uneducated,0,0.0,0.0,no,0,0,204.0,125.0,84.5,22.37,65.0,75.0,No Heart Disease
P04221,Male,60,uneducated,0,0.0,0.0,no,0,0,252.0,128.0,82.0,21.18,75.0,70.0,Heart Disease
P04222,Male,50,uneducated,0,0.0,0.0,no,0,0,260.0,119.0,74.0,21.85,80.0,72.0,Heart Disease
P04223,Male,53,graduate,0,0.0,0.0,no,1,0,289.0,188.0,110.0,26.7,70.0,63.0,No Heart Disease
P04224,Male,56,postgraduate,0,0.0,1.0,no,1,0,287.0,149.0,98.0,21.68,90.0,75.0,Heart Disease
P04225,Male,47,primaryschool,1,3.0,0.0,no,0,0,198.0,120.0,80.0,25.23,75.0,76.0,No Heart Disease
P04226,Male,45,postgraduate,1,43.0,0.0,no,0,0,216.0,137.5,85.0,24.24,83.0,105.0,No Heart Disease
P04227,Male,58,uneducated,0,0.0,0.0,no,0,0,233.0,125.5,84.0,26.05,67.0,76.0,Heart Disease
P04228,Male,43,postgraduate,1,20.0,0.0,no,0,0,187.0,129.5,88.0,25.62,80.0,75.0,No Heart Disease
P04229,Female,50,uneducated,0,0.0,0.0,no,1,1,260.0,190.0,130.0,43.67,85.0,260.0,No Heart Disease
P04230,Female,51,graduate,1,20.0,0.0,no,1,0,251.0,140.0,80.0,25.6,75.0,,No Heart Disease
P04231,Female,56,uneducated,1,3.0,0.0,no,1,0,268.0,170.0,102.0,22.89,57.0,,No Heart Disease
P04232,Male,58,graduate,0,0.0,0.0,no,1,0,187.0,141.0,81.0,24.96,80.0,81.0,No Heart Disease
P04233,Male,68,uneducated,0,0.0,0.0,no,1,0,176.0,168.0,97.0,23.14,60.0,79.0,Heart Disease
P04234,Male,50,uneducated,1,1.0,0.0,no,1,0,313.0,179.0,92.0,25.97,66.0,86.0,Heart Disease
P04235,Male,51,graduate,1,43.0,0.0,no,0,0,207.0,126.5,80.0,19.71,65.0,68.0,No Heart Disease
P04236,Female,48,primaryschool,1,20.0,,no,0,0,248.0,131.0,72.0,22.0,84.0,86.0,No Heart Disease
P04237,Female,44,uneducated,1,15.0,0.0,no,0,0,210.0,126.5,87.0,19.16,86.0,,No Heart Disease
P04238,Female,52,primaryschool,0,0.0,0.0,no,0,0,269.0,133.5,83.0,21.47,80.0,107.0,No Heart Disease
